Manufacturer,Model,Description,Transmission,Manual or Automatic,Engine Capacity,Fuel Type,Powertrain,Engine Power (PS),Engine Power (Kw),Electric energy consumption Miles/kWh,wh/km,Maximum range (Km),Maximum range (Miles),Euro Standard,Diesel VED Supplement,Testing Scheme,WLTP Imperial Low,WLTP Imperial Medium,WLTP Imperial High,WLTP Imperial Extra High,WLTP Imperial Combined,WLTP Imperial Combined (Weighted),WLTP Metric Low,WLTP Metric Medium,WLTP Metric High,WLTP Metric Extra High,WLTP Metric Combined,WLTP Metric Combined (Weighted),WLTP CO2,WLTP CO2 Weighted,Equivalent All Electric Range Miles,Equivalent All Electric Range KM,Electric Range City Miles,Electric Range City Km,Emissions CO [mg/km],THC Emissions [mg/km],Emissions NOx [mg/km],THC + NOx Emissions [mg/km],Particulates [No.] [mg/km],RDE NOx Urban,RDE NOx Combined,Noise Level dB(A),Date of change,
ABARTH,500e MY23/24,114kW Electric (VL),A1,Electric - Not Applicable,0,Electricity,Battery Electric Vehicle (BEV) / Pure Electric Vehicle / Electric Vehicle (EV),155,114,3.6,172,264,164,Euro 6-WLTP (for BEVs only),False,WLTP,0,0,0,0,0,0,0,0,0,0,0,0,0,0,0,,223,359,0,,,,,,,68.0,17 October 2024,
ABARTH,500e MY23/24,114kW Electric (VH),A1,Electric - Not Applicable,0,Electricity,Battery Electric Vehicle (BEV) / Pure Electric Vehicle / Electric Vehicle (EV),155,114,3.3,187,244,152,Euro 6-WLTP (for BEVs only),False,WLTP,0,0,0,0,0,0,0,0,0,0,0,0,0,0,0,,205,330,0,,,,,,,68.0,17 October 2024,
ABARTH,500e MY23/24,114kW Electric Convertible (VL),A1,Electric - Not Applicable,0,Electricity,Battery Electric Vehicle (BEV) / Pure Electric Vehicle / Electric Vehicle (EV),155,114,3.6,172,264,164,Euro 6-WLTP (for BEVs only),False,WLTP,0,0,0,0,0,0,0,0,0,0,0,0,0,0,0,,223,359,0,,,,,,,68.0,17 October 2024,
ABARTH,500e MY23/24,114kW Electric Convertible (VH),A1,Electric - Not Applicable,0,Electricity,Battery Electric Vehicle (BEV) / Pure Electric Vehicle / Electric Vehicle (EV),155,114,3.3,187,244,152,Euro 6-WLTP (for BEVs only),False,WLTP,0,0,0,0,0,0,0,0,0,0,0,0,0,0,0,,205,330,0,,,,,,,68.0,17 October 2024,
ABARTH,595 MY23,Turismo 1.4 Tjet 165 hp Manual (VL),M5,Manual,1368,Petrol,Internal Combustion Engine (ICE),165,121,0,,,,Euro 6d,False,WLTP,28.8,43.3,47,47,40.6,0,9.8,6.5,6,6,7,0,157,0,,,,,688,66,28,,,60,60,69.0,17 October 2024,
ABARTH,595 MY23,Turismo 1.4 Tjet 165 hp Manual (VH),M5,Manual,1368,Petrol,Internal Combustion Engine (ICE),165,121,0,,,,Euro 6d,False,WLTP,27.8,42.1,45.5,38.4,38.4,0,10.1,6.7,6.2,7.4,7.4,0,163,0,,,,,688,66,28,,,60,60,69.0,17 October 2024,
ABARTH,595 MY23,Turismo 1.4 Tjet 165 hp Manual Convertible (VL),M5,Manual,1368,Petrol,Internal Combustion Engine (ICE),165,121,0,,,,Euro 6d,False,WLTP,28.8,43.3,47,47,40.6,0,9.8,6.5,6,6,7,0,157,0,,,,,688,66,28,,,60,60,69.0,17 October 2024,
ABARTH,595 MY23,Turismo 1.4 Tjet 165 hp Manual Convertible (VH),M5,Manual,1368,Petrol,Internal Combustion Engine (ICE),165,121,0,,,,Euro 6d,False,WLTP,27.8,42.1,45.5,38.4,38.4,0,10.1,6.7,6.2,7.4,7.4,0,163,0,,,,,688,66,28,,,60,60,69.0,17 October 2024,
ABARTH,695 MY22,Turismo 1.4 Tjet 180 hp Manual (VH only),M5,Manual,1368,Petrol,Internal Combustion Engine (ICE),179,132,0,,,,Euro 6d,False,WLTP,26.9,42.4,46.1,39,39.2,0,10.5,6.7,6.1,7.2,7.2,0,162,0,,,,,657,66,21,,,60,60,69.0,17 October 2024,
ABARTH,695 MY23,Turismo 1.4 Tjet 180 hp MTA Convertible (VL),SA5,Manual,1368,Petrol,Internal Combustion Engine (ICE),179,132,0,,,,Euro 6d,False,WLTP,25.4,39.7,45.5,40.3,38.5,0,11.1,7.1,6.2,7,7.3,0,165,0,,,,,904,55,20,,,60,60,69.0,29 September 2023,
ABARTH,695 MY23,Turismo 1.4 Tjet 180 hp MTA Convertible (VH),SA5,Manual,1368,Petrol,Internal Combustion Engine (ICE),179,132,0,,,,Euro 6d,False,WLTP,25.6,38.8,44.4,37.8,37.4,0,11,7.3,6.4,7.5,7.6,0,170,0,,,,,904,55,20,,,60,60,69.0,29 September 2023,
ABARTH,695 MY23,1.4 Tjet 180 hp MTA Convertible (VL),SA5,Manual,1368,Petrol,Internal Combustion Engine (ICE),179,132,0,,,,Euro 6d,False,WLTP,25.4,39.7,45.5,40.3,38.5,0,11.1,7.1,6.2,7,7.3,0,165,0,,,,,904,55,20,,,60,60,69.0,17 October 2024,
ABARTH,695 MY23,1.4 Tjet 180 hp MTA Convertible (VH),SA5,Manual,1368,Petrol,Internal Combustion Engine (ICE),179,132,0,,,,Euro 6d,False,WLTP,25.6,38.8,44.4,37.8,37.4,0,11,7.3,6.4,7.5,7.6,0,170,0,,,,,904,55,20,,,60,60,69.0,17 October 2024,
ABARTH,695 MY24,75th Anniversario 1.4 180hp 3dr (VH only),M5,Manual,1368,Petrol,Internal Combustion Engine (ICE),179,132,0,,,,Euro 6d,False,WLTP,26.9,42.4,46.1,39,39.2,0,10.5,6.7,6.1,7.2,7.2,0,162,0,,,,,657,66,21,,,60,60,69.0,17 October 2024,
ALFA ROMEO,Giulia MY24,2.0 TURBO PETROL 280HP SPRINT (VL),A8,Automatic,1995,Petrol,Internal Combustion Engine (ICE),280,206,0,,,,Euro 6 EA,False,WLTP,24.7,39.4,48.8,43.6,40,0,11.5,7.2,5.8,6.5,7.1,0,160,0,,,,,362,32,17,,0.12,60,60,67.0,16 October 2024,
ALFA ROMEO,Giulia MY24,2.0 TURBO PETROL 280HP SPRINT (VH),A8,Automatic,1995,Petrol,Internal Combustion Engine (ICE),280,206,0,,,,Euro 6 EA,False,WLTP,23.6,35.7,43.8,39.9,36.6,0,12,7.9,6.5,7.1,7.7,0,174,0,,,,,362,32,17,,0.12,60,60,67.0,16 October 2024,
ALFA ROMEO,Giulia MY24,2.0 TURBO PETROL 280HP VELOCE (VL),A8,Automatic,1995,Petrol,Internal Combustion Engine (ICE),280,206,0,,,,Euro 6 EA,False,WLTP,24.7,39.4,48.8,43.6,40,0,11.5,7.2,5.8,6.5,7.1,0,160,0,,,,,362,32,17,,0.12,60,60,67.0,16 October 2024,
ALFA ROMEO,Giulia MY24,2.0 TURBO PETROL 280HP VELOCE (VH),A8,Automatic,1995,Petrol,Internal Combustion Engine (ICE),280,206,0,,,,Euro 6 EA,False,WLTP,23.6,35.7,43.8,39.9,36.6,0,12,7.9,6.5,7.1,7.7,0,174,0,,,,,362,32,17,,0.12,60,60,67.0,16 October 2024,
ALFA ROMEO,Giulia MY24,2.0 TURBO PETROL 280HP Tributo Italiano (VL),A8,Automatic,1995,Petrol,Internal Combustion Engine (ICE),280,206,0,,,,Euro 6 EA,False,WLTP,24.7,39.4,48.8,43.6,40,0,11.5,7.2,5.8,6.5,7.1,0,160,0,,,,,362,32,17,,0.12,60,60,67.0,16 October 2024,
ALFA ROMEO,Giulia MY24,2.0 TURBO PETROL 280HP Tributo Italiano (VH),A8,Automatic,1995,Petrol,Internal Combustion Engine (ICE),280,206,0,,,,Euro 6 EA,False,WLTP,23.6,35.7,43.8,39.9,36.6,0,12,7.9,6.5,7.1,7.7,0,174,0,,,,,362,32,17,,0.12,60,60,67.0,16 October 2024,
ALFA ROMEO,Giulia MY24,2.9 V6 Bi -Turbo 520hp Quadrifoglio (VL),A8,Automatic,2891,Petrol,Internal Combustion Engine (ICE),512,382,0,,,,Euro 6 EA,False,WLTP,18.1,27.7,32.5,30.4,28,0,15.6,10.2,8.7,9.3,10.1,0,229,0,,,,,505,34,17,,0.12,60,60,71.0,16 October 2024,
ALFA ROMEO,Giulia MY24,2.9 V6 Bi -Turbo 520hp Quadrifoglio (VH),A8,Automatic,2891,Petrol,Internal Combustion Engine (ICE),512,382,0,,,,Euro 6 EA,False,WLTP,17.5,26.4,31,29.7,26.9,0,16.1,10.7,9.1,9.5,10.5,0,237,0,,,,,505,34,17,,0.12,60,60,71.0,16 October 2024,
ALFA ROMEO,Junior MY24,ELETTRICA 156 (VL),A1,Electric - Not Applicable,0,Electricity,Battery Electric Vehicle (BEV) / Pure Electric Vehicle / Electric Vehicle (EV),156,115,4.3,142,436,271,Euro 6-WLTP (for BEVs only),False,WLTP,0,0,0,0,0,0,0,0,0,0,0,0,0,0,0,,375,603,0,,,,,,,66.0,16 October 2024,
ALFA ROMEO,Junior MY24,ELETTRICA 156 (VH),A1,Electric - Not Applicable,0,Electricity,Battery Electric Vehicle (BEV) / Pure Electric Vehicle / Electric Vehicle (EV),156,115,3.7,167,366,227,Euro 6-WLTP (for BEVs only),False,WLTP,0,0,0,0,0,0,0,0,0,0,0,0,0,0,0,,327,527,0,,,,,,,66.0,16 October 2024,
ALFA ROMEO,Stelvio MY24,2.0 TURBO PETROL 280HP Q4 SPRINT (VL),A8,Automatic,1995,Petrol,Internal Combustion Engine (ICE),280,206,0,,,,Euro 6 EA,False,WLTP,23.2,34.4,40.7,34.9,34,0,12.2,8.2,6.9,8.1,8.3,0,189,0,,,,,638,40,26,,0.17,60,60,68.0,16 October 2024,
ALFA ROMEO,Stelvio MY24,2.0 TURBO PETROL 280HP Q4 SPRINT (VH),A8,Automatic,1995,Petrol,Internal Combustion Engine (ICE),280,206,0,,,,Euro 6 EA,False,WLTP,22.1,31,36.4,30.9,30.7,0,12.8,9.1,7.8,9.1,9.2,0,209,0,,,,,638,40,26,,0.17,60,60,68.0,16 October 2024,
ALFA ROMEO,Stelvio MY24,2.2 TURBO DIESEL 210HP Q4 SPRINT (VL),A8,Automatic,2143,Diesel,Internal Combustion Engine (ICE),209,154,0,,,,Euro 6 EA,True,WLTP,36.7,48.1,54.9,45.6,47,0,7.7,5.9,5.1,6.2,6,0,157,0,,,,,50,,27,31,0.32,80,80,69.0,16 October 2024,
ALFA ROMEO,Stelvio MY24,2.2 TURBO DIESEL 210HP Q4 SPRINT (VH),A8,Automatic,2143,Diesel,Internal Combustion Engine (ICE),209,154,0,,,,Euro 6 EA,True,WLTP,34.7,43.6,48.9,41.3,42.7,0,8.1,6.5,5.8,6.8,6.6,0,173,0,,,,,50,,27,31,0.32,80,80,69.0,16 October 2024,
ALFA ROMEO,Stelvio MY24,2.0 TURBO PETROL 280HP Q4 VELOCE (VL),A8,Automatic,1995,Petrol,Internal Combustion Engine (ICE),280,206,0,,,,Euro 6 EA,False,WLTP,23.2,34.4,40.7,34.9,34,0,12.2,8.2,6.9,8.1,8.3,0,189,0,,,,,638,40,26,,0.17,60,60,68.0,16 October 2024,
ALFA ROMEO,Stelvio MY24,2.0 TURBO PETROL 280HP Q4 VELOCE (VH),A8,Automatic,1995,Petrol,Internal Combustion Engine (ICE),280,206,0,,,,Euro 6 EA,False,WLTP,22.1,31,36.4,30.9,30.7,0,12.8,9.1,7.8,9.1,9.2,0,209,0,,,,,638,40,26,,0.17,60,60,68.0,16 October 2024,
ALFA ROMEO,Stelvio MY24,2.2 TURBO DIESEL 210HP Q4 VELOCE (VL),A8,Automatic,2143,Diesel,Internal Combustion Engine (ICE),209,154,0,,,,Euro 6 EA,True,WLTP,36.7,48.1,54.9,45.6,47,0,7.7,5.9,5.1,6.2,6,0,157,0,,,,,50,,27,31,0.32,80,80,69.0,16 October 2024,
ALFA ROMEO,Stelvio MY24,2.2 TURBO DIESEL 210HP Q4 VELOCE (VH),A8,Automatic,2143,Diesel,Internal Combustion Engine (ICE),209,154,0,,,,Euro 6 EA,True,WLTP,34.7,43.6,48.9,41.3,42.7,0,8.1,6.5,5.8,6.8,6.6,0,173,0,,,,,50,,27,31,0.32,80,80,69.0,16 October 2024,
ALFA ROMEO,Stelvio MY24,2.0 TURBO PETROL 280HP Q4 TRIBUTO ITALIANO (VL),A8,Automatic,1995,Petrol,Internal Combustion Engine (ICE),280,206,0,,,,Euro 6 EA,False,WLTP,23.2,34.4,40.7,34.9,34,0,12.2,8.2,6.9,8.1,8.3,0,189,0,,,,,638,40,26,,0.17,60,60,68.0,16 October 2024,
ALFA ROMEO,Stelvio MY24,2.0 TURBO PETROL 280HP Q4  TRIBUTO ITALIANO (VH),A8,Automatic,1995,Petrol,Internal Combustion Engine (ICE),280,206,0,,,,Euro 6 EA,False,WLTP,22.1,31,36.4,30.9,30.7,0,12.8,9.1,7.8,9.1,9.2,0,209,0,,,,,638,40,26,,0.17,60,60,68.0,16 October 2024,
ALFA ROMEO,Stelvio MY24,2.2 TURBO DIESEL 210HP Q4  TRIBUTO ITALIANO (VL),A8,Automatic,2143,Diesel,Internal Combustion Engine (ICE),209,154,0,,,,Euro 6 EA,True,WLTP,36.7,48.1,54.9,45.6,47,0,7.7,5.9,5.1,6.2,6,0,157,0,,,,,50,,27,31,0.32,80,80,69.0,16 October 2024,
ALFA ROMEO,Stelvio MY24,2.2 TURBO DIESEL 210HP Q4  TRIBUTO ITALIANO (VH),A8,Automatic,2143,Diesel,Internal Combustion Engine (ICE),209,154,0,,,,Euro 6 EA,True,WLTP,34.7,43.6,48.9,41.3,42.7,0,8.1,6.5,5.8,6.8,6.6,0,173,0,,,,,50,,27,31,0.32,80,80,69.0,16 October 2024,
ALFA ROMEO,Stelvio MY24,2.9 V6 Bi -Turbo 520hp Quadrifoglio (VH),A8,Automatic,2891,Petrol,Internal Combustion Engine (ICE),519,382,0,,,,Euro 6 EA,False,WLTP,16.1,23.7,28,25.2,23.9,0,17.5,11.9,10.1,11.2,11.8,0,267,0,,,,,593,33,19,,0.26,60,60,68.0,16 October 2024,
ALFA ROMEO,Tonale MY24,1.3 PHEV 280 AT Q4 Tributo Italiano,A6,Automatic,1332,Electricity / Petrol,Plug-in Hybrid Electric Vehicle (PHEV),280,206,2.2,277,52,32,Euro 6 EA,False,WLTP,34.4,42.2,42.8,32.5,37.2,165.7,8.2,6.7,6.6,8.7,7.6,1.7,171,39,32,52,45,73,472,25,12,,0.14,60,60,68.0,16 October 2024,
ALFA ROMEO,Tonale MY24,1.5 MHEV 160 DCT Sprint,A7,Automatic,1469,Petrol Electric,Mild Hybrid Electric Vehicle (MHEV),160,118,0,,,,Euro 6 EA,False,WLTP,45.4,56.5,56.6,44.6,50.1,0,6.2,5,5,6.3,5.6,0,127,0,,,,,461,37,9,,0.32,60,60,67.0,16 October 2024,
ALFA ROMEO,Tonale MY24,1.5 MHEV 160 DCT Sprint,A7,Automatic,1469,Petrol Electric,Mild Hybrid Electric Vehicle (MHEV),160,118,0,,,,Euro 6 EA,False,WLTP,41.5,51.6,50.9,37.8,44.3,0,6.8,5.5,5.5,7.5,6.4,0,144,0,,,,,461,37,9,,0.32,60,60,67.0,16 October 2024,
ALFA ROMEO,Tonale MY24,1.5 MHEV 160 DCT Veloce,A7,Automatic,1469,Petrol Electric,Mild Hybrid Electric Vehicle (MHEV),160,118,0,,,,Euro 6 EA,False,WLTP,45.4,56.5,56.6,44.6,50.1,0,6.2,5,5,6.3,5.6,0,127,0,,,,,461,37,9,,0.32,60,60,67.0,16 October 2024,
ALFA ROMEO,Tonale MY24,1.5 MHEV 160 DCT Veloce,A7,Automatic,1469,Petrol Electric,Mild Hybrid Electric Vehicle (MHEV),160,118,0,,,,Euro 6 EA,False,WLTP,41.5,51.6,50.9,37.8,44.3,0,6.8,5.5,5.5,7.5,6.4,0,144,0,,,,,461,37,9,,0.32,60,60,67.0,16 October 2024,
ALFA ROMEO,Tonale MY24,1.5 MHEV 160 DCT Tributo Italiano,A7,Automatic,1469,Petrol Electric,Mild Hybrid Electric Vehicle (MHEV),160,118,0,,,,Euro 6 EA,False,WLTP,45.4,56.5,56.6,44.6,50.1,0,6.2,5,5,6.3,5.6,0,127,0,,,,,461,37,9,,0.32,60,60,67.0,16 October 2024,
ALFA ROMEO,Tonale MY24,1.5 MHEV 160 DCT Tributo Italiano,A7,Automatic,1469,Petrol Electric,Mild Hybrid Electric Vehicle (MHEV),160,118,0,,,,Euro 6 EA,False,WLTP,41.5,51.6,50.9,37.8,44.3,0,6.8,5.5,5.5,7.5,6.4,0,144,0,,,,,461,37,9,,0.32,60,60,67.0,16 October 2024,
ALFA ROMEO,Tonale MY24,1.3 PHEV 280 AT Q4 Sprint,A6,Automatic,1332,Electricity / Petrol,Plug-in Hybrid Electric Vehicle (PHEV),280,206,2.6,231,62,39,Euro 6 EA,False,WLTP,36.7,47.1,47.9,36.2,41.5,214,7.7,6,5.9,7.8,6.8,1.3,153,30,39,62,53,85,472,25,12,,0.14,60,60,68.0,16 October 2024,
ALFA ROMEO,Tonale MY24,1.3 PHEV 280 AT Q4 Sprint,A6,Automatic,1332,Electricity / Petrol,Plug-in Hybrid Electric Vehicle (PHEV),280,206,2.2,277,52,32,Euro 6 EA,False,WLTP,34.4,42.2,42.8,32.5,37.2,165.7,8.2,6.7,6.6,8.7,7.6,1.7,171,39,32,52,45,73,472,25,12,,0.14,60,60,68.0,16 October 2024,
ALFA ROMEO,Tonale MY24,1.3 PHEV 280 AT Q4 Veloce,A6,Automatic,1332,Electricity / Petrol,Plug-in Hybrid Electric Vehicle (PHEV),280,206,2.6,231,62,39,Euro 6 EA,False,WLTP,36.7,47.1,47.9,36.2,41.5,214,7.7,6,5.9,7.8,6.8,1.3,153,30,39,62,53,85,472,25,12,,0.14,60,60,68.0,16 October 2024,
ALFA ROMEO,Tonale MY24,1.3 PHEV 280 AT Q4 Veloce,A6,Automatic,1332,Electricity / Petrol,Plug-in Hybrid Electric Vehicle (PHEV),280,206,2.2,277,52,32,Euro 6 EA,False,WLTP,34.4,42.2,42.8,32.5,37.2,165.7,8.2,6.7,6.6,8.7,7.6,1.7,171,39,32,52,45,73,472,25,12,,0.14,60,60,68.0,16 October 2024,
ALFA ROMEO,Tonale MY24,1.3 PHEV 280 AT Q4 Tributo Italiano,A6,Automatic,1332,Electricity / Petrol,Plug-in Hybrid Electric Vehicle (PHEV),280,206,2.6,231,62,39,Euro 6 EA,False,WLTP,36.7,47.1,47.9,36.2,41.5,214,7.7,6,5.9,7.8,6.8,1.3,153,30,39,62,53,85,472,25,12,,0.14,60,60,68.0,16 October 2024,
ALPINE,A110,A110,A7,Automatic,1798,Petrol,Internal Combustion Engine (ICE),252,185,0,,,,Euro 6d,False,WLTP,27.4,44.8,49.6,42.2,41.5,0,10.3,6.3,5.7,6.7,6.8,0,154,0,,,,,229,11,11,,,,,69.0,09 September 2025,
ALPINE,A110,A110,A7,Automatic,1798,Petrol,Internal Combustion Engine (ICE),251,185,0,,,,Euro 6d,False,WLTP,27.4,44.8,49.6,42.2,41.5,0,10.3,6.3,5.7,6.7,6.8,0,154,0,,,,,229,11,11,,,60,60,69.0,03 March 2023,
ALPINE,A110,A110 Color Edition DFull,A7,Automatic,1798,Petrol,Internal Combustion Engine (ICE),292,215,0,,,,Euro 6d,False,WLTP,25.9,43.5,48.7,42.2,40.9,0,10.9,6.5,5.8,6.7,6.9,0,157,0,,,,,216,11,18,,,60,60,72.0,03 March 2023,
ALPINE,A110,A110 Color Edition DFull,A7,Automatic,1798,Petrol,Internal Combustion Engine (ICE),292,215,0,,,,Euro 6d,False,WLTP,25.7,43.5,48.7,42.2,40.9,0,11,6.5,5.8,6.7,6.9,0,157,0,,,,,216,11,18,,,60,60,72.0,03 March 2023,
ALPINE,A110,A110 GT,A7,Automatic,1798,Petrol,Internal Combustion Engine (ICE),300,221,0,,,,Euro 6d,False,WLTP,27.4,44.1,49.6,42.8,41.5,0,10.3,6.4,5.7,6.6,6.8,0,154,0,,,,,204,11,12,,,60,60,72.0,03 March 2023,
ALPINE,A110,A110 GT,A7,Automatic,1798,Petrol,Internal Combustion Engine (ICE),300,221,0,,,,Euro 6d,False,WLTP,27.4,44.1,48.7,42.2,41.5,0,10.3,6.4,5.8,6.7,6.8,0,155,0,,,,,204,11,12,,,60,60,72.0,03 March 2023,
ALPINE,A110,A110 GT J. Rédélé Limited Edition,A7,Automatic,1798,Petrol,Internal Combustion Engine (ICE),300,221,0,,,,Euro 6d,False,WLTP,27.4,44.1,48.7,42.8,41.5,0,10.3,6.4,5.8,6.6,6.8,0,154,0,,,,,204,11,12,,,60,60,72.0,03 March 2023,
ALPINE,A110,A110 GT J. Rédélé Limited Edition,A7,Automatic,1798,Petrol,Internal Combustion Engine (ICE),300,221,0,,,,Euro 6d,False,WLTP,27.4,44.1,48.7,42.8,41.5,0,10.3,6.4,5.8,6.6,6.8,0,154,0,,,,,204,11,12,,,60,60,72.0,03 March 2023,
ALPINE,A110,A110 Légende DFull,A7,Automatic,1798,Petrol,Internal Combustion Engine (ICE),251,185,0,,,,Euro 6d,False,WLTP,27.4,44.8,49.6,42.8,42.2,0,10.3,6.3,5.7,6.6,6.7,0,153,0,,,,,229,11,11,,,60,60,69.0,03 March 2023,
ALPINE,A110,A110 Légende DFull,A7,Automatic,1798,Petrol,Internal Combustion Engine (ICE),251,185,0,,,,Euro 6d,False,WLTP,27.4,44.8,49.6,42.2,41.5,0,10.3,6.3,5.7,6.7,6.8,0,154,0,,,,,229,11,11,,,60,60,69.0,03 March 2023,
ALPINE,A110,A110 Légende GT DFull,A7,Automatic,1798,Petrol,Internal Combustion Engine (ICE),251,185,0,,,,Euro 6d,False,WLTP,27.4,44.8,49.6,42.8,41.5,0,10.3,6.3,5.7,6.6,6.8,0,153,0,,,,,229,11,11,,,60,60,69.0,03 March 2023,
ALPINE,A110,A110 Légende GT DFull,A7,Automatic,1798,Petrol,Internal Combustion Engine (ICE),251,185,0,,,,Euro 6d,False,WLTP,27.4,44.8,49.6,42.8,41.5,0,10.3,6.3,5.7,6.6,6.8,0,153,0,,,,,229,11,11,,,60,60,69.0,03 March 2023,
ALPINE,A110,A110 Légende GT 2021 DFull,A7,Automatic,1798,Petrol,Internal Combustion Engine (ICE),292,215,0,,,,Euro 6d,False,WLTP,26.9,44.1,49.6,43.5,41.5,0,10.5,6.4,5.7,6.5,6.8,0,154,0,,,,,216,11,18,,,60,60,72.0,03 March 2023,
ALPINE,A110,A110 Légende GT 2021 DFull,A7,Automatic,1798,Petrol,Internal Combustion Engine (ICE),292,215,0,,,,Euro 6d,False,WLTP,26.6,44.1,49.6,42.8,41.5,0,10.6,6.4,5.7,6.6,6.8,0,154,0,,,,,216,11,18,,,60,60,72.0,03 March 2023,
ALPINE,A110,A110 Pure DFull,A7,Automatic,1798,Petrol,Internal Combustion Engine (ICE),251,185,0,,,,Euro 6d,False,WLTP,27.4,45.6,50.4,42.8,42.2,0,10.3,6.2,5.6,6.6,6.7,0,152,0,,,,,229,11,11,,,60,60,69.0,03 March 2023,
ALPINE,A110,A110 Pure DFull,A7,Automatic,1798,Petrol,Internal Combustion Engine (ICE),251,185,0,,,,Euro 6d,False,WLTP,27.4,44.8,49.6,42.2,41.5,0,10.3,6.3,5.7,6.7,6.8,0,153,0,,,,,229,11,11,,,60,60,69.0,03 March 2023,
ALPINE,A110,A110 R,A7,Automatic,1798,Petrol,Internal Combustion Engine (ICE),300,221,0,,,,Euro 6d,False,WLTP,27.7,44.1,48.7,42.2,41.5,0,10.2,6.4,5.8,6.7,6.8,0,155,0,,,,,0,0,0,0,,0,0,73.0,07 June 2023,
ALPINE,A110,A110 R,A7,Automatic,1798,Petrol,Internal Combustion Engine (ICE),300,221,0,,,,Euro 6d,False,WLTP,27.4,44.1,48.7,42.2,41.5,0,10.3,6.4,5.8,6.7,6.8,0,155,0,,,,,0,0,0,0,,0,0,73.0,07 June 2023,
ALPINE,A110,A110 S,A7,Automatic,1798,Petrol,Internal Combustion Engine (ICE),300,221,0,,,,Euro 6d,False,WLTP,27.4,44.1,49.6,42.8,41.5,0,10.3,6.4,5.7,6.6,6.8,0,153,0,,,,,204,11,12,,,60,60,72.0,03 March 2023,
ALPINE,A110,A110 S,A7,Automatic,1798,Petrol,Internal Combustion Engine (ICE),300,221,0,,,,Euro 6d,False,WLTP,26.9,43.5,47.1,40.4,40.4,0,10.5,6.5,6,7,7,0,160,0,,,,,204,11,12,,,60,60,72.0,03 March 2023,
ALPINE,A110,A110 San Remo 73,A7,Automatic,1798,Petrol,Internal Combustion Engine (ICE),300,221,0,,,,Euro 6d,False,WLTP,27.4,44.1,49.6,42.8,41.5,0,10.3,6.4,5.7,6.6,6.8,0,154,0,,,,,0,0,0,0,,0,0,72.0,07 June 2023,
ALPINE,A110,A110 San Remo 73,A7,Automatic,1798,Petrol,Internal Combustion Engine (ICE),300,221,0,,,,Euro 6d,False,WLTP,27.4,44.1,49.6,42.8,41.5,0,10.3,6.4,5.7,6.6,6.8,0,154,0,,,,,0,0,0,0,,0,0,72.0,07 June 2023,
ALPINE,A110,A110 S DFull,A7,Automatic,1798,Petrol,Internal Combustion Engine (ICE),292,215,0,,,,Euro 6d,False,WLTP,25.7,43.5,48.7,42.2,40.9,0,11,6.5,5.8,6.7,6.9,0,157,0,,,,,216,11,18,,,60,60,72.0,03 March 2023,
ALPINE,A110,A110 S DFull,A7,Automatic,1798,Petrol,Internal Combustion Engine (ICE),292,215,0,,,,Euro 6d,False,WLTP,25.9,44.1,48.7,42.2,40.9,0,10.9,6.4,5.8,6.7,6.9,0,157,0,,,,,216,11,18,,,60,60,72.0,03 March 2023,
ALPINE,A110,A110 Tour de Corse Edition,A7,Automatic,1798,Petrol,Internal Combustion Engine (ICE),300,221,0,,,,Euro 6d,False,WLTP,27.4,44.1,49.6,42.8,41.5,0,10.3,6.4,5.7,6.6,6.8,0,154,0,,,,,204,11,12,,,60,60,72.0,03 March 2023,
ALPINE,A110,A110 Tour de Corse Edition,A7,Automatic,1798,Petrol,Internal Combustion Engine (ICE),300,221,0,,,,Euro 6d,False,WLTP,27.4,44.1,49.6,42.8,41.5,0,10.3,6.4,5.7,6.6,6.8,0,154,0,,,,,204,11,12,,,60,60,72.0,03 March 2023,
ALPINE,A110,Color Edition 2020,A7,Automatic,1799,Petrol,Internal Combustion Engine (ICE),292,215,0,,,,Euro 6d-TEMP,False,WLTP,26.9,40.9,46.3,39.8,39.2,0,10.5,6.9,6.1,7.1,7.2,0,163,0,,,,,212,11,12,,,,,71.0,03 March 2023,
ALPINE,A110,Color Edition 2020,A7,Automatic,1799,Petrol,Internal Combustion Engine (ICE),292,215,0,,,,Euro 6d-TEMP,False,WLTP,26.9,40.9,46.3,39.8,39.2,0,10.5,6.9,6.1,7.1,7.2,0,163,0,,,,,212,11,12,,,,,71.0,03 March 2023,
ALPINE,A110,Légende,A7,Automatic,1798,Petrol,Internal Combustion Engine (ICE),251,185,0,,,,Euro 6d-TEMP,False,WLTP,26.6,40.4,45.6,38.7,38.7,0,10.6,7,6.2,7.3,7.3,0,166,0,,,,,281,14,13,,,,,71.0,03 March 2023,
ALPINE,A110,Légende,A7,Automatic,1798,Petrol,Internal Combustion Engine (ICE),251,185,0,,,,Euro 6d-TEMP,False,WLTP,26.9,40.9,46.3,40.4,39.2,0,10.5,6.9,6.1,7,7.2,0,162,0,,,,,230,14,12,,,,,71.0,03 March 2023,
ALPINE,A110,Légende,A7,Automatic,1798,Petrol,Internal Combustion Engine (ICE),251,185,0,,,,Euro 6d-TEMP,False,WLTP,28.2,43.5,48.7,40.9,40.9,0,10,6.5,5.8,6.9,6.9,0,156,0,,,,,549,18,19,,,126,126,71.0,03 March 2023,
ALPINE,A110,Légende,A7,Automatic,1798,Petrol,Internal Combustion Engine (ICE),251,185,0,,,,Euro 6d-TEMP,False,WLTP,28.2,43.5,48.7,40.9,40.9,0,10,6.5,5.8,6.9,6.9,0,156,0,,,,,549,18,19,,,126,126,71.0,03 March 2023,
ALPINE,A110,Légende GT,A7,Automatic,1798,Petrol,Internal Combustion Engine (ICE),251,185,0,,,,Euro 6d-TEMP,False,WLTP,26.9,40.9,46.3,40.4,39.2,0,10.5,6.9,6.1,7,7.2,0,162,0,,,,,281,14,13,,,,,71.0,03 March 2023,
ALPINE,A110,Légende GT,A7,Automatic,1798,Petrol,Internal Combustion Engine (ICE),251,185,0,,,,Euro 6d-TEMP,False,WLTP,26.9,40.9,46.3,40.4,39.2,0,10.5,6.9,6.1,7,7.2,0,162,0,,,,,281,14,13,,,,,71.0,03 March 2023,
ALPINE,A110,Pure,A7,Automatic,1798,Petrol,Internal Combustion Engine (ICE),251,185,0,,,,Euro 6d-TEMP,False,WLTP,26.6,40.4,45.6,38.7,38.7,0,10.6,7,6.2,7.3,7.3,0,166,0,,,,,281,14,13,,,,,71.0,03 March 2023,
ALPINE,A110,Pure,A7,Automatic,1798,Petrol,Internal Combustion Engine (ICE),251,185,0,,,,Euro 6d-TEMP,False,WLTP,26.9,40.9,46.3,40.4,39.2,0,10.5,6.9,6.1,7,7.2,0,162,0,,,,,230,14,12,,,,,71.0,03 March 2023,
ALPINE,A110,Pure,A7,Automatic,1798,Petrol,Internal Combustion Engine (ICE),251,185,0,,,,Euro 6d-TEMP,False,WLTP,28.2,43.5,48.7,40.9,40.9,0,10,6.5,5.8,6.9,6.9,0,156,0,,,,,549,18,19,,,126,126,71.0,03 March 2023,
ALPINE,A110,Pure,A7,Automatic,1798,Petrol,Internal Combustion Engine (ICE),251,185,0,,,,Euro 6d-TEMP,False,WLTP,28.2,43.5,48.7,40.9,40.9,0,10,6.5,5.8,6.9,6.9,0,156,0,,,,,549,18,19,,,126,126,71.0,03 March 2023,
ALPINE,A110,S,A7,Automatic,1798,Petrol,Internal Combustion Engine (ICE),292,215,0,,,,Euro 6d-TEMP,False,WLTP,25.2,39.8,45.6,39.2,38.2,0,11.2,7.1,6.2,7.2,7.4,0,168,0,,,,,275,15,12,,,,,71.0,03 March 2023,
ALPINE,A110,S,A7,Automatic,1798,Petrol,Internal Combustion Engine (ICE),292,215,0,,,,Euro 6d-TEMP,False,WLTP,26.9,40.9,46.3,39.8,39.2,0,10.5,6.9,6.1,7.1,7.2,0,163,0,,,,,212,11,11,,,,,71.0,03 March 2023,
ALPINE,A110,A110 R Fernando Alonso,A7,Automatic,1798,Petrol,Internal Combustion Engine (ICE),300,221,0,,,,Euro 6d,False,WLTP,27.7,44.1,48.7,42.2,41.5,0,10.2,6.4,5.8,6.7,6.8,0,155,0,,,,,154,156,7,,,,,73.0,21 July 2023,
ALPINE,A110,A110 R Fernando Alonso,A7,Automatic,1798,Petrol,Internal Combustion Engine (ICE),300,221,0,,,,Euro 6d,False,WLTP,27.7,44.1,48.7,42.2,41.5,0,10.2,6.4,5.8,6.7,6.8,0,155,0,,,,,154,156,7,,,,,73.0,21 July 2023,
ALPINE,A110,A110 R Le Mans,A7,Automatic,1798,Petrol,Internal Combustion Engine (ICE),300,221,0,,,,Euro 6d,False,WLTP,27.4,44.1,48.7,42.2,41.5,0,10.3,6.4,5.8,6.7,6.8,0,155,0,,,,,154,156,7,,,,,73.0,21 July 2023,
ALPINE,A110,A110 R Le Mans,A7,Automatic,1798,Petrol,Internal Combustion Engine (ICE),300,221,0,,,,Euro 6d,False,WLTP,27.4,44.1,48.7,42.2,41.5,0,10.3,6.4,5.8,6.7,6.8,0,155,0,,,,,154,156,7,,,,,73.0,21 July 2023,
ALPINE,A110,A110 R Turini,A7,Automatic,1798,Petrol,Internal Combustion Engine (ICE),300,221,0,,,,Euro 6d,False,WLTP,27.4,44.1,48.7,41.5,40.9,0,10.3,6.4,5.8,6.8,6.9,0,155,0,,,,,0,0,0,0,,0,0,73.0,05 December 2024,
ALPINE,A110,A110 R Turini,A7,Automatic,1798,Petrol,Internal Combustion Engine (ICE),300,221,0,,,,Euro 6d,False,WLTP,27.4,44.1,48.7,41.5,40.9,0,10.3,6.4,5.8,6.8,6.9,0,155,0,,,,,0,0,0,0,,0,0,73.0,05 December 2024,
ALPINE,A110,A110 R 70 - Blanc,A7,Automatic,1798,Petrol,Internal Combustion Engine (ICE),300,221,,,,,Euro 6d,False,WLTP,27.7,44.1,48.7,42.2,41.5,0,10.2,6.4,5.8,6.7,6.8,0,155,0,,,,,204,11,12,,,,,73.0,09 September 2025,
ALPINE,A110,A110 R 70 - Blanc,A7,Automatic,1798,Petrol,Internal Combustion Engine (ICE),300,221,,,,,Euro 6d,False,WLTP,27.7,44.1,48.7,42.2,41.5,0,10.2,6.4,5.8,6.7,6.8,0,155,0,,,,,204,11,12,,,,,73.0,09 September 2025,
ALPINE,A290,GT,N/A,Electric - Not Applicable,0,Electricity,Battery Electric Vehicle (BEV) / Pure Electric Vehicle / Electric Vehicle (EV),177,130,3.8,160,377,234,Euro 6-WLTP (for BEVs only),False,WLTP,0,0,0,0,0,0,0,0,0,0,0,0,0,0,0,,316,508,,,,,,,,63.0,24 February 2025,
ALPINE,A290,GT,N/A,Electric - Not Applicable,0,Electricity,Battery Electric Vehicle (BEV) / Pure Electric Vehicle / Electric Vehicle (EV),177,130,3.8,160,377,234,Euro 6-WLTP (for BEVs only),False,WLTP,0,0,0,0,0,0,0,0,0,0,0,0,0,0,0,,316,508,,,,,,,,63.0,24 February 2025,
ALPINE,A290,GTS,N/A,Electric - Not Applicable,0,Electricity,Battery Electric Vehicle (BEV) / Pure Electric Vehicle / Electric Vehicle (EV),218,160,3.7,167,361,224,Euro 6-WLTP (for BEVs only),False,WLTP,0,0,0,0,0,0,0,0,0,0,0,0,0,0,0,,300,482,,,,,,,,63.0,24 February 2025,
ALPINE,A290,GTS,N/A,Electric - Not Applicable,0,Electricity,Battery Electric Vehicle (BEV) / Pure Electric Vehicle / Electric Vehicle (EV),218,160,3.7,167,361,224,Euro 6-WLTP (for BEVs only),False,WLTP,0,0,0,0,0,0,0,0,0,0,0,0,0,0,0,,300,482,,,,,,,,63.0,24 February 2025,
ALPINE,A290,GT Premium,N/A,Electric - Not Applicable,0,Electricity,Battery Electric Vehicle (BEV) / Pure Electric Vehicle / Electric Vehicle (EV),180,130,3.9,159,377,234,Euro 6-WLTP (for BEVs only),False,WLTP,0,0,0,0,0,0,0,0,0,0,0,0,0,0,0,,316,509,,,,,,,,63.0,06 May 2025,
ALPINE,A290,GT Premium,N/A,Electric - Not Applicable,0,Electricity,Battery Electric Vehicle (BEV) / Pure Electric Vehicle / Electric Vehicle (EV),180,130,3.9,159,377,234,Euro 6-WLTP (for BEVs only),False,WLTP,0,0,0,0,0,0,0,0,0,0,0,0,0,0,0,,316,509,,,,,,,,63.0,06 May 2025,
ALPINE,A290,Première Edition,N/A,Electric - Not Applicable,0,Electricity,Battery Electric Vehicle (BEV) / Pure Electric Vehicle / Electric Vehicle (EV),220,160,3.7,167,361,224,Euro 6-WLTP (for BEVs only),False,WLTP,0,0,0,0,0,0,0,0,0,0,0,0,0,0,0,,300,482,,,,,,,,63.0,06 May 2025,
ALPINE,A290,Première Edition,N/A,Electric - Not Applicable,0,Electricity,Battery Electric Vehicle (BEV) / Pure Electric Vehicle / Electric Vehicle (EV),220,160,3.7,167,361,224,Euro 6-WLTP (for BEVs only),False,WLTP,0,0,0,0,0,0,0,0,0,0,0,0,0,0,0,,300,482,,,,,,,,63.0,06 May 2025,
ASTON MARTIN LAGONDA,DB12,2024MY DB12 Coupe,8AT,Automatic,3982,Petrol,Internal Combustion Engine (ICE),680,500,0,,,,Euro 6d,False,WLTP,13.7,23.2,27.7,26.4,23.2,0,20.6,12.2,10.2,10.7,12.2,0,276,,,,,,177,15,12,,,86,86,70.0,13 January 2025,
ASTON MARTIN LAGONDA,DB12,2024MY DB12 Volante,8AT,Automatic,3982,Petrol,Internal Combustion Engine (ICE),680,500,0,,,,Euro 6d,False,WLTP,13.7,23.2,27.7,26.4,23.2,0,20.6,12.2,10.2,10.7,12.2,0,276,,,,,,177,15,12,,,86,86,70.0,13 January 2025,
ASTON MARTIN LAGONDA,DB12 Coupe,25MY,A8,Automatic,3982,Petrol,Internal Combustion Engine (ICE),680,500,0,,,,Euro 6 EA,False,WLTP,13.7,23.2,27.7,26.4,23.2,0,20.6,12.1,10.2,10.7,12.2,0,276,0,,,,,177,15,13,,,60,60,70.0,11 November 2024,
ASTON MARTIN LAGONDA,DB12 Volante,25MY,A8,Automatic,3982,Petrol,Internal Combustion Engine (ICE),680,500,0,,,,Euro 6 EA,False,WLTP,13.7,23.2,27.7,26.4,23.2,0,20.6,12.1,10.2,10.7,12.2,0,276,0,,,,,177,15,13,,,60,60,70.0,11 November 2024,
ASTON MARTIN LAGONDA,DBX707 ,25MY,A9-AWD,Automatic,3982,Petrol,Internal Combustion Engine (ICE),707,520,0,,,,Euro 6 EA,False,WLTP,12.8,20.2,23.4,21.2,19.9,0,22,14,12.1,13.3,14.2,0,323,0,,,,,192,17,15,,,60,60,71.0,11 November 2024,
ASTON MARTIN LAGONDA,DBX707 MY2023,DBX707 GPF Hatchback,A9-AWD,Automatic,3982,Petrol,Internal Combustion Engine (ICE),707,520,0,,,,Euro 6d,False,WLTP,12.8,20.2,23.4,21.2,19.9,0,22,14,12.1,13.3,14.2,0,323,0,,,,,192,17,15,,,86,86,71.0,11 November 2024,
ASTON MARTIN LAGONDA,DBX V8 MY2021,Hatchback,A9-AWD,Automatic,3982,Petrol,Internal Combustion Engine (ICE),550,405,0,,,,Euro 6d,False,WLTP,12.2,20.8,23.5,21.1,19.8,0,23.2,13.6,12,13.4,14.3,0,323,0,,,,,127,18,22,,,86,86,73.0,11 November 2024,
ASTON MARTIN LAGONDA,Speedster,Open Sportscar,A8,Automatic,5204,Petrol,Internal Combustion Engine (ICE),725,533,0,,,,Euro 6d,False,WLTP,12.3,21.9,25.5,24.6,21.4,0,23,12.9,11.1,11.5,13.2,0,298,0,,,,,491,24,20,,,86,86,74.0,11 November 2024,
ASTON MARTIN LAGONDA,Valiant,24MY Valiant V12 Coupe,6MT,Manual,5204,Petrol,Internal Combustion Engine (ICE),715,526,0,,,,Euro 6 EA,False,WLTP,10.1,19.2,23,21.9,18.7,0,28.1,14.7,12.3,12.9,15.1,0,340,0,,,,,209,37,23,,,60,60,71.0,11 November 2024,
ASTON MARTIN LAGONDA,Valour,24MY Valour V12 Coupe,6MT,Manual,5204,Petrol,Internal Combustion Engine (ICE),715,526,0,,,,Euro 6 EA,False,WLTP,10.1,19.2,23,21.9,18.7,0,28.1,14.7,12.3,12.9,15.1,0,340,0,,,,,209,37,23,,,60,60,71.0,11 November 2024,
ASTON MARTIN LAGONDA,Vanquish Coupe,25MY,A8,Automatic,5204,Petrol,Internal Combustion Engine (ICE),825,614,0,,,,Euro 6 EA,False,WLTP,10.8,20.1,25.5,25.5,20.7,0,26.2,14.1,11.1,11.1,13.7,0,312,0,,,,,423,18,23,,,60,60,70.0,11 November 2024,
ASTON MARTIN LAGONDA,Vantage 2021MY,Vantage RWD Automatic Hatchback,A8,Automatic,3982,Petrol,Internal Combustion Engine (ICE),510,375,0,,,,Euro 6d,False,WLTP,15.3,24.6,28.8,26.6,24.3,0,18.5,11.5,9.8,10.6,11.6,0,264,0,,,,,164,17,13,,,86,86,72.0,11 November 2024,
ASTON MARTIN LAGONDA,Vantage 2021MY,Vantage RWD Automatic Convertible,A8,Automatic,3982,Petrol,Internal Combustion Engine (ICE),510,375,0,,,,Euro 6d,False,WLTP,15.3,24.8,28.8,26.6,24.3,0,18.5,11.4,9.8,10.6,11.6,0,263,0,,,,,244,28,16,,,86,86,74.0,11 November 2024,
ASTON MARTIN LAGONDA,Vantage Coupe,25MY,A8,Automatic,3982,Petrol,Internal Combustion Engine (ICE),665,489,0,,,,Euro 6 EA,False,WLTP,12.7,23.9,28.8,27.2,23.3,0,22.3,11.8,9.8,10.4,12.1,0,274,0,,,,,223,16,14,,,60,60,72.0,11 November 2024,
ASTON MARTIN LAGONDA,Vantage Roadster,25MY,A8,Automatic,3982,Petrol,Internal Combustion Engine (ICE),665,489,0,,,,Euro 6 EA,False,WLTP,12.4,23.8,28.5,26.4,23,0,22.8,11.9,9.9,10.7,12.3,0,279,0,,,,,358,19,8,,,60,60,72.0,11 November 2024,
BENTLEY MOTORS,Bentayga MY23,Bentayga Hybrid,8AT,Automatic,2995,Electricity / Petrol,Plug-in Hybrid Electric Vehicle (PHEV),340,250,2.4,261,,,Euro 6d,False,WLTP,18.5,27.2,29.4,25,25.4,94.2,15.3,10.4,9.6,11.3,11.1,3,33,68,29,46,,52,375,19,16,,0.05,60,60,68.0,12 September 2025,
BENTLEY MOTORS,Bentayga EWB V8 23MY,Bentayga Extended Wheelbase V8,8AT,Automatic,3996,Petrol,Internal Combustion Engine (ICE),550,404,,,,,Euro 6d,False,WLTP,13.5,21.4,25.9,23.9,21.7,0,20.9,13.2,10.9,11.8,13,0,294,0,,,,,151,25,10,,0.25,60,60,70.0,12 September 2025,
BENTLEY MOTORS,Continental GT V8 MY23,Continental GT V8,8AT,Automatic,3996,Petrol,Internal Combustion Engine (ICE),550,404,,,,,Euro 6d,False,WLTP,14.6,22.6,27.4,26.4,23.3,0,19.4,12.5,10.3,10.7,12.1,0,275,0,,,,,231,13,7,,0.20,60,60,73.0,12 September 2025,
BENTLEY MOTORS,Continental GT V8 MY23,Continental GT V8 Convertible,8AT,Automatic,3996,Petrol,Internal Combustion Engine (ICE),550,404,,,,,Euro 6d,False,WLTP,14,21.7,26.4,25.9,22.6,0,20.2,13,10.7,10.9,12.5,0,284,0,,,,,251,14,9,,0.03,60,60,73.0,12 September 2025,
BENTLEY MOTORS,Flying Spur MY23,Flying Spur V8,8AT,Automatic,3996,Petrol,Internal Combustion Engine (ICE),550,404,,,,,Euro 6d,False,WLTP,14.1,21.2,26.2,25.2,22.2,0,20,13.3,10.8,11.2,12.7,0,288,0,,,,,255,14,7,,0.20,60,60,70.0,12 September 2025,
CADILLAC,XT4,350D FWD AT9,A9,Automatic,1995,Diesel,Internal Combustion Engine (ICE),174,128,0,,,,Euro 6d,False,WLTP,33.2,46.3,52.3,42.2,44.1,0,8.5,6.1,5.4,6.7,6.4,0,167,0,,,,,48,39,12,52,1.40,,,69.1,22 September 2021,
CADILLAC,XT4,350D AWD AT9,A9,Automatic,1995,Diesel,Internal Combustion Engine (ICE),174,128,0,,,,Euro 6d,False,WLTP,31.7,42.8,48.7,39.8,40.9,0,8.9,6.6,5.8,7.1,6.9,0,180,0,,,,,42,32,13,44,1.40,,,69.3,22 September 2021,
CADILLAC,XT4,350T AWD AT9,A9,Automatic,1998,Petrol,Internal Combustion Engine (ICE),230,169,0,,,,Euro 6d,False,WLTP,21.8,31,36.6,29.9,30.4,0,13,9.1,7.7,9.4,9.3,0,213,0,,,,,264,15,17,,,,,68.0,22 September 2021,
CHEVROLET,CORVETTE,Stingray Coupe 6.2L V8 AT8,A8,Automatic,6162,Petrol,Internal Combustion Engine (ICE),482,354,0,,,,Euro 6d,False,WLTP,11.6,23.6,29.4,28.8,23.3,0,24.3,12,9.6,9.8,12.1,0,277,0,,,,,316,31,16,,0.10,,,71.6,03 October 2023,
CHEVROLET,CORVETTE,Stingray Convertible 6.2L V8 AT8,A8,Automatic,6162,Petrol,Internal Combustion Engine (ICE),482,354,0,,,,Euro 6d,False,WLTP,11.6,23.6,29.4,28.8,23.3,0,24.3,12,9.6,9.8,12.1,0,277,0,,,,,316,31,16,,0.10,,,71.6,03 October 2023,
CHEVROLET,CORVETTE,Z06 Coupe 5.5L V8 AT8,A8,Automatic,5460,Petrol,Internal Combustion Engine (ICE),646,475,0,,,,Euro 6d,False,WLTP,9.3,17.2,20.9,21.3,17.1,0,30.5,16.4,13.5,13.3,16.5,0,377,0,,,,,168,31,11,,0.02,,,72.0,03 October 2023,
CHEVROLET,CORVETTE,Z06 Convertible 5.5L V8 AT8,A8,Automatic,5460,Petrol,Internal Combustion Engine (ICE),646,475,0,,,,Euro 6d,False,WLTP,9.3,17.2,20.9,21.3,17.1,0,30.5,16.4,13.5,13.3,16.5,0,377,0,,,,,168,31,11,,0.02,,,72.0,03 October 2023,
CHRYSLER JEEP,Avenger MY24,Altitude BEV 115kW (156HP) AT FWD (VL),A1,Electric - Not Applicable,0,Electricity,Battery Electric Vehicle (BEV) / Pure Electric Vehicle / Electric Vehicle (EV),156,115,4.3,142,434,270,Euro 6-WLTP (for BEVs only),False,WLTP,0,0,0,0,0,0,0,0,0,0,0,0,0,0,0,,381,613,0,,,,,,,66.0,17 October 2024,
CHRYSLER JEEP,Avenger MY24,Altitude BEV 115kW (156HP) AT FWD (VH),A1,Electric - Not Applicable,0,Electricity,Battery Electric Vehicle (BEV) / Pure Electric Vehicle / Electric Vehicle (EV),156,115,3.7,164,374,232,Euro 6-WLTP (for BEVs only),False,WLTP,0,0,0,0,0,0,0,0,0,0,0,0,0,0,0,,342,551,0,,,,,,,66.0,17 October 2024,
CHRYSLER JEEP,Avenger MY24,Longitude BEV 115kW (156HP) AT FWD (VL),A1,Electric - Not Applicable,0,Electricity,Battery Electric Vehicle (BEV) / Pure Electric Vehicle / Electric Vehicle (EV),156,115,4.3,142,434,270,Euro 6-WLTP (for BEVs only),False,WLTP,0,0,0,0,0,0,0,0,0,0,0,0,0,0,0,,381,613,0,,,,,,,66.0,17 October 2024,
CHRYSLER JEEP,Avenger MY24,Longitude BEV 115kW (156HP) AT FWD (VH),A1,Electric - Not Applicable,0,Electricity,Battery Electric Vehicle (BEV) / Pure Electric Vehicle / Electric Vehicle (EV),156,115,3.7,164,374,232,Euro 6-WLTP (for BEVs only),False,WLTP,0,0,0,0,0,0,0,0,0,0,0,0,0,0,0,,342,551,0,,,,,,,66.0,17 October 2024,
CHRYSLER JEEP,Avenger MY24,Summit BEV 115kW (156HP) AT FWD (VL),A1,Electric - Not Applicable,0,Electricity,Battery Electric Vehicle (BEV) / Pure Electric Vehicle / Electric Vehicle (EV),156,115,4.3,142,434,270,Euro 6-WLTP (for BEVs only),False,WLTP,0,0,0,0,0,0,0,0,0,0,0,0,0,0,0,,381,613,0,,,,,,,66.0,17 October 2024,
CHRYSLER JEEP,Avenger MY24,Summit BEV 115kW (156HP) AT FWD (VH),A1,Electric - Not Applicable,0,Electricity,Battery Electric Vehicle (BEV) / Pure Electric Vehicle / Electric Vehicle (EV),156,115,3.7,164,374,232,Euro 6-WLTP (for BEVs only),False,WLTP,0,0,0,0,0,0,0,0,0,0,0,0,0,0,0,,342,551,0,,,,,,,66.0,17 October 2024,
CHRYSLER JEEP,Avenger MY24,Altitude 1.2 GSE T3 100HP MT FWD (VL),M6,Manual,1199,Petrol,Internal Combustion Engine (ICE),100,74,0,,,,Euro 6 EA,False,WLTP,44.8,55.4,61.4,49.6,53.3,0,6.3,5.1,4.6,5.7,5.3,0,119,0,,,,,630,23,31,,1.62,60,60,65.0,17 October 2024,
CHRYSLER JEEP,Avenger MY24,Altitude 1.2 GSE T3 100HP MT FWD (VH),M6,Manual,1199,Petrol,Internal Combustion Engine (ICE),100,74,0,,,,Euro 6 EA,False,WLTP,40.9,48.7,52.3,41.5,45.6,0,6.9,5.8,5.4,6.8,6.2,0,139,0,,,,,630,23,31,,1.62,60,60,65.0,17 October 2024,
CHRYSLER JEEP,Avenger MY24,Longitude 1.2 GSE T3 100HP MT FWD (VL),M6,Manual,1199,Petrol,Internal Combustion Engine (ICE),100,74,0,,,,Euro 6 EA,False,WLTP,44.8,55.4,61.4,49.6,53.3,0,6.3,5.1,4.6,5.7,5.3,0,119,0,,,,,630,23,31,,1.62,60,60,65.0,17 October 2024,
CHRYSLER JEEP,Avenger MY24,Longitude 1.2 GSE T3 100HP MT FWD (VH),M6,Manual,1199,Petrol,Internal Combustion Engine (ICE),100,74,0,,,,Euro 6 EA,False,WLTP,40.9,48.7,52.3,41.5,45.6,0,6.9,5.8,5.4,6.8,6.2,0,139,0,,,,,630,23,31,,1.62,60,60,65.0,17 October 2024,
CHRYSLER JEEP,Avenger MY24,Summit 1.2 GSE T3 100HP MT FWD (VL),M6,Manual,1199,Petrol,Internal Combustion Engine (ICE),100,74,0,,,,Euro 6 EA,False,WLTP,44.8,55.4,61.4,49.6,53.3,0,6.3,5.1,4.6,5.7,5.3,0,119,0,,,,,630,23,31,,1.62,60,60,65.0,17 October 2024,
CHRYSLER JEEP,Avenger MY24,Summit 1.2 GSE T3 100HP MT FWD (VH),M6,Manual,1199,Petrol,Internal Combustion Engine (ICE),100,74,0,,,,Euro 6 EA,False,WLTP,40.9,48.7,52.3,41.5,45.6,0,6.9,5.8,5.4,6.8,6.2,0,139,0,,,,,630,23,31,,1.62,60,60,65.0,17 October 2024,
CHRYSLER JEEP,Avenger MY24,Altitude 1.2 100HP DCT6 e-Hybrid FWD (VL),A6,Automatic,1199,Petrol Electric,Mild Hybrid Electric Vehicle (MHEV),100,74,0,,,,Euro 6 EA,False,WLTP,76.3,67.3,68.9,52.3,61.4,0,3.7,4.2,4.1,5.4,4.6,0,102,0,,,,,358,21,16,,1.74,60,60,66.0,17 October 2024,
CHRYSLER JEEP,Avenger MY24,Altitude 1.2 100HP DCT6 e-Hybrid FWD (VH),A6,Automatic,1199,Petrol Electric,Mild Hybrid Electric Vehicle (MHEV),100,74,0,,,,Euro 6 EA,False,WLTP,58.9,56.5,56.5,42.8,51.4,0,4.8,5,5,6.6,5.5,0,124,0,,,,,358,21,16,,1.74,60,60,66.0,17 October 2024,
CHRYSLER JEEP,Avenger MY24,Longitude 1.2 100HP DCT6 e-Hybrid FWD (VL),A6,Automatic,1199,Petrol Electric,Mild Hybrid Electric Vehicle (MHEV),100,74,0,,,,Euro 6 EA,False,WLTP,76.3,67.3,68.9,52.3,61.4,0,3.7,4.2,4.1,5.4,4.6,0,102,0,,,,,358,21,16,,1.74,60,60,66.0,17 October 2024,
CHRYSLER JEEP,Avenger MY24,Longitude 1.2 100HP DCT6 e-Hybrid FWD (VH),A6,Automatic,1199,Petrol Electric,Mild Hybrid Electric Vehicle (MHEV),100,74,0,,,,Euro 6 EA,False,WLTP,58.9,56.5,56.5,42.8,51.4,0,4.8,5,5,6.6,5.5,0,124,0,,,,,358,21,16,,1.74,60,60,66.0,17 October 2024,
CHRYSLER JEEP,Avenger MY24,Summit 1.2 100HP DCT6 e-Hybrid FWD (VL),A6,Automatic,1199,Petrol Electric,Mild Hybrid Electric Vehicle (MHEV),100,74,0,,,,Euro 6 EA,False,WLTP,76.3,67.3,68.9,52.3,61.4,0,3.7,4.2,4.1,5.4,4.6,0,102,0,,,,,358,21,16,,1.74,60,60,66.0,17 October 2024,
CHRYSLER JEEP,Avenger MY24,Summit 1.2 100HP DCT6 e-Hybrid FWD (VH),A6,Automatic,1199,Petrol Electric,Mild Hybrid Electric Vehicle (MHEV),100,74,0,,,,Euro 6 EA,False,WLTP,58.9,56.5,56.5,42.8,51.4,0,4.8,5,5,6.6,5.5,0,124,0,,,,,358,21,16,,1.74,60,60,66.0,17 October 2024,
CHRYSLER JEEP,Compass MY24,Altitude 1.3 GSE T4 4xe 240hp AT eAWD (VL),A6,Automatic,1332,Electricity / Petrol,Plug-in Hybrid Electric Vehicle (PHEV),179,132,4,154,54,34,Euro 6 EA,False,WLTP,32.7,50.7,47.6,36.5,41.2,183.4,8.6,5.6,5.9,7.7,6.9,1.5,155,35,34,54,37,60,385,14,9,,0.22,60,60,67.0,17 October 2024,
CHRYSLER JEEP,Compass MY24,Altitude 1.3 GSE T4 4xe 240hp AT eAWD (VH),A6,Automatic,1332,Electricity / Petrol,Plug-in Hybrid Electric Vehicle (PHEV),179,132,3.7,166,47,29,Euro 6 EA,False,WLTP,29.8,46.4,42.8,32.4,37,137.1,9.5,6.1,6.6,8.7,7.6,2.1,172,47,29,47,34,54,385,14,9,,0.22,60,60,67.0,17 October 2024,
CHRYSLER JEEP,Compass MY24,Summit 1.3 GSE T4 4xe 240hp AT eAWD (VL),A6,Automatic,1332,Electricity / Petrol,Plug-in Hybrid Electric Vehicle (PHEV),179,132,4,154,54,34,Euro 6 EA,False,WLTP,32.7,50.7,47.6,36.5,41.2,183.4,8.6,5.6,5.9,7.7,6.9,1.5,155,35,34,54,37,60,385,14,9,,0.22,60,60,67.0,17 October 2024,
CHRYSLER JEEP,Compass MY24,Summit 1.3 GSE T4 4xe 240hp AT eAWD (VH),A6,Automatic,1332,Electricity / Petrol,Plug-in Hybrid Electric Vehicle (PHEV),179,132,3.7,166,47,29,Euro 6 EA,False,WLTP,29.8,46.4,42.8,32.4,37,137.1,9.5,6.1,6.6,8.7,7.6,2.1,172,47,29,47,34,54,385,14,9,,0.22,60,60,67.0,17 October 2024,
CHRYSLER JEEP,Compass MY24,Overland 1.3 GSE T4 4xe 240hp AT eAWD (VL),A6,Automatic,1332,Electricity / Petrol,Plug-in Hybrid Electric Vehicle (PHEV),179,132,4,154,54,34,Euro 6 EA,False,WLTP,32.7,50.7,47.6,36.5,41.2,183.4,8.6,5.6,5.9,7.7,6.9,1.5,155,35,34,54,37,60,385,14,9,,0.22,60,60,67.0,17 October 2024,
CHRYSLER JEEP,Compass MY24,Altitute 1.5 MHEV GSE T4 130hp DCT FWD (VL),A7,Automatic,1469,Petrol Electric,Mild Hybrid Electric Vehicle (MHEV),131,96,0,,,,Euro 6 EA,False,WLTP,47.1,56.5,60.1,46.3,52.3,0,6,5,4.7,6.1,5.4,0,122,0,,,,,369,23,6,,0.24,60,60,68.0,17 October 2024,
CHRYSLER JEEP,Compass MY24,Altitute 1.5 MHEV GSE T4 130hp DCT FWD (VH),A7,Automatic,1469,Petrol Electric,Mild Hybrid Electric Vehicle (MHEV),131,96,0,,,,Euro 6 EA,False,WLTP,42.2,52.3,51.4,40.9,46.3,0,6.7,5.4,5.5,6.9,6.1,0,137,0,,,,,369,23,6,,0.24,60,60,68.0,17 October 2024,
CHRYSLER JEEP,Compass MY24,Summit 1.5 MHEV GSE T4 130hp DCT FWD (VL),A7,Automatic,1469,Petrol Electric,Mild Hybrid Electric Vehicle (MHEV),131,96,0,,,,Euro 6 EA,False,WLTP,47.1,56.5,60.1,46.3,52.3,0,6,5,4.7,6.1,5.4,0,122,0,,,,,369,23,6,,0.24,60,60,68.0,17 October 2024,
CHRYSLER JEEP,Compass MY24,Summit 1.5 MHEV GSE T4 130hp DCT FWD (VH),A7,Automatic,1469,Petrol Electric,Mild Hybrid Electric Vehicle (MHEV),131,96,0,,,,Euro 6 EA,False,WLTP,42.2,52.3,51.4,40.9,46.3,0,6.7,5.4,5.5,6.9,6.1,0,137,0,,,,,369,23,6,,0.24,60,60,68.0,17 October 2024,
CHRYSLER JEEP,Compass MY24,Overland 1.3 GSE T4 4xe 240hp AT eAWD (VH),A6,Automatic,1332,Electricity / Petrol,Plug-in Hybrid Electric Vehicle (PHEV),179,132,3.7,166,47,29,Euro 6 EA,False,WLTP,29.8,46.4,42.8,32.4,37,137.1,9.5,6.1,6.6,8.7,7.6,2.1,172,47,29,47,34,54,385,14,9,,0.22,60,60,67.0,17 October 2024,
CHRYSLER JEEP,Compass MY24,Trailhawk 1.3 GSE T4 4xe 240hp AT eAWD (VL),A6,Automatic,1332,Electricity / Petrol,Plug-in Hybrid Electric Vehicle (PHEV),179,132,4,154,54,34,Euro 6 EA,False,WLTP,32.7,50.7,47.6,36.5,41.2,183.4,8.6,5.6,5.9,7.7,6.9,1.5,155,35,34,54,37,60,385,14,9,,0.22,60,60,67.0,17 October 2024,
CHRYSLER JEEP,Compass MY24,Trailhawk 1.3 GSE T4 4xe 240hp AT eAWD (VH),A6,Automatic,1332,Electricity / Petrol,Plug-in Hybrid Electric Vehicle (PHEV),179,132,3.7,166,47,29,Euro 6 EA,False,WLTP,29.8,46.4,42.8,32.4,37,137.1,9.5,6.1,6.6,8.7,7.6,2.1,172,47,29,47,34,54,385,14,9,,0.22,60,60,67.0,17 October 2024,
CHRYSLER JEEP,Grand Cherokee MY24,LIMITED 2.0 ATX 4xe (VL),A8,Automatic,1995,Electricity / Petrol,Plug-in Hybrid Electric Vehicle (PHEV),272,200,2.4,254,39,24,Euro 6 EA,False,WLTP,28.5,27.7,30.7,24.6,27.4,97.4,9.9,10.2,9.2,11.5,10.3,2.9,216,65,28,45,33,53,918,13,3,,0.02,60,60,68.0,17 October 2024,
CHRYSLER JEEP,Grand Cherokee MY24,LIMITED 2.0 ATX 4xe (VH),A8,Automatic,1995,Electricity / Petrol,Plug-in Hybrid Electric Vehicle (PHEV),272,200,2.2,274,39,24,Euro 6 EA,False,WLTP,20,25.7,29.4,24.4,25.2,83.1,14.1,11,9.6,11.6,11.2,3.4,245,76,25,41,29,47,918,13,3,,0.02,60,60,68.0,17 October 2024,
CHRYSLER JEEP,Grand Cherokee MY24,SUMMIT RESERVE 2.0 ATX 4xe (VL),A8,Automatic,1995,Electricity / Petrol,Plug-in Hybrid Electric Vehicle (PHEV),272,200,2.4,254,39,24,Euro 6 EA,False,WLTP,28.5,28,30.7,24.6,27.4,97.4,9.9,10.1,9.2,11.5,10.3,2.9,232,65,28,45,33,53,918,13,3,,0.02,60,60,70.0,17 October 2024,
CHRYSLER JEEP,Grand Cherokee MY24,SUMMIT RESERVE 2.0 ATX 4xe (VH),A8,Automatic,1995,Electricity / Petrol,Plug-in Hybrid Electric Vehicle (PHEV),272,200,2.2,274,39,24,Euro 6 EA,False,WLTP,20,25.7,29.4,24.6,25.2,83.1,14.1,11,9.6,11.5,11.2,3.4,250,76,25,41,29,47,918,13,3,,0.02,60,60,70.0,17 October 2024,
CHRYSLER JEEP,Renegade MY24,Altitude 1.5 e-Hybrid 130HP DCT FWD (VL),A7,Automatic,1469,Petrol Electric,Mild Hybrid Electric Vehicle (MHEV),131,96,0,,,,Euro 6 EA,False,WLTP,47.1,56.5,60.1,46.3,52.3,0,6,5,4.7,6.1,5.4,0,122,0,,,,,369,23,6,,0.24,60,60,67.0,17 October 2024,
CHRYSLER JEEP,Renegade MY24,Altitude 1.5 e-Hybrid 130HP DCT FWD (VH),A7,Automatic,1469,Petrol Electric,Mild Hybrid Electric Vehicle (MHEV),131,96,0,,,,Euro 6 EA,False,WLTP,42.2,52.3,53.3,40.9,46.3,0,6.7,5.4,5.3,6.9,6.1,0,137,0,,,,,369,23,6,,0.24,60,60,67.0,17 October 2024,
CHRYSLER JEEP,Renegade MY24,Summit 1.5 e-Hybrid 130HP DCT FWD (VL),A7,Automatic,1469,Petrol Electric,Mild Hybrid Electric Vehicle (MHEV),131,96,0,,,,Euro 6 EA,False,WLTP,47.1,56.5,60.1,46.3,52.3,0,6,5,4.7,6.1,5.4,0,122,0,,,,,369,23,6,,0.24,60,60,67.0,17 October 2024,
CHRYSLER JEEP,Renegade MY24,Summit 1.5 e-Hybrid 130HP DCT FWD (VH),A7,Automatic,1469,Petrol Electric,Mild Hybrid Electric Vehicle (MHEV),131,96,0,,,,Euro 6 EA,False,WLTP,42.2,52.3,53.3,40.9,46.3,0,6.7,5.4,5.3,6.9,6.1,0,137,0,,,,,369,23,6,,0.24,60,60,67.0,17 October 2024,
CHRYSLER JEEP,Renegade MY24,Overland 4xe 1.3 240HP AT eAWD (VL),A6,Automatic,1332,Electricity / Petrol,Plug-in Hybrid Electric Vehicle (PHEV),179,132,4,154,54,34,Euro 6 EA,False,WLTP,32.7,50.7,47.6,36.5,41.2,183.4,8.6,5.6,5.9,7.7,6.9,1.5,155,35,34,54,37,60,385,14,9,,0.22,48,48,66.0,17 October 2024,
CHRYSLER JEEP,Renegade MY24,Overland 4xe 1.3 240HP AT eAWD (VH),A6,Automatic,1332,Electricity / Petrol,Plug-in Hybrid Electric Vehicle (PHEV),179,132,2.6,231,47,29,Euro 6 EA,False,WLTP,29.8,46.4,42.8,32.4,37,137.1,9.5,6.1,6.6,8.7,7.6,2.1,172,47,29,47,34,54,385,14,9,,0.22,48,48,66.0,17 October 2024,
CHRYSLER JEEP,Renegade MY24,Trailhawk Edition 4xe 1.3 240HP AT eAWD (VL),A6,Automatic,1332,Electricity / Petrol,Plug-in Hybrid Electric Vehicle (PHEV),179,132,4,154,54,34,Euro 6 EA,False,WLTP,32.7,50.7,47.6,36.5,41.2,183.4,8.6,5.6,5.9,7.7,6.9,1.5,155,35,34,54,37,60,385,14,9,,0.22,48,48,66.0,17 October 2024,
CHRYSLER JEEP,Renegade MY24,Trailhawk Edition 4xe 1.3 240HP AT eAWD (VH),A6,Automatic,1332,Electricity / Petrol,Plug-in Hybrid Electric Vehicle (PHEV),179,132,2.6,231,47,29,Euro 6 EA,False,WLTP,29.8,46.4,42.8,32.4,37,137.1,9.5,6.1,6.6,8.7,7.6,2.1,172,47,29,47,34,54,385,14,9,,0.22,48,48,66.0,17 October 2024,
CHRYSLER JEEP,Wrangler MY24,4 Door Rubicon 2.0L TC GME (VH only),A8,Automatic,1995,Petrol,Internal Combustion Engine (ICE),272,200,0,,,,Euro 6 EA,False,WLTP,18.8,25.7,27.7,22.1,23.7,0,15,11,10.2,12.8,11.9,0,269,0,,,,,202,17,19,,3.44,60,60,70.0,17 October 2024,
CHRYSLER JEEP,Wrangler MY24,4 Door Sahara 2.0L TC GME (VH Only),A8,Automatic,1995,Petrol,Internal Combustion Engine (ICE),272,200,0,,,,Euro 6 EA,False,WLTP,19.3,27.4,30.7,23.9,25.4,0,14.6,10.3,9.2,11.8,11.1,0,250,0,,,,,204,20,18,,0.07,60,60,70.0,17 October 2024,
CITROEN,Berlingo,Blue HDI 100,M5,Manual,1499,Diesel,Internal Combustion Engine (ICE),102,75,0,,,,Euro 6d,False,WLTP,51.1,59.7,65.1,49.1,55.6,0,4.7,4.3,5.8,5.1,6.4,0,133,,,,,,76,,51,73,0.57,,80,68.0,16 November 2020,
CITROEN,Berlingo,Blue HDI 100,M6,Manual,1499,Diesel,Internal Combustion Engine (ICE),102,75,0,,,,Euro 6d,False,WLTP,55.3,62.8,66.8,49.5,57.4,0,4.5,4.2,5.7,4.9,5.9,0,129,,,,,,52,,51,54,0.38,,80,68.0,16 November 2020,
CITROEN,Berlingo,Blue HDI 100,M5,Manual,1499,Diesel,Internal Combustion Engine (ICE),102,75,0,,,,Euro 6d,False,WLTP,44.4,49.6,53.1,40.8,46.3,0,6.4,5.7,5.3,6.9,6.1,0,160,,,,,,76,,51,73,0.57,,80,68.0,16 November 2020,
CITROEN,Berlingo,Blue HDI 100,M6,Manual,1499,Diesel,Internal Combustion Engine (ICE),102,75,0,,,,Euro 6d,False,WLTP,48.2,51.7,55.3,41.6,48,0,5.9,5.5,5.1,6.8,5.9,0,154,,,,,,52,,51,54,0.38,,80,68.0,16 November 2020,
CITROEN,Berlingo,Blue HDI 130,M6,Manual,1499,Diesel,Internal Combustion Engine (ICE),131,96,0,,,,Euro 6d,False,WLTP,50.3,58.9,62.4,47.9,54.2,0,4.8,4.5,5.9,5.2,6.5,0,137,,,,,,90,,34,56,0.79,,80,68.0,16 November 2020,
CITROEN,Berlingo,Blue HDI 130,M6,Manual,1499,Diesel,Internal Combustion Engine (ICE),131,96,0,,,,Euro 6d,False,WLTP,56.2,61.7,65.4,49.5,57,0,4.6,4.3,5.7,5,5.8,0,130,,,,,,53,,49,53,0.48,,80,68.0,16 November 2020,
CITROEN,Berlingo,Blue HDI 130,M6,Manual,1499,Diesel,Internal Combustion Engine (ICE),131,96,0,,,,Euro 6d,False,WLTP,43.4,49.6,52.6,41,46.1,0,6.5,5.7,5.4,6.9,6.1,0,161,,,,,,90,,34,56,0.79,,80,68.0,16 November 2020,
CITROEN,Berlingo,Blue HDI 130,M6,Manual,1499,Diesel,Internal Combustion Engine (ICE),131,96,0,,,,Euro 6d,False,WLTP,48.5,51.8,54.3,41.9,48,0,5.8,5.5,5.2,6.7,5.9,0,154,,,,,,53,,49,53,0.48,,80,68.0,16 November 2020,
CITROEN,Berlingo,Blue HDI 130 EAT8,A8,Automatic,1499,Diesel,Internal Combustion Engine (ICE),131,96,0,,,,Euro 6d,False,WLTP,44.9,55.1,61.2,48.6,52.6,0,5.1,4.6,5.8,5.4,6.7,0,141,,,,,,86,,39,60,0.72,,80,69.0,16 November 2020,
CITROEN,Berlingo,Blue HDI 130 EAT8,A8,Automatic,1499,Diesel,Internal Combustion Engine (ICE),131,96,0,,,,Euro 6d,False,WLTP,42,47.9,51.9,41,45.4,0,6.7,5.9,5.4,6.9,6.2,0,163,,,,,,86,,39,60,0.72,,80,69.0,16 November 2020,
CITROEN,Berlingo,PureTech 110,M6,Manual,1199,Petrol,Internal Combustion Engine (ICE),110,81,0,,,,Euro 6d,False,WLTP,39.3,48.3,53.1,42.1,45.8,0,5.8,5.3,6.7,6.2,7.8,0,140,,,,,,444,22,52,,1.42,,60,69.0,16 November 2020,
CITROEN,Berlingo,PureTech 110,M6,Manual,1199,Petrol,Internal Combustion Engine (ICE),110,81,0,,,,Euro 6d,False,WLTP,36.4,40.9,43.9,34.1,38.4,0,7.8,6.9,6.4,8.3,7.4,0,167,,,,,,444,22,52,,1.42,,60,69.0,16 November 2020,
CITROEN,Berlingo,PureTech 130 EAT8,A8,Automatic,1199,Petrol,Internal Combustion Engine (ICE),131,96,0,,,,Euro 6d,False,WLTP,35.9,45.6,51.5,40.7,43.7,0,6.2,5.5,6.9,6.5,8.6,0,146,,,,,,588,24,35,,0.89,,60,67.0,16 November 2020,
CITROEN,Berlingo,PureTech 130 EAT8,A8,Automatic,1199,Petrol,Internal Combustion Engine (ICE),131,96,0,,,,Euro 6d,False,WLTP,32.9,38.6,43.1,33.2,36.8,0,8.6,7.3,6.6,8.5,7.7,0,173,,,,,,588,24,35,,0.89,,60,67.0,16 November 2020,
CITROEN,Berlingo,PureTech 110 S&S 6-speed manual (VL),M6,Manual,1199,Petrol,Internal Combustion Engine (ICE),110,81,0,,,,Euro 6 EA,False,WLTP,38.1,48,52.3,40.7,44.7,0,7.4,5.9,5.4,6.9,6.3,0,142,0,,,,,502,20,9,,0.50,60,60,69.0,16 October 2024,
CITROEN,Berlingo,PureTech 110 S&S 6-speed manual(VH),M6,Manual,1199,Petrol,Internal Combustion Engine (ICE),110,81,0,,,,Euro 6 EA,False,WLTP,32.3,39.3,42.8,34.1,37.1,0,8.8,7.2,6.6,8.3,7.6,0,171,0,,,,,502,20,9,,0.50,60,60,69.0,16 October 2024,
CITROEN,Berlingo,BlueHDi 100 S&S 6-speed manual (VL),M6,Manual,1499,Diesel,Internal Combustion Engine (ICE),102,75,0,,,,Euro 6 EA,True,WLTP,53,61,63.1,46.4,54.4,0,5.3,4.6,4.5,6.1,5.2,0,136,0,,,,,44,,73,78,0.16,80,80,68.0,16 October 2024,
CITROEN,Berlingo,BlueHDi 100 S&S 6-speed manual (VH),M6,Manual,1499,Diesel,Internal Combustion Engine (ICE),102,75,0,,,,Euro 6 EA,True,WLTP,43.6,48.9,53,40.8,46,0,6.5,5.8,5.3,6.9,6.1,0,161,0,,,,,44,,73,78,0.16,80,80,68.0,16 October 2024,
CITROEN,Berlingo,BlueHDi 130 S&S EAT8 Auto (VL),A8,Automatic,1499,Diesel,Internal Combustion Engine (ICE),131,96,0,,,,Euro 6 EA,True,WLTP,46.5,55.5,60.4,46.5,51.9,0,6.1,5.1,4.7,6.1,5.4,0,143,0,,,,,47,,74,79,0.82,80,80,68.0,16 October 2024,
CITROEN,Berlingo,BlueHDi 130 S&S EAT8 Auto (VH),A8,Automatic,1499,Diesel,Internal Combustion Engine (ICE),131,96,0,,,,Euro 6 EA,True,WLTP,41,45.4,49.5,39.1,43.4,0,6.9,6.2,5.7,7.2,6.5,0,171,0,,,,,47,,74,79,0.82,80,80,68.0,16 October 2024,
CITROEN,C3,"PureTech 83 S&S (YOU!, MAX)(VL)",M5,Manual,1199,Petrol,Internal Combustion Engine (ICE),83,61,0,,,,Euro 6d,False,WLTP,46.9,57.4,60.9,48.8,53.4,0,6,4.9,4.6,5.8,5.3,0,119,0,,,,,669,34,18,,,60,60,68.0,16 October 2024,
CITROEN,C3,"PureTech 83 S&S (YOU!, MAX) (VH)",M5,Manual,1199,Petrol,Internal Combustion Engine (ICE),83,61,0,,,,Euro 6d,False,WLTP,42.9,51.4,54.3,43.2,47.7,0,6.6,5.5,5.2,6.5,5.9,0,133,0,,,,,669,34,18,,,60,60,68.0,16 October 2024,
CITROEN,C3,PureTech 83 S&S (PLUS)(VL),M5,Manual,1199,Petrol,Internal Combustion Engine (ICE),83,61,0,,,,Euro 6d,False,WLTP,47.2,57,60.7,50,53.8,0,6,5,4.7,5.7,5.2,0,118,0,,,,,541,33,14,,,60,60,68.0,16 October 2024,
CITROEN,C3,PureTech 83 S&S (PLUS) (VH),M5,Manual,1199,Petrol,Internal Combustion Engine (ICE),83,61,0,,,,Euro 6d,False,WLTP,44.9,53,56.2,45.1,49.6,0,6.3,5.3,5,6.3,5.7,0,128,0,,,,,541,33,14,,,60,60,68.0,16 October 2024,
CITROEN,C3,PureTech 110 S&S EAT6 automatic (PLUS) (VL),A6,Automatic,1199,Petrol,Internal Combustion Engine (ICE),110,81,0,,,,Euro 6d,False,WLTP,38,49.4,58.1,50.7,50.2,0,7.4,5.7,4.9,5.6,5.6,0,127,0,,,,,327,23,23,,0.43,60,60,67.0,16 October 2024,
CITROEN,C3,PureTech 110 S&S EAT6 automatic (PLUS) (VH),A6,Automatic,1199,Petrol,Internal Combustion Engine (ICE),110,81,0,,,,Euro 6d,False,WLTP,36.4,46.7,53.9,45.3,46.3,0,7.8,6,5.2,6.2,6.1,0,138,0,,,,,327,23,23,,0.43,60,60,67.0,16 October 2024,
CITROEN,C3,PureTech 110 S&S EAT6 automatic (MAX) (VL),A6,Automatic,1199,Petrol,Internal Combustion Engine (ICE),110,81,0,,,,Euro 6d,False,WLTP,37.3,49.1,58,50.4,49.8,0,7.6,5.8,4.9,5.6,5.7,0,128,0,,,,,343,22,22,,0.42,60,60,67.0,16 October 2024,
CITROEN,C3,PureTech 110 S&S EAT6 automatic (MAX) (VH),A6,Automatic,1199,Petrol,Internal Combustion Engine (ICE),110,81,0,,,,Euro 6d,False,WLTP,35,45.5,51.4,43.4,44.6,0,8.1,6.2,5.5,6.5,6.3,0,143,0,,,,,343,22,22,,0.42,60,60,67.0,16 October 2024,
CITROEN,C3,PureTech 110 S&S 6-speed manual (VL),M6,Manual,1199,Petrol,Internal Combustion Engine (ICE),110,81,0,,,,Euro 6d,False,WLTP,44.4,54.9,60.8,50.9,53.3,0,6.4,5.1,4.6,5.6,5.3,0,120,0,,,,,353,25,24,,0.25,60,60,66.0,16 October 2024,
CITROEN,C3,PureTech 110 S&S 6-speed manual(VH),M6,Manual,1199,Petrol,Internal Combustion Engine (ICE),110,81,0,,,,Euro 6d,False,WLTP,41.2,50.7,55.3,44.6,48.1,0,6.9,5.6,5.1,6.3,5.9,0,133,0,,,,,353,25,24,,0.25,60,60,66.0,16 October 2024,
CITROEN,C3 Aircross,PureTech 110 S&S (VL),M6,Manual,1199,Petrol,Internal Combustion Engine (ICE),110,81,0,,,,Euro 6d,False,WLTP,44,57.7,62.6,50.9,54.2,0,6.4,4.9,4.5,5.6,5.2,0,117,0,,,,,522,33,26,,,60,60,67.0,29 September 2023,
CITROEN,C3 Aircross,PureTech 110 S&S(VH),M6,Manual,1199,Petrol,Internal Combustion Engine (ICE),110,81,0,,,,Euro 6d,False,WLTP,40,45.6,49.4,39,43.2,0,7.1,6.2,5.7,7.2,6.5,0,147,0,,,,,522,33,26,,,60,60,67.0,29 September 2023,
CITROEN,C3 Aircross,PureTech 130 S&S (VL),A6,Automatic,1199,Petrol,Internal Combustion Engine (ICE),131,96,0,,,,Euro 6d,False,WLTP,36.2,48.7,57.2,48.3,48.5,0,7.8,5.8,4.9,5.9,5.8,0,131,0,,,,,451,25,33,,,60,60,67.0,29 September 2023,
CITROEN,C3 Aircross,PureTech 130 S&S(VH),A6,Automatic,1199,Petrol,Internal Combustion Engine (ICE),131,96,0,,,,Euro 6d,False,WLTP,35,42.4,47.2,38.1,40.9,0,8.1,6.7,6,7.4,6.9,0,156,0,,,,,451,25,33,,,60,60,67.0,29 September 2023,
CITROEN,C3 Aircross,Blue HDi 110 (VL),M6,Manual,1499,Diesel,Internal Combustion Engine (ICE),110,81,0,,,,Euro 6d,False,WLTP,58.6,67.6,72.4,58.3,64,0,4.8,4.2,3.9,4.8,4.4,0,116,0,,,,,69,,71,77,0.85,120,120,68.0,29 September 2023,
CITROEN,C3 Aircross,Blue HDi 110 (VH),M6,Manual,1499,Diesel,Internal Combustion Engine (ICE),110,81,0,,,,Euro 6d,False,WLTP,53.3,58.3,60.2,47.8,53.9,0,5.3,4.8,4.7,5.9,5.2,0,137,0,,,,,69,,71,77,0.85,120,120,68.0,29 September 2023,
CITROEN,C4,PureTech 130 S&S (VL),A8,Automatic,1199,Petrol,Internal Combustion Engine (ICE),131,96,0,,,,Euro 6 EA,False,WLTP,38.1,50.2,60.9,49.8,50.7,0,7.4,5.6,4.6,5.7,5.6,0,126,0,,,,,317,22,37,,0.46,60,60,66.0,16 October 2024,
CITROEN,C4,PureTech 130 S&S(VH),A8,Automatic,1199,Petrol,Internal Combustion Engine (ICE),131,96,0,,,,Euro 6 EA,False,WLTP,36.8,44.8,52.5,43.2,44.9,0,7.7,6.3,5.4,6.5,6.3,0,142,0,,,,,317,22,37,,0.46,60,60,66.0,16 October 2024,
CITROEN,C4,Hybrid 136 e-DCS6 (VL),A6,Automatic,1199,Petrol Electric,Mild Hybrid Electric Vehicle (MHEV),136,100,0,,,,Euro 6 EA,False,WLTP,68.8,71.9,67.8,52.3,62.1,0,4.1,3.9,4.2,5.4,4.5,0,102,0,,,,,422,25,16,,1.30,60,60,65.0,16 October 2024,
CITROEN,C4,Hybrid 136 e-DCS6 (VL),A6,Automatic,1199,Petrol Electric,Mild Hybrid Electric Vehicle (MHEV),136,100,0,,,,Euro 6 EA,False,WLTP,60.6,58.1,55.6,42.6,51.1,0,4.7,4.9,5.1,6.6,5.5,0,125,0,,,,,422,25,16,,1.30,60,60,65.0,16 October 2024,
CITROEN,C4,Hybrid 100 e-DCS6 (VL),A6,Automatic,1199,Petrol Electric,Mild Hybrid Electric Vehicle (MHEV),101,74,0,,,,Euro 6 EA,False,WLTP,76.3,67.3,68.9,52.3,62.1,0,3.7,4.2,4.1,5.4,4.5,0,102,0,,,,,358,21,16,,,60,60,65.0,19 November 2024,
CITROEN,C4,Hybrid 100 e-DCS6 (VL),A6,Automatic,1199,Petrol Electric,Mild Hybrid Electric Vehicle (MHEV),101,74,0,,,,Euro 6 EA,False,WLTP,60.1,57.6,56.5,42.8,51.1,0,4.7,4.9,5,6.6,5.5,0,102,0,,,,,422,25,16,,,60,60,65.0,19 November 2024,
CITROEN,C4,PureTech 100 S&S (VL),M6,Manual,1199,Petrol,Internal Combustion Engine (ICE),101,74,0,,,,Euro 6 EA,False,WLTP,44.4,55.8,63.1,52.4,54.6,0,6.4,5.1,4.5,5.4,5.2,0,117,0,,,,,403,16,28,,0.34,60,60,66.0,16 October 2024,
CITROEN,C4,PureTech 100 S&S(VH),M6,Manual,1199,Petrol,Internal Combustion Engine (ICE),101,74,0,,,,Euro 6 EA,False,WLTP,41,49.5,54,43.3,47,0,6.9,5.7,5.2,6.5,6,0,136,0,,,,,403,16,28,,0.34,60,60,66.0,16 October 2024,
CITROEN,C4,PureTech 130 S&S (VL),M6,Manual,1199,Petrol,Internal Combustion Engine (ICE),131,96,0,,,,Euro 6 EA,False,WLTP,46.2,54.5,63.8,52,54.7,0,6.1,5.2,4.4,5.4,5.2,0,117,0,,,,,332,25,45,,0.40,60,60,67.0,16 October 2024,
CITROEN,C4,PureTech 130 S&S(VH),M6,Manual,1199,Petrol,Internal Combustion Engine (ICE),131,96,0,,,,Euro 6 EA,False,WLTP,41.2,48.2,55.1,44,47.3,0,6.9,5.9,5.1,6.4,6,0,135,0,,,,,332,25,45,,0.40,60,60,67.0,16 October 2024,
CITROEN,C4 X,PureTech 100 S&S (VL),M6,Manual,1199,Petrol,Internal Combustion Engine (ICE),101,74,0,,,,Euro 6 EA,False,WLTP,44.4,55.8,63.1,52.4,54.6,0,6.4,5.1,4.5,5.4,5.2,0,117,0,,,,,403,16,28,,0.34,60,60,66.0,16 October 2024,
CITROEN,C4 X,PureTech 100 S&S(VH),M6,Manual,1199,Petrol,Internal Combustion Engine (ICE),101,74,0,,,,Euro 6 EA,False,WLTP,41,49.5,54,43.3,47,0,6.9,5.7,5.2,6.5,6,0,136,0,,,,,403,16,28,,0.34,60,60,66.0,16 October 2024,
CITROEN,C4 X,PureTech 130 S&S (VL),A8,Automatic,1199,Petrol,Internal Combustion Engine (ICE),131,96,0,,,,Euro 6 EA,False,WLTP,38.1,50.2,60.9,49.8,50.7,0,7.4,5.6,4.6,5.7,5.6,0,126,0,,,,,317,22,37,,0.46,60,60,66.0,16 October 2024,
CITROEN,C4 X,PureTech 130 S&S(VH),A8,Automatic,1199,Petrol,Internal Combustion Engine (ICE),131,96,0,,,,Euro 6 EA,False,WLTP,36.8,44.8,52.5,43.2,44.9,0,7.7,6.3,5.4,6.5,6.3,0,142,0,,,,,317,22,37,,0.46,60,60,66.0,16 October 2024,
CITROEN,C4 X,Hybrid 136 e-DCS6 (VL),A6,Automatic,1199,Petrol Electric,Mild Hybrid Electric Vehicle (MHEV),136,100,0,,,,Euro 6 EA,False,WLTP,68.8,71.9,67.8,52.3,62.1,0,4.1,3.9,4.2,5.4,4.5,0,102,0,,,,,422,25,16,,1.30,60,60,65.0,16 October 2024,
CITROEN,C4 X,Hybrid 136 e-DCS6 (VL),A6,Automatic,1199,Petrol Electric,Mild Hybrid Electric Vehicle (MHEV),136,100,0,,,,Euro 6 EA,False,WLTP,60.6,58.1,55.6,42.6,51.1,0,4.7,4.9,5.1,6.6,5.5,0,125,0,,,,,422,25,16,,1.30,60,60,65.0,16 October 2024,
CITROEN,C5 Aircross,PureTech 130 S&S (VL),M6,Manual,1199,Petrol,Internal Combustion Engine (ICE),131,96,0,,,,Euro 6 EA,False,WLTP,40.3,50.7,55.4,45,48.1,0,7,5.6,5.1,6.3,5.9,0,132,0,,,,,378,22,40,,0.53,60,60,68.0,16 October 2024,
CITROEN,C5 Aircross,PureTech 130 S&S(VH),M6,Manual,1199,Petrol,Internal Combustion Engine (ICE),131,96,0,,,,Euro 6 EA,False,WLTP,35.9,41.7,46.1,37.3,40.3,0,7.9,6.8,6.1,7.6,7,0,158,0,,,,,378,22,40,,0.53,60,60,68.0,16 October 2024,
CITROEN,C5 Aircross,Hybrid (PureTech 136 petrol 6-speed Dual Clutch Transmission + 48V hybrid) (VL),A6,Automatic,1199,Petrol Electric,Mild Hybrid Electric Vehicle (MHEV),136,100,0,,,,Euro 6 EA,False,WLTP,61.4,55.7,59.7,45.6,53.3,0,4.6,5.1,4.7,6.2,5.3,0,120,0,,,,,440,19,18,,0.29,60,60,65.0,16 October 2024,
CITROEN,C5 Aircross,Hybrid (PureTech 136 petrol 6-speed Dual Clutch Transmission + 48V hybrid)(VH),A6,Automatic,1199,Petrol Electric,Mild Hybrid Electric Vehicle (MHEV),136,100,0,,,,Euro 6 EA,False,WLTP,52.6,47.7,51.4,39,45.6,0,5.4,5.9,5.5,7.2,6.2,0,139,0,,,,,440,19,18,,0.29,60,60,65.0,16 October 2024,
CITROEN,C5 Aircross,BlueHDi 130 S&S (VL),A8,Automatic,1499,Diesel,Internal Combustion Engine (ICE),131,96,0,,,,Euro 6 EA,True,WLTP,48.3,55.7,62.2,50,54.1,0,5.8,5.1,4.5,5.7,5.2,0,137,0,,,,,44,,51,55,0.21,80,80,67.0,16 October 2024,
CITROEN,C5 Aircross,BlueHDi 130 S&S (VH),A8,Automatic,1499,Diesel,Internal Combustion Engine (ICE),131,96,0,,,,Euro 6 EA,True,WLTP,40.8,47.8,52.1,41.4,45.4,0,6.9,5.9,5.4,6.8,6.2,0,163,0,,,,,44,,51,55,0.21,80,80,67.0,16 October 2024,
CITROEN,C5 Aircross,Plug-in Hybrid (180+80) (VL),A8,Automatic,1598,Electricity / Petrol,Plug-in Hybrid Electric Vehicle (PHEV),181,133,3.6,169,60,37,Euro 6 EA,False,WLTP,33,46.7,47.3,37.9,41.2,220.9,8.6,6,6,7.4,6.9,1.3,155,29,37,60,42,68,254,13,3,,0.22,60,60,67.0,16 October 2024,
CITROEN,C5 Aircross,Plug-in Hybrid (180+80) (VH),A8,Automatic,1598,Electricity / Petrol,Plug-in Hybrid Electric Vehicle (PHEV),181,133,3,205,51,32,Euro 6 EA,False,WLTP,30.9,41.2,41.8,32.9,36.5,148.8,9.1,6.9,6.8,8.6,7.7,1.9,175,43,32,51,40,64,254,13,3,,0.22,60,60,67.0,16 October 2024,
CITROEN,C5 X,PureTech 130 S&S (VL),A8,Automatic,1199,Petrol,Internal Combustion Engine (ICE),131,96,0,,,,Euro 6 EA,False,WLTP,39.2,46.7,54.5,45.9,47.3,0,7.2,6.1,5.2,6.1,6,0,135,0,,,,,392,21,40,,0.25,60,60,67.0,16 October 2024,
CITROEN,C5 X,PureTech 130 S&S(VH),A8,Automatic,1199,Petrol,Internal Combustion Engine (ICE),131,96,0,,,,Euro 6 EA,False,WLTP,35.2,40.8,46.4,38,40.4,0,8,6.9,6.1,7.4,7,0,158,0,,,,,392,21,40,,0.25,60,60,67.0,16 October 2024,
CITROEN,C5 X,Plug-in Hybrid 225 (180+80) (VL),A8,Automatic,1598,Electricity / Petrol,Plug-in Hybrid Electric Vehicle (PHEV),179,132,3.8,160,56,35,Euro 6 EA,False,WLTP,35.5,50.5,54.4,44.9,46.8,269.5,8,5.6,5.2,6.3,6,1,137,24,35,56,41,66,169,10,4,,0.23,60,60,68.0,16 October 2024,
CITROEN,C5 X,Plug-in Hybrid 225 (180+80) (VH),A8,Automatic,1598,Electricity / Petrol,Plug-in Hybrid Electric Vehicle (PHEV),179,132,3.6,169,55,34,Euro 6 EA,False,WLTP,33.7,47.1,47.6,38.3,41.7,211.3,8.4,6,5.9,7.4,6.8,1.3,154,30,34,55,41,66,169,10,4,,0.23,60,60,68.0,16 October 2024,
CITROEN,C5 X,Hybrid 136 e-DCS6 (VL),A6,Automatic,1199,Petrol Electric,Mild Hybrid Electric Vehicle (MHEV),136,100,0,,,,Euro 6 EA,False,WLTP,69.5,63,66.3,49.3,58.8,0,4.1,4.5,4.3,5.7,4.8,0,108,0,,,,,406,18,18,,0.21,60,60,67.0,16 October 2024,
CITROEN,C5 X,Hybrid 136 e-DCS6 (VH),A6,Automatic,1199,Petrol Electric,Mild Hybrid Electric Vehicle (MHEV),136,100,0,,,,Euro 6 EA,False,WLTP,53.6,50.7,53.5,41.2,47.9,0,5.3,5.6,5.3,6.9,5.9,0,133,0,,,,,406,18,18,,0.21,60,60,67.0,16 October 2024,
CITROEN,E-Berlingo,100kW EV with 50kWh battery (VL),A1,Electric - Not Applicable,0,Electricity,Battery Electric Vehicle (BEV) / Pure Electric Vehicle / Electric Vehicle (EV),136,100,3.3,187,293,182,Euro 6-WLTP (for BEVs only),False,WLTP,0,0,0,0,0,0,0,0,0,0,0,0,0,0,0,,269,433,,,,,,,,68.0,17 January 2025,
CITROEN,E-Berlingo,100kW EV with 50kWh battery (VH),A1,Electric - Not Applicable,0,Electricity,Battery Electric Vehicle (BEV) / Pure Electric Vehicle / Electric Vehicle (EV),136,100,2.7,227,245,152,Euro 6-WLTP (for BEVs only),False,WLTP,0,0,0,0,0,0,0,0,0,0,0,0,0,0,0,,215,346,,,,,,,,68.0,17 January 2025,
CITROEN,E-C3,83 kW with 44 kWh battery (VL),A1,Electric - Not Applicable,0,Electricity,Battery Electric Vehicle (BEV) / Pure Electric Vehicle / Electric Vehicle (EV),113,83,3.8,162,344,214,Euro 6-WLTP (for BEVs only),False,WLTP,0,0,0,0,0,0,0,0,0,0,0,0,0,0,0,,293,472,0,,,,,,,68.0,16 October 2024,
CITROEN,E-C3,83 kW with 44 kWh battery (VH),A1,Electric - Not Applicable,0,Electricity,Battery Electric Vehicle (BEV) / Pure Electric Vehicle / Electric Vehicle (EV),113,83,3.2,190,289,180,Euro 6-WLTP (for BEVs only),False,WLTP,0,0,0,0,0,0,0,0,0,0,0,0,0,0,0,,242,389,0,,,,,,,68.0,16 October 2024,
CITROEN,E-C4,115kW Electric Vehicle with 54kWh battery (VL),A1,Electric - Not Applicable,0,Electricity,Battery Electric Vehicle (BEV) / Pure Electric Vehicle / Electric Vehicle (EV),156,115,4.3,142,436,271,Euro 6-WLTP (for BEVs only),False,WLTP,0,0,0,0,0,0,0,0,0,0,0,0,0,0,0,,375,603,0,,,,,,,64.0,16 October 2024,
CITROEN,E-C4,115kW Electric Vehicle with 54kWh battery (VH),A1,Electric - Not Applicable,0,Electricity,Battery Electric Vehicle (BEV) / Pure Electric Vehicle / Electric Vehicle (EV),156,115,3.7,167,366,227,Euro 6-WLTP (for BEVs only),False,WLTP,0,0,0,0,0,0,0,0,0,0,0,0,0,0,0,,327,527,0,,,,,,,64.0,16 October 2024,
CITROEN,E-C4 X,100kW Electric Vehicle with 50kWh battery (VL),A1,Electric - Not Applicable,0,Electricity,Battery Electric Vehicle (BEV) / Pure Electric Vehicle / Electric Vehicle (EV),136,100,4.3,143,374,232,Euro 6-WLTP (for BEVs only),False,WLTP,0,0,0,0,0,0,0,0,0,0,0,0,0,0,0,,310,499,,,,,,,,68.0,17 January 2025,
CITROEN,E-C4 X,100kW Electric Vehicle with 50kWh battery (VH),A1,Electric - Not Applicable,0,Electricity,Battery Electric Vehicle (BEV) / Pure Electric Vehicle / Electric Vehicle (EV),136,100,3.7,167,324,201,Euro 6-WLTP (for BEVs only),False,WLTP,0,0,0,0,0,0,0,0,0,0,0,0,0,0,0,,282,454,,,,,,,,68.0,17 January 2025,
CITROEN,E-C4 X,100kW Electric Vehicle with 50kWh battery (VL),A1,Electric - Not Applicable,0,Electricity,Battery Electric Vehicle (BEV) / Pure Electric Vehicle / Electric Vehicle (EV),136,100,4.3,143,374,232,Euro 6-WLTP (for BEVs only),False,WLTP,0,0,0,0,0,0,0,0,0,0,0,0,0,0,0,,322,519,0,,,,,,,68.0,16 October 2024,
CITROEN,E-C4 X,100kW Electric Vehicle with 50kWh battery (VH),A1,Electric - Not Applicable,0,Electricity,Battery Electric Vehicle (BEV) / Pure Electric Vehicle / Electric Vehicle (EV),136,100,3.7,167,324,201,Euro 6-WLTP (for BEVs only),False,WLTP,0,0,0,0,0,0,0,0,0,0,0,0,0,0,0,,292,470,0,,,,,,,68.0,16 October 2024,
CITROEN,E-C4 X,115kW Electric Vehicle with 54kWh battery (VL),A1,Electric - Not Applicable,0,Electricity,Battery Electric Vehicle (BEV) / Pure Electric Vehicle / Electric Vehicle (EV),156,115,4.3,142,436,271,Euro 6-WLTP (for BEVs only),False,WLTP,0,0,0,0,0,0,0,0,0,0,0,0,0,0,0,,375,603,0,,,,,,,64.0,16 October 2024,
CITROEN,E-C4 X,115kW Electric Vehicle with 54kWh battery (VH),A1,Electric - Not Applicable,0,Electricity,Battery Electric Vehicle (BEV) / Pure Electric Vehicle / Electric Vehicle (EV),156,115,3.7,167,366,227,Euro 6-WLTP (for BEVs only),False,WLTP,0,0,0,0,0,0,0,0,0,0,0,0,0,0,0,,327,527,0,,,,,,,64.0,16 October 2024,
CITROEN,E-SpaceTourer,50KWh Electric (VL),A1,Electric - Not Applicable,0,Electricity,Battery Electric Vehicle (BEV) / Pure Electric Vehicle / Electric Vehicle (EV),136,100,2.7,230,238,148,Euro 6-WLTP (for BEVs only),False,WLTP,0,0,0,0,0,0,0,0,0,0,0,0,0,0,0,,229,369,,,,,,,,68.0,17 January 2025,
CITROEN,E-SpaceTourer,50KWh Electric (VH),A1,Electric - Not Applicable,0,Electricity,Battery Electric Vehicle (BEV) / Pure Electric Vehicle / Electric Vehicle (EV),136,100,2.2,282,196,122,Euro 6-WLTP (for BEVs only),False,WLTP,0,0,0,0,0,0,0,0,0,0,0,0,0,0,0,,174,280,,,,,,,,68.0,17 January 2025,
DACIA,Bigster,Expression Hybrid 155 MY25,A6,Automatic,1793,Petrol Electric,Hybrid Electric Vehicle (HEV),108,80,,,,,Euro 6 EB,False,WLTP,57.6,80.7,68.9,50.4,61.4,0,4.9,3.5,4.1,5.6,4.6,0,105,0,,,,,133,20,10,,,,,66.0,29 April 2025,
DACIA,Bigster,Expression Hybrid 155 MY25,A6,Automatic,1793,Petrol Electric,Hybrid Electric Vehicle (HEV),108,80,,,,,Euro 6 EB,False,WLTP,57.6,80.7,68.9,50.4,61.4,0,4.9,3.5,4.1,5.6,4.6,0,105,0,,,,,133,20,10,,,,,66.0,29 April 2025,
DACIA,Bigster,Expression TCe 130 4x4 MY25,M6,Manual,1199,Petrol,Internal Combustion Engine (ICE),130,96,,,,,Euro 6 EB,False,WLTP,40.4,53.3,54.3,42.8,47.1,0,7,5.3,5.2,6.6,6,0,134,0,,,,,298,23,32,,,,,68.0,29 April 2025,
DACIA,Bigster,Expression TCe 130 4x4 MY25,M6,Manual,1199,Petrol,Internal Combustion Engine (ICE),130,96,,,,,Euro 6 EB,False,WLTP,40.4,53.3,54.3,42.8,47.1,0,7,5.3,5.2,6.6,6,0,134,0,,,,,298,23,32,,,,,68.0,29 April 2025,
DACIA,Bigster,Extreme hybrid 155 MY25,A6,Automatic,1793,Petrol Electric,Hybrid Electric Vehicle (HEV),108,80,,,,,Euro 6 EB,False,WLTP,54.3,83.1,67.3,50.4,60.1,0,5.2,3.4,4.2,5.6,4.7,0,106,0,,,,,133,20,10,,,,,65.0,19 May 2025,
DACIA,Bigster,Extreme hybrid 155 MY25,A6,Automatic,1793,Petrol Electric,Hybrid Electric Vehicle (HEV),108,80,,,,,Euro 6 EB,False,WLTP,53.3,83.1,67.3,50.4,60.1,0,5.3,3.4,4.2,5.6,4.7,0,106,0,,,,,133,20,10,,,,,65.0,19 May 2025,
DACIA,Bigster,Extreme TCe 140 4x2 MY25,M6,Manual,1199,Petrol,Internal Combustion Engine (ICE),139,103,0,,,,Euro 6 EB,False,WLTP,39.8,60.1,60.1,47.1,51.4,0,7.1,4.7,4.7,6,5.5,0,124,0,,,,,197,18,26,,,,,64.0,12 March 2025,
DACIA,Bigster,Extreme TCe 140 4x2 MY25,M6,Manual,1199,Petrol,Internal Combustion Engine (ICE),139,103,0,,,,Euro 6 EB,False,WLTP,39.8,60.1,60.1,47.1,51.4,0,7.1,4.7,4.7,6,5.5,0,124,0,,,,,197,18,26,,,,,64.0,12 March 2025,
DACIA,Bigster,Extreme TCe 130 4x4 MY25,M6,Manual,1199,Petrol,Internal Combustion Engine (ICE),130,96,0,,,,Euro 6 EB,False,WLTP,40.4,51.4,53.3,42.2,46.3,0,7,5.5,5.3,6.7,6.1,0,137,0,,,,,298,23,32,,,,,68.0,12 March 2025,
DACIA,Bigster,Extreme TCe 130 4x4 MY25,M6,Manual,1199,Petrol,Internal Combustion Engine (ICE),130,96,0,,,,Euro 6 EB,False,WLTP,39.8,51.4,53.3,42.2,46.3,0,7.1,5.5,5.3,6.7,6.1,0,138,0,,,,,298,23,32,,,,,68.0,12 March 2025,
DACIA,Bigster,Journey Hybrid 155 MY25,A6,Automatic,1793,Petrol Electric,Hybrid Electric Vehicle (HEV),108,80,0,,,,Euro 6 EB,False,WLTP,55.4,83.1,68.9,50.4,60.1,0,5.1,3.4,4.1,5.6,4.7,0,106,0,,,,,133,20,10,,,,,66.0,29 April 2025,
DACIA,Bigster,Journey Hybrid 155 MY25,A6,Automatic,1793,Petrol Electric,Hybrid Electric Vehicle (HEV),108,80,0,,,,Euro 6d,False,WLTP,55.4,83.1,68.9,50.4,60.1,0,5.1,3.4,4.1,5.6,4.7,0,106,0,,,,,133,20,10,29,,,,66.0,24 February 2025,
DACIA,Bigster,Journey TCe 140 4x2 MY25,M6,Manual,1199,Petrol,Internal Combustion Engine (ICE),139,103,,,,,Euro 6 EB,False,WLTP,40.4,61.4,61.4,47.1,52.3,0,7,4.6,4.6,6,5.4,0,123,0,,,,,197,18,26,,,,,64.0,29 April 2025,
DACIA,Bigster,Journey TCe 140 4x2 MY25,M6,Manual,1199,Petrol,Internal Combustion Engine (ICE),139,103,,,,,Euro 6 EB,False,WLTP,40.4,61.4,61.4,47.1,52.3,0,7,4.6,4.6,6,5.4,0,123,0,,,,,197,18,26,,,,,64.0,29 April 2025,
DACIA,Duster,Comfort Blue dCi 115 4x2 MY22,M6,Manual,1461,Diesel,Internal Combustion Engine (ICE),115,85,0,,,,Euro 6d,False,WLTP,54.3,62.8,67.3,52.3,58.9,0,5.2,4.5,4.2,5.4,4.8,0,127,0,,,,,32,,13,21,0.20,80,80,69.0,27 September 2023,
DACIA,Duster,Comfort Blue dCi 115 4x2 MY22,M6,Manual,1461,Diesel,Internal Combustion Engine (ICE),115,85,0,,,,Euro 6d,False,WLTP,53.3,61.4,65.7,51.4,57.6,0,5.3,4.6,4.3,5.5,4.9,0,128,0,,,,,157,,29,82,0.61,80,80,69.0,27 September 2023,
DACIA,Duster,Comfort Blue dCi 115 4x4 MY22,M6,Manual,1461,Diesel,Internal Combustion Engine (ICE),114,84,0,,,,Euro 6d,False,WLTP,49.6,56.5,61.4,47.9,53.3,0,5.7,5,4.6,5.9,5.3,0,139,0,,,,,46,,13,20,0.37,80,80,69.0,27 September 2023,
DACIA,Duster,Comfort Blue dCi 115 4x4 MY22,M6,Manual,1461,Diesel,Internal Combustion Engine (ICE),114,84,0,,,,Euro 6d,False,WLTP,47.1,55.4,61.4,47.1,53.3,0,6,5.1,4.6,6,5.3,0,140,0,,,,,143,,23,85,0.39,80,80,69.0,27 September 2023,
DACIA,Duster,Comfort TCe 90 4x2 MY22,M6,Manual,999,Petrol,Internal Combustion Engine (ICE),91,67,0,,,,Euro 6d,False,WLTP,38.2,50.4,52.3,41.5,45.6,0,7.4,5.6,5.4,6.8,6.2,0,140,0,,,,,577,42,12,,,60,60,67.0,27 September 2023,
DACIA,Duster,Comfort TCe 90 4x2 MY22,M6,Manual,999,Petrol,Internal Combustion Engine (ICE),91,67,0,,,,Euro 6d,False,WLTP,37.7,49.6,52.3,41.5,45.6,0,7.5,5.7,5.4,6.8,6.2,0,141,0,,,,,577,42,12,,,60,60,67.0,27 September 2023,
DACIA,Duster,Comfort TCe 130 4x2 MY22,M6,Manual,1333,Petrol,Internal Combustion Engine (ICE),130,96,0,,,,Euro 6d,False,WLTP,38.7,49.6,52.3,41.5,45.6,0,7.3,5.7,5.4,6.8,6.2,0,141,0,,,,,252,15,13,,,60,60,69.0,27 September 2023,
DACIA,Duster,Comfort TCe 130 4x2 MY22,M6,Manual,1333,Petrol,Internal Combustion Engine (ICE),130,96,0,,,,Euro 6d,False,WLTP,38.2,49.6,52.3,41.5,45.6,0,7.4,5.7,5.4,6.8,6.2,0,141,0,,,,,252,15,13,,,60,60,69.0,27 September 2023,
DACIA,Duster,Comfort TCe 150 4x2 Auto EDC MY22,A6,Automatic,1330,Petrol,Internal Combustion Engine (ICE),149,110,0,,,,Euro 6d,False,WLTP,36.7,47.9,52.3,42.2,45.6,0,7.7,5.9,5.4,6.7,6.2,0,142,0,,,,,234,13,19,,,60,60,69.0,27 September 2023,
DACIA,Duster,Comfort TCe 150 4x2 Auto EDC MY22,A6,Automatic,1330,Petrol,Internal Combustion Engine (ICE),149,110,0,,,,Euro 6d,False,WLTP,36.7,47.9,52.3,42.2,44.8,0,7.7,5.9,5.4,6.7,6.3,0,142,0,,,,,234,13,19,,,60,60,69.0,27 September 2023,
DACIA,Duster,Comfort TCe 100 Bi-Fuel 4x2 MY22,M6,Manual,999,Petrol / LPG,Internal Combustion Engine (ICE),91,67,0,,,,Euro 6d,False,WLTP,36.7,47.9,50.4,40.9,44.1,0,7.7,5.9,5.6,6.9,6.4,0,145,0,,,,,632,53,15,,,60,60,69.0,27 September 2023,
DACIA,Duster,Comfort TCe 100 Bi-Fuel 4x2 MY22,M6,Manual,999,Petrol / LPG,Internal Combustion Engine (ICE),91,67,0,,,,Euro 6d,False,WLTP,36.7,47.9,50.4,40.4,44.1,0,7.7,5.9,5.6,7,6.4,0,145,0,,,,,632,53,15,,,60,60,69.0,27 September 2023,
DACIA,Duster,Essential TCe 90 4x2 MY22,M6,Manual,999,Petrol,Internal Combustion Engine (ICE),91,67,0,,,,Euro 6d,False,WLTP,38.7,50.4,53.3,41.5,45.6,0,7.3,5.6,5.3,6.8,6.2,0,139,0,,,,,577,42,12,,,60,60,67.0,27 September 2023,
DACIA,Duster,Essential TCe 90 4x2 MY22,M6,Manual,999,Petrol,Internal Combustion Engine (ICE),91,67,0,,,,Euro 6d,False,WLTP,37.7,49.6,52.3,40.9,45.6,0,7.5,5.7,5.4,6.9,6.2,0,141,0,,,,,577,42,12,,,60,60,67.0,27 September 2023,
DACIA,Duster,Essential TCe 90 4x2 MY23,M6,Manual,999,Petrol,Internal Combustion Engine (ICE),91,67,0,,,,Euro 6d,False,WLTP,38.7,50.4,53.3,41.5,45.6,0,7.3,5.6,5.3,6.8,6.2,0,139,0,,,,,577,42,12,,,60,60,67.0,27 September 2023,
DACIA,Duster,Essential TCe 90 4x2 MY23,M6,Manual,999,Petrol,Internal Combustion Engine (ICE),91,67,0,,,,Euro 6d,False,WLTP,38.2,49.6,52.3,41.5,45.6,0,7.4,5.7,5.4,6.8,6.2,0,140,0,,,,,577,42,12,,,60,60,67.0,27 September 2023,
DACIA,Duster,Essential TCe 100 Bi-Fuel 4x2  MY22,M6,Manual,999,Petrol / LPG,Internal Combustion Engine (ICE),91,67,0,,,,Euro 6d,False,WLTP,36.7,47.9,51.4,40.9,44.1,0,7.7,5.9,5.5,6.9,6.4,0,144,0,,,,,632,53,15,,,60,60,69.0,27 September 2023,
DACIA,Duster,Essential TCe 100 Bi-Fuel 4x2  MY22,M6,Manual,999,Petrol / LPG,Internal Combustion Engine (ICE),91,67,0,,,,Euro 6d,False,WLTP,36.7,47.9,50.4,40.4,44.1,0,7.7,5.9,5.6,7,6.4,0,145,0,,,,,632,53,15,,,60,60,69.0,27 September 2023,
DACIA,Duster,Essential TCe 100 Bi-Fuel 4x2 MY23.5,M6,Manual,999,Petrol / LPG,Internal Combustion Engine (ICE),100,74,0,,,,Euro 6d,False,WLTP,36.7,47.9,50.4,40.4,44.1,0,7.7,5.9,5.6,7,6.4,0,145,0,,,,,388,18,26,,,,,69.0,29 November 2023,
DACIA,Duster,Essential TCe 100 Bi-Fuel 4x2 MY23.5,M6,Manual,999,Petrol / LPG,Internal Combustion Engine (ICE),100,74,0,,,,Euro 6d,False,WLTP,36.7,47.9,50.4,40.4,44.1,0,7.7,5.9,5.6,7,6.4,0,145,0,,,,,388,18,26,,,,,69.0,29 November 2023,
DACIA,Duster,Essential TCe 90 4x2 MY23.5,M6,Manual,999,Petrol,Internal Combustion Engine (ICE),100,67,0,,,,Euro 6d,False,WLTP,38.7,50.4,53.3,41.5,45.6,0,7.3,5.6,5.3,6.8,6.2,0,139,0,,,,,577,42,12,,,,,67.0,29 November 2023,
DACIA,Duster,Essential TCe 90 4x2 MY23.5,M6,Manual,999,Petrol,Internal Combustion Engine (ICE),100,67,0,,,,Euro 6d,False,WLTP,38.2,49.6,52.3,41.5,45.6,0,7.4,5.7,5.4,6.8,6.2,0,140,0,,,,,577,42,12,,,,,67.0,29 November 2023,
DACIA,Duster,Expression TCe 100 Bi-Fuel 4x2 MY23,M6,Manual,999,Petrol / LPG,Internal Combustion Engine (ICE),91,67,0,,,,Euro 6d,False,WLTP,36.7,47.9,50.4,40.9,44.1,0,7.7,5.9,5.6,6.9,6.4,0,145,0,,,,,632,53,15,,,60,60,69.0,27 September 2023,
DACIA,Duster,Expression TCe 100 Bi-Fuel 4x2 MY23,M6,Manual,999,Petrol / LPG,Internal Combustion Engine (ICE),91,67,0,,,,Euro 6d,False,WLTP,36.7,47.9,50.4,40.9,44.1,0,7.7,5.9,5.6,6.9,6.4,0,145,0,,,,,632,53,15,,,60,60,69.0,27 September 2023,
DACIA,Duster,Expression Blue dCi 115 4x2 MY23,M6,Manual,1461,Diesel,Internal Combustion Engine (ICE),115,85,0,,,,Euro 6d,False,WLTP,54.3,61.4,67.3,52.3,58.9,0,5.2,4.6,4.2,5.4,4.8,0,127,0,,,,,32,,13,21,0.20,80,80,69.0,27 September 2023,
DACIA,Duster,Expression Blue dCi 115 4x2 MY23,M6,Manual,1461,Diesel,Internal Combustion Engine (ICE),115,85,0,,,,Euro 6d,False,WLTP,54.3,61.4,67.3,52.3,57.6,0,5.2,4.6,4.2,5.4,4.9,0,127,0,,,,,32,,13,21,0.20,80,80,69.0,27 September 2023,
DACIA,Duster,Expression Blue dCi 115 4x4 MY23,M6,Manual,1461,Diesel,Internal Combustion Engine (ICE),114,84,0,,,,Euro 6d,False,WLTP,47.9,56.5,61.4,47.9,53.3,0,5.9,5,4.6,5.9,5.3,0,139,0,,,,,46,,13,20,0.37,80,80,69.0,27 September 2023,
DACIA,Duster,Expression Blue dCi 115 4x4 MY23,M6,Manual,1461,Diesel,Internal Combustion Engine (ICE),114,84,0,,,,Euro 6d,False,WLTP,47.1,55.4,60.1,47.1,52.3,0,6,5.1,4.7,6,5.4,0,141,0,,,,,46,,13,20,0.37,80,80,69.0,27 September 2023,
DACIA,Duster,Expression TCe 90 4x2 MY23,M6,Manual,999,Petrol,Internal Combustion Engine (ICE),91,67,0,,,,Euro 6d,False,WLTP,38.2,50.4,52.3,41.5,45.6,0,7.4,5.6,5.4,6.8,6.2,0,140,0,,,,,577,42,12,,,60,60,67.0,27 September 2023,
DACIA,Duster,Expression TCe 90 4x2 MY23,M6,Manual,999,Petrol,Internal Combustion Engine (ICE),91,67,0,,,,Euro 6d,False,WLTP,37.7,49.6,52.3,41.5,45.6,0,7.5,5.7,5.4,6.8,6.2,0,140,0,,,,,577,42,12,,,60,60,67.0,27 September 2023,
DACIA,Duster,Expression TCe 130 4x2 MY23,M6,Manual,1332,Petrol,Internal Combustion Engine (ICE),130,96,0,,,,Euro 6d,False,WLTP,38.7,50.4,52.3,41.5,45.6,0,7.3,5.6,5.4,6.8,6.2,0,141,0,,,,,252,15,13,,,60,60,69.0,27 September 2023,
DACIA,Duster,Expression TCe 130 4x2 MY23,M6,Manual,1332,Petrol,Internal Combustion Engine (ICE),130,96,0,,,,Euro 6d,False,WLTP,38.2,49.6,52.3,41.5,45.6,0,7.4,5.7,5.4,6.8,6.2,0,141,0,,,,,252,15,13,,,60,60,69.0,27 September 2023,
DACIA,Duster,Expression TCe 150 4x2 EDC MY23,A6,Automatic,1332,Petrol,Internal Combustion Engine (ICE),149,110,0,,,,Euro 6d,False,WLTP,36.7,47.9,52.3,42.8,45.6,0,7.7,5.9,5.4,6.6,6.2,0,141,0,,,,,234,13,19,,,60,60,69.0,27 September 2023,
DACIA,Duster,Expression TCe 150 4x2 EDC MY23,A6,Automatic,1332,Petrol,Internal Combustion Engine (ICE),149,110,0,,,,Euro 6d,False,WLTP,36.7,47.9,52.3,42.8,44.8,0,7.7,5.9,5.4,6.6,6.3,0,142,0,,,,,234,13,19,,,60,60,69.0,27 September 2023,
DACIA,Duster,Expression TCe 100 Bi-Fuel 4x2 MY23.5,M6,Manual,999,Petrol / LPG,Internal Combustion Engine (ICE),91,67,0,,,,Euro 6d,False,WLTP,36.7,47.9,50.4,40.9,44.1,0,7.7,5.9,5.6,6.9,6.4,0,145,0,,,,,388,18,26,,,,,69.0,29 November 2023,
DACIA,Duster,Expression TCe 100 Bi-Fuel 4x2 MY23.5,M6,Manual,999,Petrol / LPG,Internal Combustion Engine (ICE),91,67,0,,,,Euro 6d,False,WLTP,36.7,47.9,50.4,40.9,44.1,0,7.7,5.9,5.6,6.9,6.4,0,145,0,,,,,388,18,26,,,,,69.0,29 November 2023,
DACIA,Duster,Expression TCe 130 4x2 MY23.5,M6,Manual,1332,Petrol,Internal Combustion Engine (ICE),130,96,0,,,,Euro 6d,False,WLTP,38.7,50.4,52.3,41.5,45.6,0,7.3,5.6,5.4,6.8,6.2,0,141,0,,,,,252,15,13,,,,,69.0,29 November 2023,
DACIA,Duster,Expression TCe 130 4x2 MY23.5,M6,Manual,1332,Petrol,Internal Combustion Engine (ICE),130,96,0,,,,Euro 6d,False,WLTP,38.2,49.6,52.3,41.5,45.6,0,7.4,5.7,5.4,6.8,6.2,0,141,0,,,,,252,15,13,,,,,69.0,29 November 2023,
DACIA,Duster,Expression TCe 90 4x2 MY23.5,M6,Manual,999,Petrol,Internal Combustion Engine (ICE),91,67,0,,,,Euro 6d,False,WLTP,38.2,50.4,52.3,41.5,45.6,0,7.4,5.6,5.4,6.8,6.2,0,140,0,,,,,577,42,12,,,,,67.0,29 November 2023,
DACIA,Duster,Expression TCe 90 4x2 MY23.5,M6,Manual,999,Petrol,Internal Combustion Engine (ICE),91,67,0,,,,Euro 6d,False,WLTP,37.7,49.6,52.3,41.5,45.6,0,7.5,5.7,5.4,6.8,6.2,0,140,0,,,,,577,42,12,,,,,67.0,29 November 2023,
DACIA,Duster,Extreme SE TCe 100 Bi-Fuel 4x2,M6,Manual,999,Petrol / LPG,Internal Combustion Engine (ICE),91,67,0,,,,Euro 6d,False,WLTP,36.7,47.9,50.4,40.9,44.1,0,7.7,5.9,5.6,6.9,6.4,0,145,0,,,,,632,53,15,,,60,60,69.0,27 September 2023,
DACIA,Duster,Extreme SE TCe 100 Bi-Fuel 4x2,M6,Manual,999,Petrol / LPG,Internal Combustion Engine (ICE),91,67,0,,,,Euro 6d,False,WLTP,36.7,47.1,50.4,40.4,44.1,0,7.7,6,5.6,7,6.4,0,145,0,,,,,632,53,15,,,60,60,69.0,27 September 2023,
DACIA,Duster,Extreme SE Blue dCi 115 4x2,M6,Manual,1461,Diesel,Internal Combustion Engine (ICE),115,85,0,,,,Euro 6d,False,WLTP,54.3,62.8,67.3,52.3,58.9,0,5.2,4.5,4.2,5.4,4.8,0,127,0,,,,,32,,13,21,0.20,80,80,69.0,27 September 2023,
DACIA,Duster,Extreme SE Blue dCi 115 4x2,M6,Manual,1461,Diesel,Internal Combustion Engine (ICE),115,85,0,,,,Euro 6d,False,WLTP,53.3,61.4,65.7,51.4,57.6,0,5.3,4.6,4.3,5.5,4.9,0,128,0,,,,,157,,29,82,0.61,80,80,69.0,27 September 2023,
DACIA,Duster,Extreme SE Blue dCi 115 4x4,M6,Manual,1461,Diesel,Internal Combustion Engine (ICE),114,84,0,,,,Euro 6d,False,WLTP,49.6,56.5,61.4,47.9,53.3,0,5.7,5,4.6,5.9,5.3,0,139,0,,,,,46,,13,20,0.37,80,80,69.0,27 September 2023,
DACIA,Duster,Extreme SE Blue dCi 115 4x4,M6,Manual,1461,Diesel,Internal Combustion Engine (ICE),114,84,0,,,,Euro 6d,False,WLTP,47.1,55.4,60.1,47.1,53.3,0,6,5.1,4.7,6,5.3,0,140,0,,,,,143,,23,85,0.39,80,80,69.0,27 September 2023,
DACIA,Duster,Extreme SE TCe 130 4x2,M6,Manual,1332,Petrol,Internal Combustion Engine (ICE),130,96,0,,,,Euro 6d,False,WLTP,38.7,50.4,52.3,41.5,45.6,0,7.3,5.6,5.4,6.8,6.2,0,141,0,,,,,252,15,13,,,60,60,69.0,27 September 2023,
DACIA,Duster,Extreme SE TCe 130 4x2,M6,Manual,1332,Petrol,Internal Combustion Engine (ICE),130,96,0,,,,Euro 6d,False,WLTP,38.2,49.6,52.3,41.5,45.6,0,7.4,5.7,5.4,6.8,6.2,0,141,0,,,,,252,15,13,,,60,60,69.0,27 September 2023,
DACIA,Duster,Extreme SE TCe 150 4x2 Auto EDC,A6,Automatic,1332,Petrol,Internal Combustion Engine (ICE),149,110,0,,,,Euro 6d,False,WLTP,36.7,47.9,52.3,42.8,45.6,0,7.7,5.9,5.4,6.6,6.2,0,141,0,,,,,234,13,19,,,60,60,69.0,27 September 2023,
DACIA,Duster,Extreme SE TCe 150 4x2 Auto EDC,A6,Automatic,1332,Petrol,Internal Combustion Engine (ICE),149,110,0,,,,Euro 6d,False,WLTP,36.7,47.9,52.3,42.2,44.8,0,7.7,5.9,5.4,6.7,6.3,0,142,0,,,,,234,13,19,,,60,60,69.0,27 September 2023,
DACIA,Duster,Extreme SE TCe 90 4x2,M6,Manual,999,Petrol,Internal Combustion Engine (ICE),91,67,0,,,,Euro 6d,False,WLTP,38.2,50.4,53.3,41.5,45.6,0,7.4,5.6,5.3,6.8,6.2,0,140,0,,,,,577,42,12,,,60,60,67.0,27 September 2023,
DACIA,Duster,Extreme SE TCe 90 4x2,M6,Manual,999,Petrol,Internal Combustion Engine (ICE),91,67,0,,,,Euro 6d,False,WLTP,37.7,49.6,52.3,40.9,45.6,0,7.5,5.7,5.4,6.9,6.2,0,141,0,,,,,577,42,12,,,60,60,67.0,27 September 2023,
DACIA,Duster,Extreme TCe 100 Bi-Fuel 4x2 MY23,M6,Manual,999,Petrol / LPG,Internal Combustion Engine (ICE),90,67,0,,,,Euro 6d,False,WLTP,35.8,29.7,39.2,41.5,33.2,0,7.9,9.5,7.2,6.8,8.5,0,127,0,,,,,632,53,15,,,60,60,69.0,27 September 2023,
DACIA,Duster,Extreme TCe 130 4x2 MY23,M6,Manual,1332,Petrol,Internal Combustion Engine (ICE),127,96,0,,,,Euro 6d,False,WLTP,38.7,49.6,52.3,41.5,45.6,0,7.3,5.7,5.4,6.8,6.2,0,141,0,,,,,252,15,13,,,60,60,69.0,27 September 2023,
DACIA,Duster,Extreme TCe 150 4x2 EDC MY23,A6,Automatic,1332,Petrol,Internal Combustion Engine (ICE),148,110,0,,,,Euro 6d,False,WLTP,36.7,47.9,52.3,42.2,45.6,0,7.7,5.9,5.4,6.7,6.2,0,141,0,,,,,234,13,19,,,60,60,69.0,27 September 2023,
DACIA,Duster,Extreme Blue dCi 115 4x2 MY23,M6,Manual,1461,Diesel,Internal Combustion Engine (ICE),115,85,0,,,,Euro 6d,False,WLTP,55.4,58.9,62.8,68.9,52.3,0,5.1,4.8,4.5,4.1,5.4,0,126,0,,,,,32,,13,21,0.20,80,80,69.0,27 September 2023,
DACIA,Duster,Extreme Blue dCi 115 4x4 MY23,M6,Manual,1461,Diesel,Internal Combustion Engine (ICE),115,85,0,,,,Euro 6d,False,WLTP,47.9,55.4,61.4,47.1,52.3,0,5.9,5.1,4.6,6,5.4,0,141,0,,,,,46,,15,20,0.37,80,80,69.0,27 September 2023,
DACIA,Duster,Extreme TCe 130 4x2 MY23.5,M6,Manual,1332,Petrol,Internal Combustion Engine (ICE),130,96,0,,,,Euro 6d,False,WLTP,38.2,49.6,52.3,41.5,45.6,0,7.4,5.7,5.4,6.8,6.2,0,141,0,,,,,252,15,13,,,,,69.0,29 November 2023,
DACIA,Duster,Extreme TCe 150 4x2 EDC MY23.5,A6,Automatic,1332,Petrol,Internal Combustion Engine (ICE),150,110,0,,,,Euro 6d,False,WLTP,36.7,47.9,52.3,42.2,45.6,0,7.7,5.9,5.4,6.7,6.2,0,141,0,,,,,233,13,19,,,,,69.0,29 November 2023,
DACIA,Duster,Extreme TCe 150 4x2 EDC MY23.5,A6,Automatic,1332,Petrol,Internal Combustion Engine (ICE),150,110,0,,,,Euro 6d,False,WLTP,36.7,47.9,52.3,42.2,44.8,0,7.7,5.9,5.4,6.7,6.3,0,142,0,,,,,233,13,19,,,,,69.0,29 November 2023,
DACIA,Duster,Extreme TCe 100 Bi-Fuel 4x2 MY23.5,M6,Manual,999,Petrol / LPG,Internal Combustion Engine (ICE),100,67,0,,,,Euro 6d,False,WLTP,36.7,47.1,50.4,40.4,44.1,0,7.7,6,5.6,7,6.4,0,145,0,,,,,388,18,26,,,,,69.0,29 November 2023,
DACIA,Duster,Extreme TCe 100 Bi-Fuel 4x2 MY23.5,M6,Manual,999,Petrol / LPG,Internal Combustion Engine (ICE),100,74,0,,,,Euro 6d,False,WLTP,36.7,47.1,50.4,40.4,44.1,0,7.7,6,5.6,7,6.4,0,145,0,,,,,632,53,15,,,,,69.0,29 November 2023,
DACIA,Duster,Extreme Blue dCi 115 4x2 MY23.5,M6,Manual,1461,Diesel,Internal Combustion Engine (ICE),115,85,0,,,,Euro 6d,False,WLTP,55.4,62.8,68.9,52.3,58.9,0,5.1,4.5,4.1,5.4,4.8,0,126,0,,,,,32,,13,21,,,,69.0,29 November 2023,
DACIA,Duster,Extreme Blue dCi 115 4x2 MY23.5,M6,Manual,1461,Diesel,Internal Combustion Engine (ICE),115,85,0,,,,Euro 6d,False,WLTP,54.3,61.4,67.3,52.3,58.9,0,5.2,4.6,4.2,5.4,4.8,0,127,0,,,,,32,,13,21,,,,69.0,29 November 2023,
DACIA,Duster,Extreme Blue dCi 115 4x4 MY23.5,M6,Manual,1461,Diesel,Internal Combustion Engine (ICE),115,85,0,,,,Euro 6d,False,WLTP,47.9,55.4,61.4,47.1,52.3,0,5.9,5.1,4.6,6,5.4,0,141,0,,,,,46,,13,20,,,,69.0,29 November 2023,
DACIA,Duster,Extreme Blue dCi 115 4x4 MY23.5,M6,Manual,1461,Diesel,Internal Combustion Engine (ICE),115,85,0,,,,Euro 6d,False,WLTP,47.1,55.4,60.1,47.1,52.3,0,6,5.1,4.7,6,5.4,0,142,0,,,,,46,,13,20,,,,69.0,29 November 2023,
DACIA,Duster,Extreme TCe 130 4x2 MY23.5,M6,Manual,1332,Petrol,Internal Combustion Engine (ICE),130,96,0,,,,Euro 6d,False,WLTP,38.7,49.6,52.3,41.5,45.6,0,7.3,5.7,5.4,6.8,6.2,0,141,0,,,,,252,15,13,,,,,69.0,29 November 2023,
DACIA,Duster,Journey TCe 100 Bi-Fuel 4x2 MY23,M6,Manual,999,Petrol / LPG,Internal Combustion Engine (ICE),91,67,0,,,,Euro 6d,False,WLTP,36.7,47.9,50.4,40.9,44.1,0,7.7,5.9,5.6,6.9,6.4,0,145,0,,,,,632,53,15,,,60,60,69.0,27 September 2023,
DACIA,Duster,Journey TCe 100 Bi-Fuel 4x2 MY23,M6,Manual,999,Petrol / LPG,Internal Combustion Engine (ICE),91,67,0,,,,Euro 6d,False,WLTP,36.7,47.9,50.4,40.9,44.1,0,7.7,5.9,5.6,6.9,6.4,0,145,0,,,,,632,53,15,,,60,60,69.0,27 September 2023,
DACIA,Duster,Journey Blue dCi 115 4x2 MY23,M6,Manual,1461,Diesel,Internal Combustion Engine (ICE),115,85,0,,,,Euro 6d,False,WLTP,54.3,61.4,68.9,52.3,58.9,0,5.2,4.6,4.1,5.4,4.8,0,127,0,,,,,32,,13,21,0.20,80,80,69.0,27 September 2023,
DACIA,Duster,Journey Blue dCi 115 4x2 MY23,M6,Manual,1461,Diesel,Internal Combustion Engine (ICE),115,85,0,,,,Euro 6d,False,WLTP,54.3,61.4,67.3,52.3,58.9,0,5.2,4.6,4.2,5.4,4.8,0,127,0,,,,,32,,13,21,0.20,80,80,69.0,27 September 2023,
DACIA,Duster,Journey Blue dCi 115 4x4 MY23,M6,Manual,1461,Diesel,Internal Combustion Engine (ICE),114,84,0,,,,Euro 6d,False,WLTP,47.9,56.5,61.4,47.9,53.3,0,5.9,5,4.6,5.9,5.3,0,139,0,,,,,46,,13,20,0.37,80,80,69.0,27 September 2023,
DACIA,Duster,Journey Blue dCi 115 4x4 MY23,M6,Manual,1461,Diesel,Internal Combustion Engine (ICE),114,84,0,,,,Euro 6d,False,WLTP,47.1,55.4,60.1,47.1,52.3,0,6,5.1,4.7,6,5.4,0,141,0,,,,,46,,13,20,0.37,80,80,69.0,27 September 2023,
DACIA,Duster,Journey TCe 130 4x2 MY23,M6,Manual,1332,Petrol,Internal Combustion Engine (ICE),130,96,0,,,,Euro 6d,False,WLTP,38.7,49.6,52.3,41.5,45.6,0,7.3,5.7,5.4,6.8,6.2,0,141,0,,,,,252,15,13,,,60,60,69.0,27 September 2023,
DACIA,Duster,Journey TCe 130 4x2 MY23,M6,Manual,1332,Petrol,Internal Combustion Engine (ICE),130,96,0,,,,Euro 6d,False,WLTP,38.2,49.6,52.3,41.5,45.6,0,7.4,5.7,5.4,6.8,6.2,0,141,0,,,,,252,15,13,,,60,60,69.0,27 September 2023,
DACIA,Duster,Journey TCe 150 4x2 EDC MY23,A6,Automatic,1332,Petrol,Internal Combustion Engine (ICE),149,110,0,,,,Euro 6d,False,WLTP,36.7,47.9,52.3,42.8,45.6,0,7.7,5.9,5.4,6.6,6.2,0,141,0,,,,,234,13,19,,,60,60,69.0,27 September 2023,
DACIA,Duster,Journey TCe 150 4x2 EDC MY23,A6,Automatic,1332,Petrol,Internal Combustion Engine (ICE),149,110,0,,,,Euro 6d,False,WLTP,36.7,47.9,52.3,42.8,44.8,0,7.7,5.9,5.4,6.6,6.3,0,142,0,,,,,234,13,19,,,60,60,69.0,27 September 2023,
DACIA,Duster,Journey TCe 90 4x2 MY23,M6,Manual,999,Petrol,Internal Combustion Engine (ICE),91,67,0,,,,Euro 6d,False,WLTP,38.2,50.4,52.3,41.5,45.6,0,7.4,5.6,5.4,6.8,6.2,0,140,0,,,,,577,42,12,,,60,60,67.0,27 September 2023,
DACIA,Duster,Journey TCe 90 4x2 MY23,M6,Manual,999,Petrol,Internal Combustion Engine (ICE),91,67,0,,,,Euro 6d,False,WLTP,37.7,49.6,52.3,41.5,45.6,0,7.5,5.7,5.4,6.8,6.2,0,140,0,,,,,577,42,12,,,60,60,67.0,27 September 2023,
DACIA,Duster,Journey TCe 100 Bi-Fuel 4x2 MY23.5,M6,Manual,999,Petrol / LPG,Internal Combustion Engine (ICE),91,67,0,,,,Euro 6d,False,WLTP,36.7,47.9,50.4,40.9,44.1,0,7.7,5.9,5.6,6.9,6.4,0,145,0,,,,,388,18,26,,,,,69.0,29 November 2023,
DACIA,Duster,Journey TCe 100 Bi-Fuel 4x2 MY23.5,M6,Manual,999,Petrol / LPG,Internal Combustion Engine (ICE),91,67,0,,,,Euro 6d,False,WLTP,36.7,47.9,50.4,40.9,44.1,0,7.7,5.9,5.6,6.9,6.4,0,145,0,,,,,388,18,26,,,,,69.0,29 November 2023,
DACIA,Duster,Journey TCe 130 4x2 MY23.5,M6,Manual,1332,Petrol,Internal Combustion Engine (ICE),130,96,0,,,,Euro 6d,False,WLTP,38.7,49.6,52.3,41.5,45.6,0,7.3,5.7,5.4,6.8,6.2,0,141,0,,,,,252,15,13,,,80,80,69.0,29 November 2023,
DACIA,Duster,Journey TCe 130 4x2 MY23.5,M6,Manual,1332,Petrol,Internal Combustion Engine (ICE),130,96,0,,,,Euro 6d,False,WLTP,38.2,49.6,52.3,41.5,45.6,0,7.4,5.7,5.4,6.8,6.2,0,141,0,,,,,252,15,13,,,80,80,69.0,29 November 2023,
DACIA,Duster,Journey TCe 130 4x2 MY23.5,M6,Manual,1332,Petrol,Internal Combustion Engine (ICE),149,96,0,,,,Euro 6d,False,WLTP,38.2,49.6,52.3,41.5,45.6,0,7.4,5.7,5.4,6.8,6.2,0,141,0,,,,,252,15,13,,,80,80,69.0,29 November 2023,
DACIA,Duster,Journey TCe 130 4x2 MY23.5,M6,Manual,1332,Petrol,Internal Combustion Engine (ICE),149,96,0,,,,Euro 6d,False,WLTP,38.2,49.6,52.3,41.5,45.6,0,7.4,5.7,5.4,6.8,6.2,0,141,0,,,,,252,15,13,,,80,80,69.0,29 November 2023,
DACIA,Duster,Journey TCe 150 4x2 EDC MY23.5,A6,Automatic,1332,Petrol,Internal Combustion Engine (ICE),149,110,0,,,,Euro 6d,False,WLTP,36.7,47.9,52.3,42.8,45.6,0,7.7,5.9,5.4,6.6,6.2,0,141,0,,,,,233,13,19,,,,,69.0,29 November 2023,
DACIA,Duster,Journey TCe 150 4x2 EDC MY23.5,A6,Automatic,1332,Petrol,Internal Combustion Engine (ICE),149,110,0,,,,Euro 6d,False,WLTP,36.7,47.9,52.3,42.8,44.8,0,7.7,5.9,5.4,6.6,6.3,0,142,0,,,,,233,13,19,,,,,69.0,29 November 2023,
DACIA,Duster,Journey TCe 90 4x2 MY23.5,M6,Manual,999,Petrol,Internal Combustion Engine (ICE),91,67,0,,,,Euro 6d,False,WLTP,38.2,50.4,52.3,41.5,45.6,0,7.4,5.6,5.4,6.8,6.2,0,140,0,,,,,577,42,12,,,,,67.0,29 November 2023,
DACIA,Duster,Journey TCe 90 4x2 MY23.5,M6,Manual,999,Petrol,Internal Combustion Engine (ICE),91,67,0,,,,Euro 6d,False,WLTP,37.7,49.6,52.3,41.5,45.6,0,7.5,5.7,5.4,6.8,6.2,0,140,0,,,,,577,42,12,,,,,67.0,29 November 2023,
DACIA,Duster,Journey Blue dCi 115 4x4 MY23.5,M6,Manual,1461,Diesel,Internal Combustion Engine (ICE),115,84,0,,,,Euro 6d,False,WLTP,47.9,55.4,61.4,47.9,52.3,0,5.9,5.1,4.6,5.9,5.4,0,141,0,,,,,46,,13,20,,80,,69.0,21 November 2023,
DACIA,Duster,Journey Blue dCi 115 4x4 MY23.5,M6,Manual,1461,Diesel,Internal Combustion Engine (ICE),115,84,0,,,,Euro 6d,False,WLTP,47.1,55.4,60.1,47.1,52.3,0,6,5.1,4.7,6,5.4,0,141,0,,,,,46,,13,20,,80,,69.0,21 November 2023,
DACIA,Duster,Prestige Blue dCi 115 4x2 MY22,M6,Manual,1461,Diesel,Internal Combustion Engine (ICE),115,85,0,,,,Euro 6d,False,WLTP,54.3,62.8,67.3,52.3,58.9,0,5.2,4.5,4.2,5.4,4.8,0,127,0,,,,,32,,13,21,0.20,80,80,69.0,27 September 2023,
DACIA,Duster,Prestige Blue dCi 115 4x2 MY22,M6,Manual,1461,Diesel,Internal Combustion Engine (ICE),115,85,0,,,,Euro 6d,False,WLTP,53.3,61.4,65.7,51.4,57.6,0,5.3,4.6,4.3,5.5,4.9,0,128,0,,,,,157,,29,82,0.61,80,80,69.0,27 September 2023,
DACIA,Duster,Prestige Blue dCi 115 4x4 MY22,M6,Manual,1461,Diesel,Internal Combustion Engine (ICE),114,84,0,,,,Euro 6d,False,WLTP,49.6,56.5,61.4,47.9,53.3,0,5.7,5,4.6,5.9,5.3,0,139,0,,,,,46,,13,20,0.37,80,80,69.0,27 September 2023,
DACIA,Duster,Prestige Blue dCi 115 4x4 MY22,M6,Manual,1461,Diesel,Internal Combustion Engine (ICE),114,84,0,,,,Euro 6d,False,WLTP,47.1,55.4,60.1,47.1,53.3,0,6,5.1,4.7,6,5.3,0,140,0,,,,,143,,23,85,0.39,80,80,69.0,27 September 2023,
DACIA,Duster,Prestige Blue dCi 115 4x4 MY22.5,M6,Manual,1461,Diesel,Internal Combustion Engine (ICE),114,84,0,,,,Euro 6d,False,WLTP,49.6,56.5,61.4,47.1,53.3,0,5.7,5,4.6,6,5.3,0,139,0,,,,,143,,23,85,0.39,80,80,69.0,27 September 2023,
DACIA,Duster,Prestige Blue dCi 115 4x4 MY22.5,M6,Manual,1461,Diesel,Internal Combustion Engine (ICE),114,84,0,,,,Euro 6d,False,WLTP,48.7,56.5,60.1,47.1,53.3,0,5.8,5,4.7,6,5.3,0,140,0,,,,,143,,23,85,0.39,80,80,69.0,27 September 2023,
DACIA,Duster,Prestige TCe 100 Bi-Fuel 4x2 MY22,M6,Manual,999,Petrol / LPG,Internal Combustion Engine (ICE),91,67,0,,,,Euro 6d,False,WLTP,36.7,47.9,50.4,40.9,44.1,0,7.7,5.9,5.6,6.9,6.4,0,145,0,,,,,632,53,15,,,60,60,69.0,27 September 2023,
DACIA,Duster,Prestige TCe 100 Bi-Fuel 4x2 MY22,M6,Manual,999,Petrol / LPG,Internal Combustion Engine (ICE),91,67,0,,,,Euro 6d,False,WLTP,36.7,47.1,50.4,40.4,44.1,0,7.7,6,5.6,7,6.4,0,145,0,,,,,632,53,15,,,60,60,69.0,27 September 2023,
DACIA,Duster,Prestige TCe 100 Bi-Fuel 4x2 MY22.5,M6,Manual,999,Petrol / LPG,Internal Combustion Engine (ICE),91,67,0,,,,Euro 6d,False,WLTP,36.7,47.1,50.4,40.4,44.1,0,7.7,6,5.6,7,6.4,0,145,0,,,,,632,53,15,,,60,60,69.0,27 September 2023,
DACIA,Duster,Prestige TCe 100 Bi-Fuel 4x2 MY22.5,M6,Manual,999,Petrol / LPG,Internal Combustion Engine (ICE),91,67,0,,,,Euro 6d,False,WLTP,36.7,47.1,50.4,40.4,44.1,0,7.7,6,5.6,7,6.4,0,145,0,,,,,632,53,15,,,60,60,69.0,27 September 2023,
DACIA,Duster,Prestige TCe 90 4x2 MY22.5,M6,Manual,999,Petrol,Internal Combustion Engine (ICE),91,67,0,,,,Euro 6d,False,WLTP,37.7,49.6,52.3,40.9,45.6,0,7.5,5.7,5.4,6.9,6.2,0,141,0,,,,,577,42,12,,,60,60,67.0,27 September 2023,
DACIA,Duster,Prestige TCe 90 4x2 MY22.5,M6,Manual,999,Petrol,Internal Combustion Engine (ICE),91,67,0,,,,Euro 6d,False,WLTP,38.2,50.4,52.3,41.5,45.6,0,7.4,5.6,5.4,6.8,6.2,0,140,0,,,,,577,42,12,,,60,60,67.0,27 September 2023,
DACIA,Duster,Prestige TCe 130 4x2 MY22,M6,Manual,1333,Petrol,Internal Combustion Engine (ICE),130,96,0,,,,Euro 6d,False,WLTP,38.7,49.6,52.3,41.5,45.6,0,7.3,5.7,5.4,6.8,6.2,0,141,0,,,,,252,15,13,,,60,60,69.0,27 September 2023,
DACIA,Duster,Prestige TCe 130 4x2 MY22,M6,Manual,1333,Petrol,Internal Combustion Engine (ICE),130,96,0,,,,Euro 6d,False,WLTP,38.2,49.6,52.3,41.5,45.6,0,7.4,5.7,5.4,6.8,6.2,0,141,0,,,,,252,15,13,,,60,60,69.0,27 September 2023,
DACIA,Duster,Prestige TCe 150 4x2 Auto EDC MY22,A6,Automatic,1333,Petrol,Internal Combustion Engine (ICE),149,110,0,,,,Euro 6d,False,WLTP,36.7,47.9,52.3,42.8,45.6,0,7.7,5.9,5.4,6.6,6.2,0,141,0,,,,,234,13,19,,,60,60,69.0,27 September 2023,
DACIA,Duster,Prestige TCe 150 4x2 Auto EDC MY22,A6,Automatic,1333,Petrol,Internal Combustion Engine (ICE),149,110,0,,,,Euro 6d,False,WLTP,36.7,47.9,52.3,42.2,44.8,0,7.7,5.9,5.4,6.7,6.3,0,142,0,,,,,234,13,19,,,60,60,69.0,27 September 2023,
DACIA,Duster,Prestige TCe 90 4x2 MY22,M6,Manual,999,Petrol,Internal Combustion Engine (ICE),91,67,0,,,,Euro 6d,False,WLTP,38.2,50.4,52.3,41.5,45.6,0,7.4,5.6,5.4,6.8,6.2,0,140,0,,,,,577,42,12,,,60,60,67.0,27 September 2023,
DACIA,Duster,Prestige TCe 90 4x2 MY22,M6,Manual,999,Petrol,Internal Combustion Engine (ICE),91,67,0,,,,Euro 6d,False,WLTP,37.7,49.6,52.3,40.9,45.6,0,7.5,5.7,5.4,6.9,6.2,0,141,0,,,,,577,42,12,,,60,60,67.0,27 September 2023,
DACIA,Duster,Prestige TCe 130 4x2 MY22.5,M6,Manual,1333,Petrol,Internal Combustion Engine (ICE),130,96,0,,,,Euro 6d,False,WLTP,38.7,49.6,52.3,41.5,45.6,0,7.3,5.7,5.4,6.8,6.2,0,141,0,,,,,252,15,13,,,60,60,69.0,27 September 2023,
DACIA,Duster,Prestige TCe 130 4x2 MY22.5,M6,Manual,1333,Petrol,Internal Combustion Engine (ICE),130,96,0,,,,Euro 6d,False,WLTP,38.2,49.6,52.3,41.5,45.6,0,7.4,5.7,5.4,6.8,6.2,0,141,0,,,,,252,15,13,,,60,60,69.0,27 September 2023,
DACIA,Duster,Prestige TCe 150 4x2 Auto EDC MY22.5,A6,Automatic,1333,Petrol,Internal Combustion Engine (ICE),149,110,0,,,,Euro 6d,False,WLTP,36.7,47.9,52.3,42.2,44.8,0,7.7,5.9,5.4,6.7,6.3,0,142,0,,,,,234,13,19,,,60,60,69.0,27 September 2023,
DACIA,Duster,Prestige TCe 150 4x2 Auto EDC MY22.5,A6,Automatic,1333,Petrol,Internal Combustion Engine (ICE),149,110,0,,,,Euro 6d,False,WLTP,36.7,47.9,52.3,42.2,44.8,0,7.7,5.9,5.4,6.7,6.3,0,142,0,,,,,234,13,19,,,60,60,69.0,27 September 2023,
DACIA,Duster,Expression HYBRID 140 4x2 MY24,A4,Automatic,1598,Petrol Electric,Hybrid Electric Vehicle (HEV),93,69,0,,,,Euro 6d,False,WLTP,62.8,67.3,64.2,45.6,56.5,0,4.5,4.2,4.4,6.2,5,0,113,0,,,,,360,26,4,30,,,,68.0,24 February 2025,
DACIA,Duster,Expression HYBRID 140 4x2 MY24,A4,Automatic,1598,Petrol Electric,Hybrid Electric Vehicle (HEV),93,69,0,,,,Euro 6d,False,WLTP,62.8,65.7,64.2,45.6,55.4,0,4.5,4.3,4.4,6.2,5.1,0,114,0,,,,,360,26,4,30,,,,68.0,24 February 2025,
DACIA,Duster,Expression TCe 130 4x4 MY24,M6,Manual,1199,Petrol,Internal Combustion Engine (ICE),130,96,0,,,,Euro 6d,False,WLTP,40.9,53.3,54.3,42.2,47.1,0,6.9,5.3,5.2,6.7,6,0,135,0,,,,,298,23,32,55,,,,68.0,24 February 2025,
DACIA,Duster,Expression TCe 130 4x4 MY24,M6,Manual,1199,Petrol,Internal Combustion Engine (ICE),130,96,0,,,,Euro 6d,False,WLTP,40.9,53.3,54.3,41.5,47.1,0,6.9,5.3,5.2,6.8,6,0,136,0,,,,,298,23,32,55,,,,68.0,24 February 2025,
DACIA,Duster,Journey TCe 130 4x2 MY24,M6,Manual,1199,Petrol,Internal Combustion Engine (ICE),130,96,0,,,,Euro 6d,False,WLTP,46.3,58.9,58.9,45.6,51.4,0,6.1,4.8,4.8,6.2,5.5,0,124,0,,,,,202,21,41,61,,,,68.0,24 February 2025,
DACIA,Duster,Journey TCe 130 4x2 MY24,M6,Manual,1199,Petrol,Internal Combustion Engine (ICE),130,96,0,,,,Euro 6d,False,WLTP,45.6,57.6,58.9,44.8,51.4,0,6.2,4.9,4.8,6.3,5.5,0,124,0,,,,,202,21,41,61,,,,68.0,24 February 2025,
DACIA,Duster,Journey TCe 130 4x4 MY24,M6,Manual,1199,Petrol,Internal Combustion Engine (ICE),130,96,0,,,,Euro 6d,False,WLTP,40.9,53.3,53.3,40.9,46.3,0,6.9,5.3,5.3,6.9,6.1,0,137,0,,,,,298,23,32,55,,,,68.0,24 February 2025,
DACIA,Duster,Journey TCe 130 4x4 MY24,M6,Manual,1199,Petrol,Internal Combustion Engine (ICE),130,96,0,,,,Euro 6d,False,WLTP,40.9,53.3,53.3,40.9,46.3,0,6.9,5.3,5.3,6.9,6.1,0,137,0,,,,,298,23,32,55,,,,68.0,24 February 2025,
DACIA,Jogger,Comfort TCe 110 4x2,M6,Manual,999,Petrol,Internal Combustion Engine (ICE),110,81,0,,,,Euro 6d,False,WLTP,42.8,53.3,57.6,43.5,48.7,0,6.6,5.3,4.9,6.5,5.8,0,131,0,,,,,234,24,23,0,,60,60,68.0,05 October 2023,
DACIA,Jogger,Comfort TCe 110 4x2,M6,Manual,999,Petrol,Internal Combustion Engine (ICE),110,81,0,,,,Euro 6d,False,WLTP,42.8,53.3,56.5,43.5,48.7,0,6.6,5.3,5,6.5,5.8,0,131,0,,,,,234,24,23,0,,60,60,68.0,05 October 2023,
DACIA,Jogger,Essential TCe 110 4x2,M6,Manual,999,Petrol,Internal Combustion Engine (ICE),110,81,0,,,,Euro 6d,False,WLTP,42.8,53.3,57.6,43.5,48.7,0,6.6,5.3,4.9,6.5,5.8,0,130,0,,,,,234,24,23,0,,60,60,68.0,05 October 2023,
DACIA,Jogger,Essential TCe 110 4x2,M6,Manual,999,Petrol,Internal Combustion Engine (ICE),110,81,0,,,,Euro 6d,False,WLTP,42.8,53.3,57.6,43.5,48.7,0,6.6,5.3,4.9,6.5,5.8,0,131,0,,,,,234,24,23,0,,60,60,68.0,05 October 2023,
DACIA,Jogger,Essential TCe 110 MY23,M6,Manual,999,Petrol,Internal Combustion Engine (ICE),110,81,0,,,,Euro 6d,False,WLTP,42.8,53.3,57.6,43.5,48.7,0,6.6,5.3,4.9,6.5,5.8,0,130,0,,,,,0,0,0,0,,0,0,68.0,05 October 2023,
DACIA,Jogger,Essential TCe 110 MY23,M6,Manual,999,Petrol,Internal Combustion Engine (ICE),110,81,0,,,,Euro 6d,False,WLTP,42.8,53.3,57.6,43.5,48.7,0,6.6,5.3,4.9,6.5,5.8,0,131,0,,,,,0,0,0,0,,0,0,68.0,05 October 2023,
DACIA,Jogger,Expression Full Hybrid 140 MY23,A6,Automatic,1598,Petrol Electric,Hybrid Electric Vehicle (HEV),110,81,0,,,,Euro 6d,False,WLTP,61.4,62.8,65.7,49.6,57.6,0,4.6,4.5,4.3,5.7,4.9,0,109,0,,,,,0,0,0,0,,0,0,67.0,05 October 2023,
DACIA,Jogger,Expression Full Hybrid 140 MY23,A6,Automatic,1598,Petrol Electric,Hybrid Electric Vehicle (HEV),109,108,0,,,,Euro 6d,False,WLTP,60.1,61.4,64.2,47.9,56.5,0,4.7,4.6,4.4,5.9,5,0,112,0,,,,,0,0,0,0,,0,0,67.0,05 October 2023,
DACIA,Jogger,Expression TCe 110 MY23,M6,Manual,999,Petrol,Internal Combustion Engine (ICE),109,108,0,,,,Euro 6d,False,WLTP,42.8,53.3,57.6,43.5,48.7,0,6.6,5.3,4.9,6.5,5.8,0,130,0,,,,,234,24,23,0,,60,60,68.0,05 October 2023,
DACIA,Jogger,Expression TCe 110 MY23,M6,Manual,999,Petrol,Internal Combustion Engine (ICE),138,136,0,,,,Euro 6d,False,WLTP,42.8,53.3,56.5,43.5,48.7,0,6.6,5.3,5,6.5,5.8,0,131,0,,,,,234,24,23,0,,60,60,68.0,05 October 2023,
DACIA,Jogger,Extreme SE TCe 110 4x2,M6,Manual,999,Petrol,Internal Combustion Engine (ICE),110,81,0,,,,Euro 6d,False,WLTP,42.8,53.3,57.6,44.1,48.7,0,6.6,5.3,4.9,6.4,5.8,0,130,0,,,,,234,24,23,0,,60,60,68.0,05 October 2023,
DACIA,Jogger,Extreme SE TCe 110 4x2,M6,Manual,999,Petrol,Internal Combustion Engine (ICE),110,81,0,,,,Euro 6d,False,WLTP,42.8,53.3,57.6,43.5,48.7,0,6.6,5.3,4.9,6.5,5.8,0,131,0,,,,,234,24,23,0,,60,60,68.0,05 October 2023,
DACIA,Jogger,Extreme TCe 110 MY23.5,M6,Manual,999,Petrol,Internal Combustion Engine (ICE),110,81,0,,,,Euro 6d,False,WLTP,42.8,53.3,57.6,44.1,48.7,0,6.6,5.3,4.9,6.4,5.8,0,130,0,,,,,0,0,0,0,,0,0,68.0,05 October 2023,
DACIA,Jogger,Extreme TCe 110 MY23.5,M6,Manual,999,Petrol,Internal Combustion Engine (ICE),110,81,0,,,,Euro 6d,False,WLTP,42.8,53.3,57.6,44.1,48.7,0,6.6,5.3,4.9,6.4,5.8,0,131,0,,,,,0,0,0,0,,0,0,68.0,05 October 2023,
DACIA,Jogger,Extreme SE Full Hybrid 140 MY23,A6,Automatic,1598,Petrol Electric,Hybrid Electric Vehicle (HEV),138,136,0,,,,Euro 6d,False,WLTP,61.4,62.8,65.7,49.6,57.6,0,4.6,4.5,4.3,5.7,4.9,0,109,0,,,,,0,0,0,0,,0,0,67.0,05 October 2023,
DACIA,Jogger,Extreme SE Full Hybrid 140 MY23,A6,Automatic,1598,Petrol Electric,Hybrid Electric Vehicle (HEV),138,136,0,,,,Euro 6d,False,WLTP,60.1,61.4,64.2,48.7,56.5,0,4.7,4.6,4.4,5.8,5,0,111,0,,,,,0,0,0,0,,0,0,67.0,05 October 2023,
DACIA,Jogger,Extreme SE TCe 110 MY23,M6,Manual,999,Petrol,Internal Combustion Engine (ICE),110,81,0,,,,Euro 6d,False,WLTP,42.8,53.3,57.6,44.1,48.7,0,6.6,5.3,4.9,6.4,5.8,0,130,0,,,,,234,24,23,0,,60,60,68.0,05 October 2023,
DACIA,Jogger,Extreme SE TCe 110 MY23,M6,Manual,999,Petrol,Internal Combustion Engine (ICE),110,81,0,,,,Euro 6d,False,WLTP,42.8,53.3,57.6,44.1,48.7,0,6.6,5.3,4.9,6.4,5.8,0,131,0,,,,,234,24,23,0,,60,60,68.0,05 October 2023,
DACIA,Jogger,Extreme HYBRID 140 MY23.5,A6,Automatic,1598,Petrol Electric,Hybrid Electric Vehicle (HEV),138,136,0,,,,Euro 6d,False,WLTP,61.4,62.8,65.7,49.6,57.6,0,4.6,4.5,4.3,5.7,4.9,0,109,0,,,,,0,0,0,0,,0,0,67.0,05 October 2023,
DACIA,Jogger,Extreme HYBRID 140 MY23.5,A6,Automatic,1598,Petrol Electric,Hybrid Electric Vehicle (HEV),138,136,0,,,,Euro 6d,False,WLTP,61.4,62.8,65.7,49.6,57.6,0,4.6,4.5,4.3,5.7,4.9,0,109,0,,,,,0,0,0,0,,0,0,67.0,05 October 2023,
DACIA,Jogger,Essential TCe 110 MY24,M6,Manual,999,Petrol,Internal Combustion Engine (ICE),110,81,0,,,,Euro 6d,False,WLTP,42.2,52.3,56.5,42.8,47.9,0,6.7,5.4,5,6.6,5.9,0,132,0,,,,,234,24,23,,,60,,68.0,10 July 2024,
DACIA,Jogger,Essential TCe 110 MY24,M6,Manual,999,Petrol,Internal Combustion Engine (ICE),110,81,0,,,,Euro 6d,False,WLTP,42.2,52.3,56.5,42.8,47.9,0,6.7,5.4,5,6.6,5.9,0,132,0,,,,,234,24,23,,,60,,68.0,10 July 2024,
DACIA,Jogger,Expression HYBRID 140 MY24,A6,Automatic,1598,Petrol Electric,Hybrid Electric Vehicle (HEV),110,81,0,,,,Euro 6d,False,WLTP,61.4,62.8,65.7,49.6,58.9,0,4.6,4.5,4.3,5.7,4.8,0,108,0,,,,,0,0,0,0,0.00,0,0,67.0,25 November 2024,
DACIA,Jogger,Expression HYBRID 140 MY24,A6,Automatic,1598,Petrol Electric,Hybrid Electric Vehicle (HEV),110,81,0,,,,Euro 6d,False,WLTP,61.4,62.8,65.7,49.6,58.9,0,4.6,4.5,4.3,5.7,4.8,0,108,0,,,,,0,0,0,0,0.00,0,0,67.0,25 November 2024,
DACIA,Sandero,Access SCe 65,M5,Manual,999,Petrol,Internal Combustion Engine (ICE),66,49,0,,,,Euro 6d,False,WLTP,46.3,60.1,61.4,47.1,53.3,0,6.1,4.7,4.6,6,5.3,0,121,0,,,,,308,31,27,0,,60,60,69.0,14 August 2023,
DACIA,Sandero,Access SCe 65,M5,Manual,999,Petrol,Internal Combustion Engine (ICE),66,49,0,,,,Euro 6d,False,WLTP,46.3,60.1,61.4,47.1,53.3,0,6.1,4.7,4.6,6,5.3,0,121,0,,,,,308,31,27,,,60,60,69.0,03 March 2023,
DACIA,Sandero,Comfort SCe 65,M5,Manual,999,Petrol,Internal Combustion Engine (ICE),66,49,0,,,,Euro 6d,False,WLTP,44.8,58.9,61.4,47.1,52.3,0,6.3,4.8,4.6,6,5.4,0,121,0,,,,,308,31,27,0,,60,60,69.0,14 August 2023,
DACIA,Sandero,Comfort SCe 65,M5,Manual,999,Petrol,Internal Combustion Engine (ICE),66,49,0,,,,Euro 6d,False,WLTP,44.8,58.9,61.4,47.1,52.3,0,6.3,4.8,4.6,6,5.4,0,121,0,,,,,308,31,27,,,60,60,69.0,03 March 2023,
DACIA,Sandero,Comfort TCe 90,M6,Manual,999,Petrol,Internal Combustion Engine (ICE),91,67,0,,,,Euro 6d,False,WLTP,42.2,57.6,62.8,49.6,53.3,0,6.7,4.9,4.5,5.7,5.3,0,120,0,,,,,241,36,29,,,60,60,69.0,03 March 2023,
DACIA,Sandero,Comfort TCe 90,M6,Manual,999,Petrol,Internal Combustion Engine (ICE),91,67,0,,,,Euro 6d,False,WLTP,42.2,57.6,62.8,49.6,53.3,0,6.7,4.9,4.5,5.7,5.3,0,120,0,,,,,241,36,29,0,,60,60,69.0,14 August 2023,
DACIA,Sandero,Comfort TCe 90 Auto,N/A,Automatic,999,Petrol,Internal Combustion Engine (ICE),91,67,0,,,,Euro 6d,False,WLTP,37.2,53.3,57.6,44.8,48.7,0,7.6,5.3,4.9,6.3,5.8,0,132,0,,,,,184,24,31,0,,60,60,68.0,14 August 2023,
DACIA,Sandero,Comfort TCe 90 Auto,CVT,Automatic,999,Petrol,Internal Combustion Engine (ICE),91,67,0,,,,Euro 6d,False,WLTP,37.2,53.3,57.6,44.8,48.7,0,7.6,5.3,4.9,6.3,5.8,0,132,0,,,,,184,24,31,,,60,60,68.0,03 March 2023,
DACIA,Sandero,Comfort TCe 100 Bi-Fuel,M6,Manual,999,Petrol / LPG,Internal Combustion Engine (ICE),91,67,0,,,,Euro 6d,False,WLTP,40.4,56.5,60.1,49.6,52.3,0,7,5,4.7,5.7,5.4,0,123,0,,,,,390,38,20,,,60,60,69.0,03 March 2023,
DACIA,Sandero,Comfort TCe 100 Bi-Fuel,M6,Manual,999,Petrol / LPG,Internal Combustion Engine (ICE),91,67,0,,,,Euro 6d,False,WLTP,40.4,55.4,60.1,48.7,51.4,0,7,5.1,4.7,5.8,5.5,0,123,0,,,,,390,38,20,,,60,60,69.0,03 March 2023,
DACIA,Sandero,Comfort TCe 100 Bi-Fuel,M6,Manual,999,Petrol,Internal Combustion Engine (ICE),91,67,0,,,,Euro 6d,False,WLTP,40.4,55.4,60.1,48.7,51.4,0,7,5.1,4.7,5.8,5.5,0,123,0,,,,,390,38,20,0,,60,60,69.0,14 August 2023,
DACIA,Sandero,Comfort TCe 100 Bi-Fuel,M6,Manual,999,Petrol,Internal Combustion Engine (ICE),91,67,0,,,,Euro 6d,False,WLTP,40.4,55.4,60.1,48.7,51.4,0,7,5.1,4.7,5.8,5.5,0,123,0,,,,,390,38,20,0,,60,60,69.0,14 August 2023,
DACIA,Sandero,Essential SCe 65,M5,Manual,999,Petrol,Internal Combustion Engine (ICE),66,49,0,,,,Euro 6d,False,WLTP,45.6,58.9,61.4,47.1,52.3,0,6.2,4.8,4.6,6,5.4,0,121,0,,,,,308,31,27,,,60,60,69.0,03 March 2023,
DACIA,Sandero,Essential SCe 65,M5,Manual,999,Petrol,Internal Combustion Engine (ICE),66,49,0,,,,Euro 6d,False,WLTP,45.6,58.9,61.4,47.1,52.3,0,6.2,4.8,4.6,6,5.4,0,121,0,,,,,308,31,27,0,,60,60,69.0,14 August 2023,
DACIA,Sandero,Essential TCe 90,M6,Manual,999,Petrol,Internal Combustion Engine (ICE),91,67,0,,,,Euro 6d,False,WLTP,42.2,58.9,62.8,49.6,53.3,0,6.7,4.8,4.5,5.7,5.3,0,120,0,,,,,241,36,29,0,,60,60,69.0,14 August 2023,
DACIA,Sandero,Essential TCe 90,M6,Manual,999,Petrol,Internal Combustion Engine (ICE),91,67,0,,,,Euro 6d,False,WLTP,42.2,57.6,62.8,49.6,53.3,0,6.7,4.9,4.5,5.7,5.3,0,120,0,,,,,241,36,29,,,60,60,69.0,03 March 2023,
DACIA,Sandero,Essential TCe 90 MY23,M5,Manual,999,Petrol,Internal Combustion Engine (ICE),89,67,0,,,,Euro 6d,False,WLTP,42.2,57.6,62.8,49.6,53.3,0,6.7,4.9,4.5,5.7,5.3,0,120,0,,,,,266,35,21,,,,,70.0,21 June 2023,
DACIA,Sandero,Essential TCe 90 MY23,M5,Manual,999,Petrol,Internal Combustion Engine (ICE),0,0,0,,,,Euro 6d,False,WLTP,42.2,57.6,62.8,49.6,53.3,0,6.7,4.9,4.5,5.7,5.3,0,120,0,,,,,0,0,0,0,,0,0,70.0,14 August 2023,
DACIA,Sandero,Essential TCe 100 Bi-Fuel,M6,Manual,999,Petrol / LPG,Internal Combustion Engine (ICE),91,67,0,,,,Euro 6d,False,WLTP,40.4,56.5,60.1,48.7,52.3,0,7,5,4.7,5.8,5.4,0,123,0,,,,,390,38,20,,,60,60,69.0,03 March 2023,
DACIA,Sandero,Essential TCe 100 Bi-Fuel,M6,Manual,999,Petrol / LPG,Internal Combustion Engine (ICE),91,67,0,,,,Euro 6d,False,WLTP,40.4,56.5,60.1,48.7,52.3,0,7,5,4.7,5.8,5.4,0,123,0,,,,,390,38,20,,,60,60,69.0,03 March 2023,
DACIA,Sandero,Essential TCe 100 Bi-Fuel,M6,Manual,999,Petrol,Internal Combustion Engine (ICE),91,67,0,,,,Euro 6d,False,WLTP,40.4,56.5,60.1,48.7,52.3,0,7,5,4.7,5.8,5.4,0,123,0,,,,,390,38,20,0,,60,60,69.0,14 August 2023,
DACIA,Sandero,Essential TCe 100 Bi-Fuel,M6,Manual,999,Petrol,Internal Combustion Engine (ICE),91,67,0,,,,Euro 6d,False,WLTP,40.4,56.5,60.1,48.7,52.3,0,7,5,4.7,5.8,5.4,0,123,0,,,,,390,38,20,0,,60,60,69.0,14 August 2023,
DACIA,Sandero,Expression TCe 90 MY23,M5,Manual,999,Petrol,Internal Combustion Engine (ICE),91,67,0,,,,Euro 6d,False,WLTP,41.5,57.6,62.8,49.6,53.3,0,6.8,4.9,4.5,5.7,5.3,0,120,0,,,,,317,40,27,0,,60,60,70.0,14 August 2023,
DACIA,Sandero,Expression TCe 90 MY23,M5,Manual,999,Petrol,Internal Combustion Engine (ICE),91,67,0,,,,Euro 6d,False,WLTP,41.5,57.6,62.8,49.6,53.3,0,6.8,4.9,4.5,5.7,5.3,0,120,0,,,,,317,40,27,,,60,60,70.0,03 March 2023,
DACIA,Sandero,Expression TCe 90 Auto MY23,A5,Automatic,999,Petrol,Internal Combustion Engine (ICE),89,67,0,,,,Euro 6d,False,WLTP,37.7,53.3,58.9,45.6,49.6,0,7.5,5.3,4.8,6.2,5.7,0,130,0,,,,,380,37,25,,,,,68.0,21 June 2023,
DACIA,Sandero,Expression TCe 90 Auto MY23,N/A,Automatic,999,Petrol,Internal Combustion Engine (ICE),0,0,0,,,,Euro 6d,False,WLTP,37.7,54.3,58.9,45.6,49.6,0,7.5,5.2,4.8,6.2,5.7,0,129,0,,,,,0,0,0,0,,0,0,68.0,14 August 2023,
DACIA,Sandero,Expression TCe 100 Bi-Fuel MY23,M5,Manual,999,Petrol / LPG,Internal Combustion Engine (ICE),91,67,0,,,,Euro 6d,False,WLTP,40.9,54.3,61.4,48.7,52.3,0,6.9,5.2,4.6,5.8,5.4,0,123,0,,,,,431,38,24,,,60,60,70.0,03 March 2023,
DACIA,Sandero,Expression TCe 100 Bi-Fuel MY23,M5,Manual,999,Petrol / LPG,Internal Combustion Engine (ICE),91,67,0,,,,Euro 6d,False,WLTP,40.9,54.3,61.4,48.7,52.3,0,6.9,5.2,4.6,5.8,5.4,0,123,0,,,,,431,38,24,,,60,60,70.0,03 March 2023,
DACIA,Sandero,Expression TCe 100 Bi-Fuel MY23,M5,Manual,999,Petrol,Internal Combustion Engine (ICE),91,67,0,,,,Euro 6d,False,WLTP,40.9,54.3,61.4,48.7,52.3,0,6.9,5.2,4.6,5.8,5.4,0,123,0,,,,,431,38,24,0,,60,60,70.0,14 August 2023,
DACIA,Sandero,Expression TCe 100 Bi-Fuel MY23,M5,Manual,999,Petrol,Internal Combustion Engine (ICE),91,67,0,,,,Euro 6d,False,WLTP,40.9,54.3,61.4,48.7,52.3,0,6.9,5.2,4.6,5.8,5.4,0,123,0,,,,,431,38,24,0,,60,60,70.0,14 August 2023,
DACIA,Sandero,Stepway Comfort TCe 90,M6,Manual,999,Petrol,Internal Combustion Engine (ICE),91,67,0,,,,Euro 6d,False,WLTP,42.2,55.4,60.1,44.1,50.4,0,6.7,5.1,4.7,6.4,5.6,0,128,0,,,,,266,35,21,0,,60,60,68.0,14 August 2023,
DACIA,Sandero,Stepway Comfort TCe 90,M6,Manual,999,Petrol,Internal Combustion Engine (ICE),91,67,0,,,,Euro 6d,False,WLTP,42.2,55.4,60.1,44.1,50.4,0,6.7,5.1,4.7,6.4,5.6,0,128,0,,,,,266,35,21,,,60,60,68.0,03 March 2023,
DACIA,Sandero,Stepway Comfort TCe 90 Auto,N/A,Automatic,999,Petrol,Internal Combustion Engine (ICE),91,67,0,,,,Euro 6d,False,WLTP,35.8,51.4,54.3,40.9,45.6,0,7.9,5.5,5.2,6.9,6.2,0,141,0,,,,,260,23,32,0,,60,60,69.0,14 August 2023,
DACIA,Sandero,Stepway Comfort TCe 90 Auto,CVT,Automatic,999,Petrol,Internal Combustion Engine (ICE),91,67,0,,,,Euro 6d,False,WLTP,35.8,51.4,54.3,40.9,45.6,0,7.9,5.5,5.2,6.9,6.2,0,141,0,,,,,260,23,32,,,60,60,69.0,03 March 2023,
DACIA,Sandero,Stepway Comfort TCe 100 Bi-Fuel,M6,Manual,999,Petrol / LPG,Internal Combustion Engine (ICE),91,67,0,,,,Euro 6d,False,WLTP,39.8,53.3,56.5,44.8,48.7,0,7.1,5.3,5,6.3,5.8,0,131,0,,,,,380,37,25,,,60,60,68.0,03 March 2023,
DACIA,Sandero,Stepway Comfort TCe 100 Bi-Fuel,M6,Manual,999,Petrol / LPG,Internal Combustion Engine (ICE),91,67,0,,,,Euro 6d,False,WLTP,39.8,52.3,56.5,44.8,48.7,0,7.1,5.4,5,6.3,5.8,0,131,0,,,,,380,37,25,,,60,60,68.0,03 March 2023,
DACIA,Sandero,Stepway Comfort TCe 100 Bi-Fuel,M6,Manual,999,Petrol / LPG,Internal Combustion Engine (ICE),91,67,0,,,,Euro 6d,False,WLTP,39.8,52.3,56.5,44.8,48.7,0,7.1,5.4,5,6.3,5.8,0,131,0,,,,,380,37,25,,,60,60,68.0,03 March 2023,
DACIA,Sandero,Stepway Comfort TCe 100 Bi-Fuel,M6,Manual,999,Petrol / LPG,Internal Combustion Engine (ICE),91,67,0,,,,Euro 6d,False,WLTP,39.8,52.3,56.5,44.8,48.7,0,7.1,5.4,5,6.3,5.8,0,131,0,,,,,380,37,25,,,60,60,68.0,03 March 2023,
DACIA,Sandero,Stepway Comfort TCe 100 Bi-Fuel,M6,Manual,999,Petrol,Internal Combustion Engine (ICE),91,67,0,,,,Euro 6d,False,WLTP,39.8,52.3,56.5,44.8,48.7,0,7.1,5.4,5,6.3,5.8,0,131,0,,,,,380,37,25,0,,60,60,68.0,14 August 2023,
DACIA,Sandero,Stepway Comfort TCe 100 Bi-Fuel,M6,Manual,999,Petrol,Internal Combustion Engine (ICE),91,67,0,,,,Euro 6d,False,WLTP,39.8,52.3,56.5,44.8,48.7,0,7.1,5.4,5,6.3,5.8,0,131,0,,,,,380,37,25,0,,60,60,68.0,14 August 2023,
DACIA,Sandero,Stepway Comfort TCe 100 Bi-Fuel,M6,Manual,999,Petrol,Internal Combustion Engine (ICE),91,67,0,,,,Euro 6d,False,WLTP,39.8,52.3,56.5,44.8,48.7,0,7.1,5.4,5,6.3,5.8,0,131,0,,,,,380,37,25,0,,60,60,68.0,14 August 2023,
DACIA,Sandero,Stepway Comfort TCe 100 Bi-Fuel,M6,Manual,999,Petrol,Internal Combustion Engine (ICE),91,67,0,,,,Euro 6d,False,WLTP,39.8,52.3,56.5,44.8,48.7,0,7.1,5.4,5,6.3,5.8,0,131,0,,,,,380,37,25,0,,60,60,68.0,14 August 2023,
DACIA,Sandero,Stepway Essential TCe 90,M6,Manual,999,Petrol,Internal Combustion Engine (ICE),91,67,0,,,,Euro 6d,False,WLTP,42.8,56.5,60.1,44.8,50.4,0,6.6,5,4.7,6.3,5.6,0,127,0,,,,,266,35,21,0,,60,60,68.0,14 August 2023,
DACIA,Sandero,Stepway Essential TCe 90,M6,Manual,999,Petrol,Internal Combustion Engine (ICE),91,67,0,,,,Euro 6d,False,WLTP,42.8,55.4,60.1,44.8,50.4,0,6.6,5.1,4.7,6.3,5.6,0,128,0,,,,,266,35,21,,,60,60,68.0,03 March 2023,
DACIA,Sandero,Stepway Essential TCe 90 MY23,M6,Manual,999,Petrol,Internal Combustion Engine (ICE),0,0,0,,,,Euro 6d,False,WLTP,42.8,55.4,60.1,44.8,50.4,0,6.6,5.1,4.7,6.3,5.6,0,127,0,,,,,0,0,0,0,,0,0,68.0,14 August 2023,
DACIA,Sandero,Stepway Essential TCe 90 MY23,M6,Manual,999,Petrol,Internal Combustion Engine (ICE),89,67,0,,,,Euro 6d,False,WLTP,42.8,55.4,60.1,44.8,50.4,0,6.6,5.1,4.7,6.3,5.6,0,127,0,,,,,252,15,13,,,,,68.0,21 June 2023,
DACIA,Sandero,Stepway Essential TCe 100 Bi-Fuel MY23,M6,Manual,999,Petrol / LPG,Internal Combustion Engine (ICE),89,67,0,,,,Euro 6d,False,WLTP,40.4,53.3,56.5,44.8,48.7,0,7,5.3,5,6.3,5.8,0,131,0,,,,,317,40,27,,,,,68.0,21 June 2023,
DACIA,Sandero,Stepway Essential TCe 100 Bi-Fuel MY23,M6,Manual,999,Petrol / LPG,Internal Combustion Engine (ICE),89,67,0,,,,Euro 6d,False,WLTP,40.4,53.3,56.5,44.8,48.7,0,7,5.3,5,6.3,5.8,0,131,0,,,,,317,40,27,,,,,68.0,21 June 2023,
DACIA,Sandero,Stepway Essential TCe 100 Bi-Fuel,M6,Manual,999,Petrol,Internal Combustion Engine (ICE),91,67,0,,,,Euro 6d,False,WLTP,40.4,53.3,56.5,44.8,48.7,0,7,5.3,5,6.3,5.8,0,131,0,,,,,380,37,25,0,,60,60,68.0,14 August 2023,
DACIA,Sandero,Stepway Essential TCe 100 Bi-Fuel,M6,Manual,999,Petrol,Internal Combustion Engine (ICE),91,67,0,,,,Euro 6d,False,WLTP,40.4,53.3,56.5,44.8,48.7,0,7,5.3,5,6.3,5.8,0,131,0,,,,,380,37,25,0,,60,60,68.0,14 August 2023,
DACIA,Sandero,Stepway Essential TCe 100 Bi-Fuel MY23,M6,Manual,999,Petrol,Internal Combustion Engine (ICE),0,0,0,,,,Euro 6d,False,WLTP,40.4,53.3,56.5,44.8,48.7,0,7,5.3,5,6.3,5.8,0,131,0,,,,,0,0,0,0,,0,0,68.0,14 August 2023,
DACIA,Sandero,Stepway Essential TCe 100 Bi-Fuel,M6,Manual,999,Petrol / LPG,Internal Combustion Engine (ICE),91,67,0,,,,Euro 6d,False,WLTP,40.4,53.3,56.5,44.8,48.7,0,7,5.3,5,6.3,5.8,0,131,0,,,,,380,37,25,,,60,60,68.0,03 March 2023,
DACIA,Sandero,Stepway Essential TCe 100 Bi-Fuel,M6,Manual,999,Petrol / LPG,Internal Combustion Engine (ICE),91,67,0,,,,Euro 6d,False,WLTP,40.4,53.3,56.5,44.8,48.7,0,7,5.3,5,6.3,5.8,0,131,0,,,,,380,37,25,,,60,60,68.0,03 March 2023,
DACIA,Sandero,Stepway Essential TCe 100 Bi-Fuel MY23,M6,Manual,999,Petrol,Internal Combustion Engine (ICE),0,0,0,,,,Euro 6d,False,WLTP,40.4,53.3,56.5,44.8,48.7,0,7,5.3,5,6.3,5.8,0,131,0,,,,,0,0,0,0,,0,0,68.0,14 August 2023,
DACIA,Sandero,Stepway Expression TCe 90 MY23,M6,Manual,999,Petrol,Internal Combustion Engine (ICE),91,67,0,,,,Euro 6d,False,WLTP,42.2,55.4,60.1,44.8,50.4,0,6.7,5.1,4.7,6.3,5.6,0,128,0,,,,,266,35,21,0,,60,60,68.0,14 August 2023,
DACIA,Sandero,Stepway Expression TCe 90 MY23,M6,Manual,999,Petrol,Internal Combustion Engine (ICE),91,67,0,,,,Euro 6d,False,WLTP,42.2,55.4,60.1,44.8,50.4,0,6.7,5.1,4.7,6.3,5.6,0,128,0,,,,,266,35,21,,,60,60,68.0,03 March 2023,
DACIA,Sandero,Stepway Expression TCe 90 Auto MY23,N/A,Automatic,999,Petrol,Internal Combustion Engine (ICE),91,67,0,,,,Euro 6d,False,WLTP,35.8,51.4,54.3,40.9,45.6,0,7.9,5.5,5.2,6.9,6.2,0,140,0,,,,,260,23,32,0,,60,60,69.0,14 August 2023,
DACIA,Sandero,Stepway Expression TCe 100 Bi-Fuel MY23,M6,Manual,999,Petrol / LPG,Internal Combustion Engine (ICE),89,67,0,,,,Euro 6d,False,WLTP,39.8,52.3,56.5,44.8,48.7,0,7.1,5.4,5,6.3,5.8,0,131,0,,,,,260,23,32,,,,,68.0,21 June 2023,
DACIA,Sandero,Stepway Expression TCe 100 Bi-Fuel MY23,M6,Manual,999,Petrol / LPG,Internal Combustion Engine (ICE),89,67,0,,,,Euro 6d,False,WLTP,39.8,52.3,56.5,44.8,48.7,0,7.1,5.4,5,6.3,5.8,0,131,0,,,,,260,23,32,,,,,68.0,21 June 2023,
DACIA,Sandero,Stepway Expression TCe 100 Bi-Fuel MY23,M6,Manual,999,Petrol,Internal Combustion Engine (ICE),0,0,0,,,,Euro 6d,False,WLTP,39.8,52.3,56.5,44.8,48.7,0,7.1,5.4,5,6.3,5.8,0,131,0,,,,,0,0,0,0,,0,0,68.0,14 August 2023,
DACIA,Sandero,Stepway Expression TCe 100 Bi-Fuel MY23,M6,Manual,999,Petrol,Internal Combustion Engine (ICE),0,0,0,,,,Euro 6d,False,WLTP,39.8,52.3,56.5,44.8,48.7,0,7.1,5.4,5,6.3,5.8,0,131,0,,,,,0,0,0,0,,0,0,68.0,14 August 2023,
DACIA,Sandero,Stepway Expression TCe 90 Auto MY23,CVT,Automatic,999,Petrol,Internal Combustion Engine (ICE),91,67,0,,,,Euro 6d,False,WLTP,36.2,51.4,55.4,40.9,45.6,0,7.8,5.5,5.1,6.9,6.2,0,140,0,,,,,260,23,32,,,60,60,69.0,03 March 2023,
DACIA,Sandero,Stepway extreme Tce 90 MY23,M6,Manual,999,Petrol,Internal Combustion Engine (ICE),90,67,0,,,,Euro 6d,False,WLTP,42.8,56.5,60.1,44.8,50.4,0,6.6,5,4.7,6.3,5.6,0,127,0,,,,,266,35,21,,,60,60,68.0,02 October 2023,
DACIA,Sandero,Stepway extreme Tce Auto MY23,M6,Automatic,999,Petrol,Internal Combustion Engine (ICE),90,67,0,,,,Euro 6d,False,WLTP,36.2,51.4,55.4,40.9,45.6,0,7.8,5.5,5.1,6.9,6.2,0,140,0,,,,,260,23,32,,,60,60,69.0,02 October 2023,
DACIA,Sandero,Stepway Extreme Tce Bi-Fuel MY23,M6,Manual,999,Petrol / LPG,Internal Combustion Engine (ICE),90,67,0,,,,Euro 6d,False,WLTP,33.2,44.1,46.3,36.7,39.8,0,8.5,6.4,6.1,7.7,7.1,0,114,0,,,,,380,37,25,,,60,60,68.0,02 October 2023,
DACIA,Sandero,Stepway Extreme TCe 90 MY23.5,M6,Manual,999,Petrol,Internal Combustion Engine (ICE),0,0,0,,,,Euro 6d,False,WLTP,42.8,55.4,60.1,44.8,50.4,0,6.6,5.1,4.7,6.3,5.6,0,127,0,,,,,0,0,0,0,,0,0,68.0,14 August 2023,
DACIA,Sandero,Stepway Extreme TCe 90 MY23.5,M6,Manual,999,Petrol,Internal Combustion Engine (ICE),0,0,0,,,,Euro 6d,False,WLTP,42.8,55.4,60.1,44.8,50.4,0,6.6,5.1,4.7,6.3,5.6,0,127,0,,,,,0,0,0,0,,0,0,68.0,14 August 2023,
DACIA,Sandero,Stepway Extreme TCe 90 Auto MY23.5,N/A,Automatic,999,Petrol,Internal Combustion Engine (ICE),0,0,0,,,,Euro 6d,False,WLTP,36.2,51.4,55.4,40.9,45.6,0,7.8,5.5,5.1,6.9,6.2,0,140,0,,,,,0,0,0,0,,0,0,69.0,14 August 2023,
DACIA,Sandero,Stepway Extreme TCe 90 Auto MY23.5,N/A,Automatic,999,Petrol,Internal Combustion Engine (ICE),0,0,0,,,,Euro 6d,False,WLTP,35.8,51.4,54.3,40.9,45.6,0,7.9,5.5,5.2,6.9,6.2,0,140,0,,,,,0,0,0,0,,0,0,69.0,14 August 2023,
DACIA,Sandero,Stepway Extreme TCe 90 Auto MY23.5,N/A,Automatic,999,Petrol,Internal Combustion Engine (ICE),0,0,0,,,,Euro 6d,False,WLTP,36.2,51.4,55.4,40.9,45.6,0,7.8,5.5,5.1,6.9,6.2,0,140,0,,,,,0,0,0,0,,0,0,69.0,14 August 2023,
DACIA,Sandero,Stepway Extreme TCe 90 Auto MY23.5,N/A,Automatic,999,Petrol,Internal Combustion Engine (ICE),0,0,0,,,,Euro 6d,False,WLTP,35.8,51.4,54.3,40.9,45.6,0,7.9,5.5,5.2,6.9,6.2,0,140,0,,,,,0,0,0,0,,0,0,69.0,14 August 2023,
DACIA,Sandero,Stepway Extreme TCe 100 Bi-Fuel MY23.5,M6,Manual,999,Petrol,Internal Combustion Engine (ICE),0,0,0,,,,Euro 6d,False,WLTP,39.8,52.3,56.5,44.8,48.7,0,7.1,5.4,5,6.3,5.8,0,131,0,,,,,0,0,0,0,,0,0,68.0,14 August 2023,
DACIA,Sandero,Stepway Journey TCe 90 MY23,M6,Manual,999,Petrol,Internal Combustion Engine (ICE),91,67,0,,,,Euro 6d,False,WLTP,42.2,55.4,60.1,44.8,50.4,0,6.7,5.1,4.7,6.3,5.6,0,127,0,,,,,266,35,21,0,,60,60,68.0,14 August 2023,
DACIA,Sandero,Stepway Journey TCe 90 MY23,M6,Manual,999,Petrol,Internal Combustion Engine (ICE),91,67,0,,,,Euro 6d,False,WLTP,42.2,55.4,60.1,44.8,50.4,0,6.7,5.1,4.7,6.3,5.6,0,127,0,,,,,266,35,21,,,60,60,68.0,03 March 2023,
DACIA,Sandero,Stepway Journey TCe 90 Auto MY23,N/A,Automatic,999,Petrol,Internal Combustion Engine (ICE),91,67,0,,,,Euro 6d,False,WLTP,35.8,51.4,55.4,41.5,45.6,0,7.9,5.5,5.1,6.8,6.2,0,140,0,,,,,260,23,32,0,,60,60,69.0,14 August 2023,
DACIA,Sandero,Stepway Journey TCe 90 Auto MY23,CVT,Automatic,999,Petrol,Internal Combustion Engine (ICE),91,67,0,,,,Euro 6d,False,WLTP,35.8,51.4,55.4,41.5,45.6,0,7.9,5.5,5.1,6.8,6.2,0,140,0,,,,,260,23,32,,,60,60,69.0,03 March 2023,
DACIA,Sandero,Stepway Journey TCe 100 Bi-Fuel MY23,M6,Manual,999,Petrol / LPG,Internal Combustion Engine (ICE),89,67,0,,,,Euro 6d,False,WLTP,39.8,53.3,56.5,45.6,48.7,0,7.1,5.3,5,6.2,5.8,0,130,0,,,,,380,37,25,,,,,68.0,21 June 2023,
DACIA,Sandero,Stepway Journey TCe 100 Bi-Fuel MY23,M6,Manual,999,Petrol / LPG,Internal Combustion Engine (ICE),89,67,0,,,,Euro 6d,False,WLTP,39.8,53.3,56.5,45.6,48.7,0,7.1,5.3,5,6.2,5.8,0,130,0,,,,,380,37,25,,,,,68.0,21 June 2023,
DACIA,Sandero,Stepway Journey TCe 100 Bi-Fuel MY23,M6,Manual,999,Petrol,Internal Combustion Engine (ICE),0,0,0,,,,Euro 6d,False,WLTP,39.8,53.3,56.5,45.6,48.7,0,7.1,5.3,5,6.2,5.8,0,130,0,,,,,0,0,0,0,,0,0,68.0,14 August 2023,
DACIA,Sandero,Stepway Journey TCe 100 Bi-Fuel MY23,M6,Manual,999,Petrol,Internal Combustion Engine (ICE),0,0,0,,,,Euro 6d,False,WLTP,39.8,53.3,56.5,45.6,48.7,0,7.1,5.3,5,6.2,5.8,0,130,0,,,,,0,0,0,0,,0,0,68.0,14 August 2023,
DACIA,Sandero,Stepway Prestige TCe 90,M6,Manual,999,Petrol,Internal Combustion Engine (ICE),91,67,0,,,,Euro 6d,False,WLTP,42.2,55.4,60.1,44.8,50.4,0,6.7,5.1,4.7,6.3,5.6,0,127,0,,,,,266,35,21,,,60,60,68.0,03 March 2023,
DACIA,Sandero,Stepway Prestige TCe 90,M6,Manual,999,Petrol,Internal Combustion Engine (ICE),91,67,0,,,,Euro 6d,False,WLTP,42.2,55.4,60.1,44.8,50.4,0,6.7,5.1,4.7,6.3,5.6,0,127,0,,,,,266,35,21,0,,60,60,68.0,14 August 2023,
DACIA,Sandero,Stepway Prestige TCe 90 Auto,N/A,Automatic,999,Petrol,Internal Combustion Engine (ICE),91,67,0,,,,Euro 6d,False,WLTP,35.8,51.4,54.3,41.5,45.6,0,7.9,5.5,5.2,6.8,6.2,0,140,0,,,,,260,23,32,0,,60,60,69.0,14 August 2023,
DACIA,Sandero,Stepway Prestige TCe 90 Auto,CVT,Automatic,999,Petrol,Internal Combustion Engine (ICE),91,67,0,,,,Euro 6d,False,WLTP,35.8,51.4,54.3,41.5,45.6,0,7.9,5.5,5.2,6.8,6.2,0,140,0,,,,,260,23,32,,,60,60,69.0,03 March 2023,
DACIA,Sandero,Stepway Prestige TCe 100 Bi-Fuel,M6,Manual,999,Petrol / LPG,Internal Combustion Engine (ICE),91,67,0,,,,Euro 6d,False,WLTP,39.8,53.3,56.5,45.6,48.7,0,7.1,5.3,5,6.2,5.8,0,130,0,,,,,380,37,25,,,60,60,68.0,03 March 2023,
DACIA,Sandero,Stepway Prestige TCe 100 Bi-Fuel,M6,Manual,999,Petrol / LPG,Internal Combustion Engine (ICE),91,67,0,,,,Euro 6d,False,WLTP,39.8,53.3,56.5,45.6,48.7,0,7.1,5.3,5,6.2,5.8,0,130,0,,,,,380,37,25,,,60,60,68.0,03 March 2023,
DACIA,Sandero,Stepway Prestige TCe 100 Bi-Fuel,M6,Manual,999,Petrol,Internal Combustion Engine (ICE),91,67,0,,,,Euro 6d,False,WLTP,39.8,53.3,56.5,45.6,48.7,0,7.1,5.3,5,6.2,5.8,0,130,0,,,,,380,37,25,0,,60,60,68.0,14 August 2023,
DACIA,Sandero,Expression TCe 100 Bi-Fuel MY24,M5,Manual,999,Petrol / LPG,Internal Combustion Engine (ICE),100,74,0,,,,Euro 6d,False,WLTP,40.9,55.4,61.4,49.6,52.3,0,6.9,5.1,4.6,5.7,5.4,0,122,0,,,,,431,38,24,,,60,,70.0,10 July 2024,
DACIA,Sandero,Expression TCe 100 Bi-Fuel MY24,M5,Manual,999,Petrol / LPG,Internal Combustion Engine (ICE),100,74,0,,,,Euro 6d,False,WLTP,40.9,55.4,61.4,49.6,52.3,0,6.9,5.1,4.6,5.7,5.4,0,122,0,,,,,431,38,24,,,60,,70.0,10 July 2024,
DACIA,Sandero,Journey TCe 100 Bi-Fuel MY24,M5,Manual,999,Petrol / LPG,Internal Combustion Engine (ICE),100,74,0,,,,Euro 6d,False,WLTP,40.9,54.3,61.4,49.6,52.3,0,6.9,5.2,4.6,5.7,5.4,0,122,0,,,,,431,38,24,,,60,,70.0,10 July 2024,
DACIA,Sandero,Journey TCe 100 Bi-Fuel MY24,M5,Manual,999,Petrol / LPG,Internal Combustion Engine (ICE),100,74,0,,,,Euro 6d,False,WLTP,40.9,54.3,61.4,49.6,52.3,0,6.9,5.2,4.6,5.7,5.4,0,122,0,,,,,431,38,24,,,60,,70.0,10 July 2024,
DACIA,Sandero,Journey TCe 90 MY24,M5,Manual,999,Petrol,Internal Combustion Engine (ICE),90,67,0,,,,Euro 6d,False,WLTP,42.2,57.6,62.8,49.6,53.3,0,6.7,4.9,4.5,5.7,5.3,0,119,0,,,,,317,40,27,,,60,,70.0,10 July 2024,
DACIA,Sandero,Journey TCe 90 MY24,M5,Manual,999,Petrol,Internal Combustion Engine (ICE),90,67,0,,,,Euro 6d,False,WLTP,42.2,57.6,62.8,49.6,53.3,0,6.7,4.9,4.5,5.7,5.3,0,119,0,,,,,317,40,27,,,60,,70.0,10 July 2024,
DACIA,Sandero,Journey TCe 90 Auto MY24,A5,Automatic,999,Petrol,Internal Combustion Engine (ICE),90,67,0,,,,Euro 6d,False,WLTP,37.7,54.3,58.9,46.3,49.6,0,7.5,5.2,4.8,6.1,5.7,0,129,0,,,,,184,24,31,,,60,,68.0,10 July 2024,
DACIA,Sandero,Journey TCe 90 Auto MY24,A5,Automatic,999,Petrol,Internal Combustion Engine (ICE),90,67,0,,,,Euro 6d,False,WLTP,37.7,54.3,58.9,46.3,49.6,0,7.5,5.2,4.8,6.1,5.7,0,129,0,,,,,184,24,31,,,60,,68.0,10 July 2024,
DACIA,Sandero,Stepway Extreme TCe 110 MY24,M6,Manual,999,Petrol,Internal Combustion Engine (ICE),91,67,0,,,,Euro 6d,False,WLTP,44.8,56.5,60.1,44.8,51.4,0,6.3,5,4.7,6.3,5.5,0,125,0,,,,,0,0,0,0,0.00,0,0,69.0,05 August 2024,
DACIA,Sandero,Stepway Extreme TCe 110 MY24,M6,Manual,999,Petrol,Internal Combustion Engine (ICE),91,67,0,,,,Euro 6d,False,WLTP,44.8,56.5,60.1,44.8,50.4,0,6.3,5,4.7,6.3,5.6,0,126,0,,,,,0,0,0,0,0.00,0,0,69.0,05 August 2024,
DACIA,Sandero,Stepway Extreme TCe 90 MY24,M6,Manual,999,Petrol,Internal Combustion Engine (ICE),91,67,0,,,,Euro 6d,False,WLTP,42.8,56.5,60.1,44.8,50.4,0,6.6,5,4.7,6.3,5.6,0,127,0,,,,,0,0,0,0,0.00,0,0,68.0,05 August 2024,
DACIA,Sandero,Stepway Extreme TCe 90 MY24,M6,Manual,999,Petrol,Internal Combustion Engine (ICE),91,67,0,,,,Euro 6d,False,WLTP,42.8,55.4,60.1,44.8,50.4,0,6.6,5.1,4.7,6.3,5.6,0,127,0,,,,,0,0,0,0,0.00,0,0,68.0,05 August 2024,
DACIA,Sandero,Stepway Extreme TCe 90 Auto MY24,A6,Automatic,999,Petrol,Internal Combustion Engine (ICE),91,67,0,,,,Euro 6d,False,WLTP,36.2,51.4,55.4,40.9,45.6,0,7.8,5.5,5.1,6.9,6.2,0,140,0,,,,,0,0,0,0,0.00,0,0,69.0,05 August 2024,
DACIA,Sandero,Stepway Extreme TCe 90 Auto MY24,A6,Automatic,999,Petrol,Internal Combustion Engine (ICE),91,67,0,,,,Euro 6d,False,WLTP,35.8,51.4,54.3,40.9,45.6,0,7.9,5.5,5.2,6.9,6.2,0,140,0,,,,,0,0,0,0,0.00,0,0,69.0,05 August 2024,
DACIA,Spring,Expression Electric 65hp,N/A,Electric - Not Applicable,0,Electricity,Battery Electric Vehicle (BEV) / Pure Electric Vehicle / Electric Vehicle (EV),65,48,4.7,132,270,168,Euro 6-WLTP (for BEVs only),False,WLTP,0,0,0,0,0,0,0,0,0,0,0,0,0,0,0,,209,337,,,,,,,,0.0,10 July 2024,
DACIA,Spring,Expression Electric 65hp,N/A,Electric - Not Applicable,0,Electricity,Battery Electric Vehicle (BEV) / Pure Electric Vehicle / Electric Vehicle (EV),65,48,4.7,132,270,168,Euro 6-WLTP (for BEVs only),False,WLTP,0,0,0,0,0,0,0,0,0,0,0,0,0,0,0,,209,337,,,,,,,,0.0,10 July 2024,
DACIA,Spring,Extreme Electric 65hp,N/A,Electric - Not Applicable,0,Electricity,Battery Electric Vehicle (BEV) / Pure Electric Vehicle / Electric Vehicle (EV),65,48,4.7,132,269,167,Euro 6-WLTP (for BEVs only),False,WLTP,0,0,0,0,0,0,0,0,0,0,0,0,0,0,0,,209,336,,,,,,,,0.0,10 July 2024,
DACIA,Spring,Extreme Electric 65hp,N/A,Electric - Not Applicable,0,Electricity,Battery Electric Vehicle (BEV) / Pure Electric Vehicle / Electric Vehicle (EV),65,48,4.7,132,269,167,Euro 6-WLTP (for BEVs only),False,WLTP,0,0,0,0,0,0,0,0,0,0,0,0,0,0,0,,209,336,,,,,,,,0.0,10 July 2024,
DACIA,Spring,Expression Electric 45hp,N/A,Electric - Not Applicable,0,Electricity,Battery Electric Vehicle (BEV) / Pure Electric Vehicle / Electric Vehicle (EV),45,33,4.4,141,225,140,Euro 6-WLTP (for BEVs only),False,WLTP,0,0,0,0,0,0,0,0,0,0,0,0,0,0,0,,193,310,0,0,0,0,,0,0,63.0,24 February 2025,
DACIA,Spring,Expression Electric 45hp,N/A,Electric - Not Applicable,0,Electricity,Battery Electric Vehicle (BEV) / Pure Electric Vehicle / Electric Vehicle (EV),45,33,4.4,141,225,140,Euro 6-WLTP (for BEVs only),False,WLTP,0,0,0,0,0,0,0,0,0,0,0,0,0,0,0,,193,310,0,0,0,0,,0,0,63.0,24 February 2025,
DS,DS 3,E-TENSE (VL),A1,Electric - Not Applicable,0,Electricity,Battery Electric Vehicle (BEV) / Pure Electric Vehicle / Electric Vehicle (EV),156,115,4.3,142,434,270,Euro 6-WLTP (for BEVs only),False,WLTP,0,0,0,0,0,0,0,0,0,0,0,0,0,0,0,,366,589,,,,,,,,66.0,13 January 2025,
DS,DS 3,E-TENSE (VH),A1,Electric - Not Applicable,0,Electricity,Battery Electric Vehicle (BEV) / Pure Electric Vehicle / Electric Vehicle (EV),156,115,3.7,164,374,232,Euro 6-WLTP (for BEVs only),False,WLTP,0,0,0,0,0,0,0,0,0,0,0,0,0,0,0,,335,539,,,,,,,,66.0,13 January 2025,
DS,DS 3,E-TENSE (VL),A1,Electric - Not Applicable,0,Electricity,Battery Electric Vehicle (BEV) / Pure Electric Vehicle / Electric Vehicle (EV),156,115,4.3,142,436,271,Euro 6-WLTP (for BEVs only),False,WLTP,0,0,0,0,0,0,0,0,0,0,0,0,0,0,0,,364,585,,,,,,,,66.0,16 October 2024,
DS,DS 3,E-TENSE (VH),A1,Electric - Not Applicable,0,Electricity,Battery Electric Vehicle (BEV) / Pure Electric Vehicle / Electric Vehicle (EV),156,115,3.7,167,366,227,Euro 6-WLTP (for BEVs only),False,WLTP,0,0,0,0,0,0,0,0,0,0,0,0,0,0,0,,319,513,,,,,,,,66.0,16 October 2024,
DS,DS 3,Hybrid 136 (VL),A6,Automatic,1199,Petrol Electric,Mild Hybrid Electric Vehicle (MHEV),136,100,0,,,,Euro 6 EA,False,WLTP,68.8,71.9,67.8,52.3,62.1,0,4.1,3.9,4.2,5.4,4.5,0,102,0,,,,,422,25,16,,,60,60,65.0,16 October 2024,
DS,DS 3,Hybrid 136 (VH),A6,Automatic,1199,Petrol Electric,Mild Hybrid Electric Vehicle (MHEV),136,100,0,,,,Euro 6 EA,False,WLTP,60.6,58.1,55.6,42.6,51.1,0,4.7,4.9,5.1,6.6,5.5,0,125,0,,,,,422,25,16,,,60,60,65.0,16 October 2024,
DS,DS 4,Hybrid 136 (VL),A6,Automatic,1199,Petrol Electric,Mild Hybrid Electric Vehicle (MHEV),136,100,0,,,,Euro 6 EA,False,WLTP,69.5,63,66.3,49.3,58.8,0,4.1,4.5,4.3,5.7,4.8,0,129,0,,,,,406,18,18,,0.04,60,60,67.0,16 October 2024,
DS,DS 4,Hybrid 136 (VH),A6,Automatic,1199,Petrol Electric,Mild Hybrid Electric Vehicle (MHEV),136,100,0,,,,Euro 6 EA,False,WLTP,53.6,50.7,53.5,41.2,47.9,0,5.3,5.6,5.3,6.9,5.9,0,133,0,,,,,406,18,18,,0.04,60,60,67.0,16 October 2024,
DS,DS 4,Plug-In Hybrid 225 (VL),A8,Automatic,1598,Electricity / Petrol,Plug-in Hybrid Electric Vehicle (PHEV),179,132,3.8,160,56,35,Euro 6 EA,False,WLTP,35.5,50.5,54.4,44.9,46.8,232.3,8,5.6,5.2,6.3,6,1.2,137,28,35,56,41,66,169,10,4,,0.23,60,60,68.0,16 October 2024,
DS,DS 4,Plug-In Hybrid 225 (VH),A8,Automatic,1598,Electricity / Petrol,Plug-in Hybrid Electric Vehicle (PHEV),179,132,3.6,169,55,34,Euro 6 EA,False,WLTP,33.7,47.1,47.6,38.3,41.6,174.5,8.4,6,5.9,7.4,6.8,1.6,154,37,34,55,41,66,169,10,4,,0.23,60,60,68.0,16 October 2024,
DS,DS 7,BlueHDi 130 (VL),A8,Automatic,1499,Diesel,Internal Combustion Engine (ICE),131,96,0,,,,Euro 6 EA,True,WLTP,45.3,55.1,61.9,49.9,53.4,0,6.2,5.1,4.6,5.7,5.3,0,139,0,,,,,47,,56,61,0.33,80,80,68.0,16 October 2024,
DS,DS 7,BlueHDi 130 (VH),A8,Automatic,1499,Diesel,Internal Combustion Engine (ICE),131,96,0,,,,Euro 6 EA,True,WLTP,41.4,48,52.5,42.4,46.1,0,6.8,5.9,5.4,6.7,6.1,0,161,0,,,,,47,,56,61,0.33,80,80,68.0,16 October 2024,
DS,DS 7,E-TENSE 225 (VL),A8,Automatic,1598,Electricity / Petrol,Plug-in Hybrid Electric Vehicle (PHEV),181,133,3.9,158,60,37,Euro 6 EA,False,WLTP,33,46.7,47.3,37.9,41.2,220.9,8.6,6,6,7.4,6.9,1.3,155,26,37,60,42,68,254,13,2,,0.21,60,60,67.0,16 October 2024,
DS,DS 7,E-TENSE 225 (VH),A8,Automatic,1598,Electricity / Petrol,Plug-in Hybrid Electric Vehicle (PHEV),181,133,3.4,182,51,32,Euro 6 EA,False,WLTP,30.9,41.2,41.8,32.9,36.5,148.8,9.1,6.9,6.8,8.6,7.7,1.9,175,36,32,51,40,64,254,13,2,,0.21,60,60,67.0,16 October 2024,
DS,DS 7,E-TENSE 4x4 300 (VL),A8,Automatic,1598,Electricity / Petrol,Plug-in Hybrid Electric Vehicle (PHEV),200,147,3.8,160,67,42,Euro 6 EA,False,WLTP,37.2,48.9,49,38.2,42.9,223.3,7.6,5.8,5.8,7.4,6.6,1.3,149,29,42,67,52,83,237,13,3,,0.41,60,60,68.0,16 October 2024,
DS,DS 7,E-TENSE 4x4 300 (VH),A8,Automatic,1598,Electricity / Petrol,Plug-in Hybrid Electric Vehicle (PHEV),200,147,3.5,177,61,38,Euro 6 EA,False,WLTP,32.8,43.3,43.5,33.6,37.8,154.9,8.6,6.5,6.5,8.4,7.5,1.8,169,41,38,61,47,75,237,13,3,,0.41,60,60,68.0,16 October 2024,
DS,DS 7,E-TENSE 4x4 360,A8,Automatic,1598,Electricity / Petrol,Plug-in Hybrid Electric Vehicle (PHEV),200,147,3.4,178,58,36,Euro 6 EA,False,WLTP,25.8,35.4,39,31.5,33.3,161.1,10.9,8,7.2,9,8.5,1.8,192,40,36,58,39,62,283,12,7,,0.03,60,60,68.0,16 October 2024,
DS,DS 9,E-TENSE 250 (VL),A8,Automatic,1598,Electricity / Petrol,Plug-in Hybrid Electric Vehicle (PHEV),200,147,3.3,187,65,40,Euro 6 EA,False,WLTP,33.7,49,52.4,43.8,45.3,274.8,8.4,5.8,5.4,6.4,6.2,1,141,23,40,65,54,87,273,11,3,,0.15,60,60,69.0,16 October 2024,
DS,DS 9,E-TENSE 250 (VH),A8,Automatic,1598,Electricity / Petrol,Plug-in Hybrid Electric Vehicle (PHEV),200,147,2.8,215,53,33,Euro 6 EA,False,WLTP,31.3,42.4,45.7,37.6,39.6,194.8,9,6.7,6.2,7.5,7.1,1.5,161,33,33,53,37,59,273,11,3,,0.15,60,60,69.0,16 October 2024,
DS,DS 9,E-TENSE 4x4 360,A8,Automatic,1598,Electricity / Petrol,Plug-in Hybrid Electric Vehicle (PHEV),200,147,2.6,234,56,35,Euro 6 EA,False,WLTP,25.5,36.6,41.8,36.1,35.7,170,11.1,7.7,6.8,7.8,7.9,1.7,179,38,35,56,40,64,185,9,11,,0.28,60,60,70.0,16 October 2024,
FERRARI,F8,F8 Spider,SA7,Automatic,3902,Petrol,Internal Combustion Engine (ICE),710,530,0,,,,Euro 6d,False,WLTP,11.2,18.9,21.3,19.2,18,0,20.9,12.4,11,12.2,13,0,296,0,,,,,277,22,31,,,,,73.0,02 October 2023,
FERRARI,F8,F8 Tributo,SA7,Automatic,3902,Petrol,Internal Combustion Engine (ICE),710,530,0,,,,Euro 6d,False,WLTP,13.1,23.1,26.1,23.9,21.8,0,21.5,12.2,10.8,11.8,12.9,0,292,0,,,,,380,32,34,,,,,73.0,02 October 2023,
FERRARI,F90,F90 Spider Assetto Fiorano,SA8,Automatic,3990,Electricity / Petrol,Plug-in Hybrid Electric Vehicle (PHEV),780,574,5,123,20,12,Euro 6d,False,WLTP,17.8,23.7,24.7,21.7,22.2,44.1,15.8,11.9,11.4,13,12.7,6.4,288,162,16,26,16,26,410,39,12,,,60,,70.0,02 October 2023,
FERRARI,Portofino,Portofino,SA7,Automatic,3855,Petrol,Internal Combustion Engine (ICE),600,441,0,,,,Euro 6d,False,WLTP,14.7,24.9,27.9,26.6,24.1,0,19.2,11.3,10.1,10.6,11.7,0,267,,,,,,393,21,14,,,,,74.0,09 October 2023,
FERRARI,Roma,Roma,SA8,Automatic,3855,Petrol,Internal Combustion Engine (ICE),620,456,0,,,,Euro 6d,False,WLTP,15.8,26.1,9.1,27.4,25.2,0,17.8,10.8,9.7,10.3,11.2,0,255,,,,,,311,25,19,,,,,73.0,09 October 2023,
FERRARI,SF90,SF90 Stradale,SA8,Automatic,3990,Electricity / Petrol,Plug-in Hybrid Electric Vehicle (PHEV),780,574,5,123,22,14,Euro 6d,False,WLTP,16.4,25.4,29.7,23.9,21.9,46.3,17.2,11.1,9.5,11.8,12.3,6.1,280,154,14,22,14,22,237,33,19,,,60,,71.0,02 October 2023,
FERRARI,SF90,SF90 Assetto Fiorano,SA8,Automatic,3990,Electricity / Petrol,Plug-in Hybrid Electric Vehicle (PHEV),780,574,5.1,120,22,14,Euro 6d,False,WLTP,20.4,23.7,27.4,23.7,22.5,47,13.8,11.9,10.3,11.9,12.5,6,285,160,12,19,12,19,281,33,23,,,60,,70.0,02 October 2023,
FERRARI,SF90,SF90 Spider,SA8,Automatic,3990,Electricity / Petrol,Plug-in Hybrid Electric Vehicle (PHEV),780,574,4.5,136,20,12,Euro 6d,False,WLTP,18,20.7,25.9,23.3,22.6,46.3,15.7,13.6,10.9,12.1,12.5,6.1,285,149,15,24,15,24,367,29,14,,,60,,71.0,02 October 2023,
FIAT,500 MY22,LA PRIMA Electric 42kW 118hp (VL),A1,Electric - Not Applicable,0,Electricity,Battery Electric Vehicle (BEV) / Pure Electric Vehicle / Electric Vehicle (EV),118,87,4.6,133,337,209,Euro 6-WLTP (for BEVs only),False,WLTP,0,0,0,0,0,0,0,0,0,0,0,0,0,0,0,,298,479,,,,,,,,69.0,13 January 2025,
FIAT,500 MY22,LA PRIMA Electric 42kW 118hp  (VH),A1,Electric - Not Applicable,0,Electricity,Battery Electric Vehicle (BEV) / Pure Electric Vehicle / Electric Vehicle (EV),118,87,3.9,156,282,175,Euro 6-WLTP (for BEVs only),False,WLTP,0,0,0,0,0,0,0,0,0,0,0,0,0,0,0,,250,402,,,,,,,,69.0,13 January 2025,
FIAT,500 MY22,LA PRIMA Electric 42kW 118hp Convertible (VL),A1,Electric - Not Applicable,0,Electricity,Battery Electric Vehicle (BEV) / Pure Electric Vehicle / Electric Vehicle (EV),118,87,4.6,133,337,209,Euro 6-WLTP (for BEVs only),False,WLTP,0,0,0,0,0,0,0,0,0,0,0,0,0,0,0,,298,479,,,,,,,,69.0,13 January 2025,
FIAT,500 MY22,LA PRIMA Electric 42kW 118hp Convertible  (VH),A1,Electric - Not Applicable,0,Electricity,Battery Electric Vehicle (BEV) / Pure Electric Vehicle / Electric Vehicle (EV),118,87,3.9,156,282,175,Euro 6-WLTP (for BEVs only),False,WLTP,0,0,0,0,0,0,0,0,0,0,0,0,0,0,0,,250,402,,,,,,,,69.0,13 January 2025,
FIAT,500 MY22,(RED) Electric 42kW 118hp (VL),A1,Electric - Not Applicable,0,Electricity,Battery Electric Vehicle (BEV) / Pure Electric Vehicle / Electric Vehicle (EV),118,87,4.6,133,337,209,Euro 6-WLTP (for BEVs only),False,WLTP,0,0,0,0,0,0,0,0,0,0,0,0,0,0,0,,298,479,0,,,,,,,69.0,17 January 2025,
FIAT,500 MY22,(RED) Electric 42kW 118hp  (VH),A1,Electric - Not Applicable,0,Electricity,Battery Electric Vehicle (BEV) / Pure Electric Vehicle / Electric Vehicle (EV),118,87,3.9,156,282,175,Euro 6-WLTP (for BEVs only),False,WLTP,0,0,0,0,0,0,0,0,0,0,0,0,0,0,0,,250,402,,,,,,,,69.0,13 January 2025,
FIAT,500 MY22,(RED) Electric 42kW 118hp Convertible (VL),A1,Electric - Not Applicable,0,Electricity,Battery Electric Vehicle (BEV) / Pure Electric Vehicle / Electric Vehicle (EV),118,87,4.6,133,337,209,Euro 6-WLTP (for BEVs only),False,WLTP,0,0,0,0,0,0,0,0,0,0,0,0,0,0,0,,298,479,,,,,,,,69.0,13 January 2025,
FIAT,500 MY22,(RED) Electric 42kW 118hp Convertible  (VH),A1,Electric - Not Applicable,0,Electricity,Battery Electric Vehicle (BEV) / Pure Electric Vehicle / Electric Vehicle (EV),118,87,3.9,156,282,175,Euro 6-WLTP (for BEVs only),False,WLTP,0,0,0,0,0,0,0,0,0,0,0,0,0,0,0,,250,402,,,,,,,,69.0,13 January 2025,
FIAT,500 MY23,NEW 500 Electric 24kW 93hp (VH only),A1,Electric - Not Applicable,0,Electricity,Battery Electric Vehicle (BEV) / Pure Electric Vehicle / Electric Vehicle (EV),95,70,4.7,130,190,118,Euro 6-WLTP (for BEVs only),False,WLTP,0,0,0,0,0,0,0,0,0,0,0,0,0,0,0,,160,257,0,,,,,,,67.0,13 January 2025,
FIAT,500 MY23,NEW 500 Electric 42kW 118hp (VL),A1,Electric - Not Applicable,0,Electricity,Battery Electric Vehicle (BEV) / Pure Electric Vehicle / Electric Vehicle (EV),118,87,4.6,133,337,209,Euro 6-WLTP (for BEVs only),False,WLTP,0,0,0,0,0,0,0,0,0,0,0,0,0,0,0,,298,479,0,,,,,,,69.0,13 January 2025,
FIAT,500 MY23,NEW 500 Electric 42kW 118hp (VH),A1,Electric - Not Applicable,0,Electricity,Battery Electric Vehicle (BEV) / Pure Electric Vehicle / Electric Vehicle (EV),118,87,3.9,156,282,175,Euro 6-WLTP (for BEVs only),False,WLTP,0,0,0,0,0,0,0,0,0,0,0,0,0,0,0,,250,402,0,,,,,,,69.0,13 January 2025,
FIAT,500 MY23,LA PRIMA Electric 42kW 118hp (VL),A1,Electric - Not Applicable,0,Electricity,Battery Electric Vehicle (BEV) / Pure Electric Vehicle / Electric Vehicle (EV),118,87,4.6,133,337,209,Euro 6-WLTP (for BEVs only),False,WLTP,0,0,0,0,0,0,0,0,0,0,0,0,0,0,0,,298,479,0,,,,,,,69.0,13 January 2025,
FIAT,500 MY23,LA PRIMA Electric 42kW 118hp (VH),A1,Electric - Not Applicable,0,Electricity,Battery Electric Vehicle (BEV) / Pure Electric Vehicle / Electric Vehicle (EV),118,87,3.9,156,282,175,Euro 6-WLTP (for BEVs only),False,WLTP,0,0,0,0,0,0,0,0,0,0,0,0,0,0,0,,250,402,0,,,,,,,69.0,13 January 2025,
FIAT,500 MY23,NEW 500C Electric 42kW 118hp Convertible (VL),A1,Electric - Not Applicable,0,Electricity,Battery Electric Vehicle (BEV) / Pure Electric Vehicle / Electric Vehicle (EV),118,87,4.6,133,337,209,Euro 6-WLTP (for BEVs only),False,WLTP,0,0,0,0,0,0,0,0,0,0,0,0,0,0,0,,298,479,0,,,,,,,69.0,13 January 2025,
FIAT,500 MY23,NEW 500C Electric 42kW 118hp Convertible (VH),A1,Electric - Not Applicable,0,Electricity,Battery Electric Vehicle (BEV) / Pure Electric Vehicle / Electric Vehicle (EV),118,87,3.9,156,282,175,Euro 6-WLTP (for BEVs only),False,WLTP,0,0,0,0,0,0,0,0,0,0,0,0,0,0,0,,250,402,0,,,,,,,69.0,13 January 2025,
FIAT,500 MY23,LA PRIMA Electric 42kW 118hp Convertible (VL),A1,Electric - Not Applicable,0,Electricity,Battery Electric Vehicle (BEV) / Pure Electric Vehicle / Electric Vehicle (EV),118,87,4.6,133,337,209,Euro 6-WLTP (for BEVs only),False,WLTP,0,0,0,0,0,0,0,0,0,0,0,0,0,0,0,,298,479,0,,,,,,,69.0,13 January 2025,
FIAT,500 MY23,LA PRIMA Electric 42kW 118hp Convertible (VH),A1,Electric - Not Applicable,0,Electricity,Battery Electric Vehicle (BEV) / Pure Electric Vehicle / Electric Vehicle (EV),118,87,3.9,156,282,175,Euro 6-WLTP (for BEVs only),False,WLTP,0,0,0,0,0,0,0,0,0,0,0,0,0,0,0,,250,402,0,,,,,,,69.0,13 January 2025,
FIAT,500 MY23,(RED) Electric 24kW 93hp (VH only),A1,Electric - Not Applicable,0,Electricity,Battery Electric Vehicle (BEV) / Pure Electric Vehicle / Electric Vehicle (EV),95,70,4.7,130,190,118,Euro 6-WLTP (for BEVs only),False,WLTP,0,0,0,0,0,0,0,0,0,0,0,0,0,0,0,,160,257,0,,,,,,,67.0,13 January 2025,
FIAT,500 MY23,(RED) Electric 42kW 118hp (VL),A1,Electric - Not Applicable,0,Electricity,Battery Electric Vehicle (BEV) / Pure Electric Vehicle / Electric Vehicle (EV),118,87,4.6,133,337,209,Euro 6-WLTP (for BEVs only),False,WLTP,0,0,0,0,0,0,0,0,0,0,0,0,0,0,0,,298,479,0,,,,,,,69.0,13 January 2025,
FIAT,500 MY23,(RED) Electric 42kW 118hp (VH),A1,Electric - Not Applicable,0,Electricity,Battery Electric Vehicle (BEV) / Pure Electric Vehicle / Electric Vehicle (EV),118,87,3.9,156,282,175,Euro 6-WLTP (for BEVs only),False,WLTP,0,0,0,0,0,0,0,0,0,0,0,0,0,0,0,,250,402,0,,,,,,,69.0,13 January 2025,
FIAT,500 MY23,(RED) Electric 42kW 118hp Convertible (VL),A1,Electric - Not Applicable,0,Electricity,Battery Electric Vehicle (BEV) / Pure Electric Vehicle / Electric Vehicle (EV),118,87,4.6,133,337,209,Euro 6-WLTP (for BEVs only),False,WLTP,0,0,0,0,0,0,0,0,0,0,0,0,0,0,0,,298,479,0,,,,,,,69.0,13 January 2025,
FIAT,500 MY23,(RED) Electric 42kW 118hp Convertible (VH),A1,Electric - Not Applicable,0,Electricity,Battery Electric Vehicle (BEV) / Pure Electric Vehicle / Electric Vehicle (EV),118,87,3.9,156,282,175,Euro 6-WLTP (for BEVs only),False,WLTP,0,0,0,0,0,0,0,0,0,0,0,0,0,0,0,,250,402,0,,,,,,,69.0,13 January 2025,
FIAT,500 MY24,Electric 42kW 118hp (VL),A1,Electric - Not Applicable,0,Electricity,Battery Electric Vehicle (BEV) / Pure Electric Vehicle / Electric Vehicle (EV),118,87,4.6,133,337,209,Euro 6-WLTP (for BEVs only),False,WLTP,0,0,0,0,0,0,0,0,0,0,0,0,0,0,0,,298,479,0,,,,,,,69.0,13 January 2025,
FIAT,500 MY24,Electric 42kW 118hp (VH),A1,Electric - Not Applicable,0,Electricity,Battery Electric Vehicle (BEV) / Pure Electric Vehicle / Electric Vehicle (EV),118,87,3.9,156,282,175,Euro 6-WLTP (for BEVs only),False,WLTP,0,0,0,0,0,0,0,0,0,0,0,0,0,0,0,,250,402,0,,,,,,,69.0,13 January 2025,
FIAT,500 MY25,Electric 42kW 118hp (VL),A1,Electric - Not Applicable,0,Electricity,Battery Electric Vehicle (BEV) / Pure Electric Vehicle / Electric Vehicle (EV),118,87,4.6,133,337,209,Euro 6-WLTP (for BEVs only),False,WLTP,0,0,0,0,0,0,0,0,0,0,0,0,0,0,0,,298,479,0,,,,,,,69.0,13 January 2025,
FIAT,500 MY25,Electric 42kW 118hp (VH),A1,Electric - Not Applicable,0,Electricity,Battery Electric Vehicle (BEV) / Pure Electric Vehicle / Electric Vehicle (EV),118,87,3.9,156,282,175,Euro 6-WLTP (for BEVs only),False,WLTP,0,0,0,0,0,0,0,0,0,0,0,0,0,0,0,,250,402,0,,,,,,,69.0,13 January 2025,
FIAT,500 MY25,Electric 24kW 93hp (VH only),A1,Electric - Not Applicable,0,Electricity,Battery Electric Vehicle (BEV) / Pure Electric Vehicle / Electric Vehicle (EV),95,70,4.7,130,190,118,Euro 6-WLTP (for BEVs only),False,WLTP,0,0,0,0,0,0,0,0,0,0,0,0,0,0,0,,160,257,0,,,,,,,67.0,13 January 2025,
FIAT,500X MY22,DOLCEVITA SPORT 1.5 130hp Hybrid 48V DDCT (VL),SA7,Manual,1469,Petrol Electric,Mild Hybrid Electric Vehicle (MHEV),131,96,0,,,,Euro 6d,False,WLTP,60.6,53.2,56.9,41.9,50.2,0,4.7,5.3,5,6.7,5.6,0,128,0,,,,,296,30,16,,0.21,60,60,69.0,17 October 2024,
FIAT,500X MY22,DOLCEVITA SPORT 1.5 130hp Hybrid 48V DDCT (VH),SA7,Manual,1469,Petrol Electric,Mild Hybrid Electric Vehicle (MHEV),131,96,0,,,,Euro 6d,False,WLTP,53.7,44.5,51,38.8,44.9,0,5.3,6.4,5.5,7.3,6.3,0,143,0,,,,,296,30,16,,0.21,60,60,69.0,17 October 2024,
FIAT,500X MY23,500X Dolcevita 1.5 130hp Hybrid 48V DDCT (VL),SA7,Manual,1469,Petrol Electric,Mild Hybrid Electric Vehicle (MHEV),131,96,0,,,,Euro 6d,False,WLTP,44.5,66.3,59.1,45.1,52.2,0,6.4,4.3,4.8,6.3,5.4,0,122,0,,,,,403,30,7,,0.14,60,60,69.0,17 October 2024,
FIAT,500X MY23,500X Dolcevita 1.5 130hp Hybrid 48V DDCT (VH),SA7,Manual,1469,Petrol Electric,Mild Hybrid Electric Vehicle (MHEV),131,96,0,,,,Euro 6d,False,WLTP,41.5,54.6,51.6,39.8,45.8,0,6.8,5.2,5.5,7.1,6.2,0,139,0,,,,,403,30,7,,0.14,60,60,69.0,17 October 2024,
FIAT,500X MY23,500X Dolcevita Top 1.5 130hp Hybrid 48V DDCT (VL),SA7,Manual,1469,Petrol Electric,Mild Hybrid Electric Vehicle (MHEV),131,96,0,,,,Euro 6d,False,WLTP,44.5,66.3,59.1,45.1,52.2,0,6.4,4.3,4.8,6.3,5.4,0,122,0,,,,,403,30,7,,0.14,60,60,69.0,17 October 2024,
FIAT,500X MY23,500X Dolcevita Top 1.5 130hp Hybrid 48V DDCT (VH),SA7,Manual,1469,Petrol Electric,Mild Hybrid Electric Vehicle (MHEV),131,96,0,,,,Euro 6d,False,WLTP,41.5,54.6,51.6,39.8,45.8,0,6.8,5.2,5.5,7.1,6.2,0,139,0,,,,,403,30,7,,0.14,60,60,69.0,17 October 2024,
FIAT,500X MY23,500X (RED) 1.5 130HP Hybrid 48V DDCT (VL),SA7,Manual,1469,Petrol Electric,Mild Hybrid Electric Vehicle (MHEV),131,96,0,,,,Euro 6d,False,WLTP,44.5,66.3,59.1,45.1,52.2,0,6.4,4.3,4.8,6.3,5.4,0,122,0,,,,,403,30,7,,0.14,60,60,69.0,17 October 2024,
FIAT,500X MY23,500X (RED) 1.5 130HP Hybrid 48V DDCT (VH),SA7,Manual,1469,Petrol Electric,Mild Hybrid Electric Vehicle (MHEV),131,96,0,,,,Euro 6d,False,WLTP,41.5,54.6,51.6,39.8,45.8,0,6.8,5.2,5.5,7.1,6.2,0,139,0,,,,,403,30,7,,0.14,60,60,69.0,17 October 2024,
FIAT,500X MY23,500X Dolcevita (RED) 1.5 130HP Hybrid 48V DDCT (VL),SA7,Manual,1469,Petrol Electric,Mild Hybrid Electric Vehicle (MHEV),131,96,0,,,,Euro 6d,False,WLTP,44.5,66.3,59.1,45.1,52.2,0,6.4,4.3,4.8,6.3,5.4,0,122,0,,,,,403,30,7,,0.14,60,60,69.0,17 October 2024,
FIAT,500X MY23,500X Dolcevita (RED) 1.5 130HP Hybrid 48V DDCT (VH),SA7,Manual,1469,Petrol Electric,Mild Hybrid Electric Vehicle (MHEV),131,96,0,,,,Euro 6d,False,WLTP,41.5,54.6,51.6,39.8,45.8,0,6.8,5.2,5.5,7.1,6.2,0,139,0,,,,,403,30,7,,0.14,60,60,69.0,17 October 2024,
FIAT,500X MY23,500X 1.5 130hp Hybrid 48V DDCT (VL),SA7,Manual,1469,Petrol Electric,Mild Hybrid Electric Vehicle (MHEV),131,96,0,,,,Euro 6d,False,WLTP,44.5,66.3,59.1,45.1,52.2,0,6.4,4.3,4.8,6.3,5.4,0,122,0,,,,,403,30,7,,0.14,60,60,69.0,29 September 2023,
FIAT,500X MY23,500X 1.5 130hp Hybrid 48V DDCT (VH),SA7,Manual,1469,Petrol Electric,Mild Hybrid Electric Vehicle (MHEV),131,96,0,,,,Euro 6d,False,WLTP,44.5,54.6,51.6,39.8,45.8,0,6.8,5.2,5.5,7.1,6.2,0,139,0,,,,,403,30,7,,0.14,60,60,69.0,29 September 2023,
FIAT,500X MY23,500X Top 1.5 130hp Hybrid 48V DDCT (VL),SA7,Manual,1469,Petrol Electric,Mild Hybrid Electric Vehicle (MHEV),131,96,0,,,,Euro 6d,False,WLTP,44.5,66.3,59.1,45.1,52.2,0,6.4,4.3,4.8,6.3,5.4,0,122,0,,,,,403,30,7,,0.14,60,60,69.0,29 September 2023,
FIAT,500X MY23,500XTop 1.5 130hp Hybrid 48V DDCT (VH),SA7,Manual,1469,Petrol Electric,Mild Hybrid Electric Vehicle (MHEV),131,96,0,,,,Euro 6d,False,WLTP,41.5,54.6,51.6,39.8,45.8,0,6.8,5.2,5.5,7.1,6.2,0,139,0,,,,,403,30,7,,0.14,60,60,69.0,29 September 2023,
FIAT,500X MY24,500X 1.5 130hp Hybrid 48V DDCT (VL),SA7,Manual,1469,Petrol Electric,Mild Hybrid Electric Vehicle (MHEV),131,96,0,,,,Euro 6d,False,WLTP,44.5,66.3,59.1,45.1,52.2,0,6.4,4.3,4.8,6.3,5.4,0,122,0,,,,,403,30,7,,0.14,60,60,69.0,17 October 2024,
FIAT,500X MY24,500X 1.5 130hp Hybrid 48V DDCT (VH),SA7,Manual,1469,Petrol Electric,Mild Hybrid Electric Vehicle (MHEV),131,96,0,,,,Euro 6d,False,WLTP,44.5,54.6,51.6,39.8,45.8,0,6.8,5.2,5.5,7.1,6.2,0,139,0,,,,,403,30,7,,0.14,60,60,69.0,17 October 2024,
FIAT,500X MY24,500X Top 1.5 130hp Hybrid 48V DDCT (VL),SA7,Manual,1469,Petrol Electric,Mild Hybrid Electric Vehicle (MHEV),131,96,0,,,,Euro 6d,False,WLTP,44.5,66.3,59.1,45.1,52.2,0,6.4,4.3,4.8,6.3,5.4,0,122,0,,,,,403,30,7,,0.14,60,60,69.0,17 October 2024,
FIAT,500X MY24,500XTop 1.5 130hp Hybrid 48V DDCT (VH),SA7,Manual,1469,Petrol Electric,Mild Hybrid Electric Vehicle (MHEV),131,96,0,,,,Euro 6d,False,WLTP,41.5,54.6,51.6,39.8,45.8,0,6.8,5.2,5.5,7.1,6.2,0,139,0,,,,,403,30,7,,0.14,60,60,69.0,17 October 2024,
FIAT,Fiat 600 Hybrid MY24 ,Fiat 600 Hybrid 136HP 6-Speed Auto (VL),A6,Automatic,1199,Petrol Electric,Mild Hybrid Electric Vehicle (MHEV),136,100,0,,,,Euro 6 EA,False,WLTP,68.9,72.4,67.3,52.3,62.8,0,4.1,3.9,4.2,5.4,4.5,0,102,0,,,,,422,25,14,,1.30,60,60,66.0,17 October 2024,
FIAT,Fiat 600 Hybrid MY24 ,Fiat 600 Hybrid 136HP 6-Speed Auto (VH),A6,Automatic,1199,Petrol Electric,Mild Hybrid Electric Vehicle (MHEV),136,100,0,,,,Euro 6 EA,False,WLTP,60.1,57.6,55.4,42.8,51.4,0,4.7,4.9,5.1,6.6,5.5,0,125,0,,,,,422,25,14,,1.30,60,60,66.0,17 October 2024,
FIAT,Fiat 600 Hybrid MY24 ,Fiat 600 Hybrid La Prima 136HP 6-Speed Auto (VL),A6,Automatic,1199,Petrol Electric,Mild Hybrid Electric Vehicle (MHEV),136,100,0,,,,Euro 6 EA,False,WLTP,68.9,72.4,67.3,52.3,62.8,0,4.1,3.9,4.2,5.4,4.5,0,102,0,,,,,422,25,14,,1.30,60,60,66.0,17 October 2024,
FIAT,Fiat 600 Hybrid MY24 ,Fiat 600 Hybrid La Prima 136HP 6-Speed Auto (VH),A6,Automatic,1199,Petrol Electric,Mild Hybrid Electric Vehicle (MHEV),136,100,0,,,,Euro 6 EA,False,WLTP,60.1,57.6,55.4,42.8,51.4,0,4.7,4.9,5.1,6.6,5.5,0,125,0,,,,,422,25,14,,1.30,60,60,66.0,17 October 2024,
FIAT,Fiat 600 Hybrid MY24 ,Fiat 600 Hybrid 100HP 6-Speed Auto (VL),A6,Automatic,1199,Petrol Electric,Mild Hybrid Electric Vehicle (MHEV),100,74,0,,,,Euro 6 EA,False,WLTP,76.3,67.3,68.9,52.3,61.4,0,3.7,4.2,4.1,5.4,4.6,0,102,0,,,,,358,21,16,,1.74,60,60,66.0,17 October 2024,
FIAT,Fiat 600 Hybrid MY24 ,Fiat 600 Hybrid 100HP 6-Speed Auto (VH),A6,Automatic,1199,Petrol Electric,Mild Hybrid Electric Vehicle (MHEV),100,74,0,,,,Euro 6 EA,False,WLTP,60.1,57.6,56.5,42.8,51.4,0,4.7,4.9,5,6.6,5.5,0,125,0,,,,,358,21,16,,1.74,60,60,66.0,17 October 2024,
FIAT,Fiat 600 Hybrid MY24 ,Fiat 600 Hybrid La Prima 100HP 6-Speed Auto (VL),A6,Automatic,1199,Petrol Electric,Mild Hybrid Electric Vehicle (MHEV),100,74,0,,,,Euro 6 EA,False,WLTP,76.3,67.3,68.9,52.3,61.4,0,3.7,4.2,4.1,5.4,4.6,0,102,0,,,,,358,21,16,,1.74,60,60,66.0,17 October 2024,
FIAT,Fiat 600 Hybrid MY24 ,Fiat 600 Hybrid La Prima 100HP 6-Speed Auto (VH),A6,Automatic,1199,Petrol Electric,Mild Hybrid Electric Vehicle (MHEV),100,74,0,,,,Euro 6 EA,False,WLTP,60.1,57.6,56.5,42.8,51.4,0,4.7,4.9,5,6.6,5.5,0,125,0,,,,,358,21,16,,1.74,60,60,66.0,17 October 2024,
FIAT,Fiat 600 Hybrid MY25 ,Fiat 600 Hybrid 136HP 6-Speed Auto (VL),A6,Automatic,1199,Petrol Electric,Mild Hybrid Electric Vehicle (MHEV),136,100,0,,,,Euro 6 EA,False,WLTP,68.9,72.4,67.3,52.3,62.8,0,4.1,3.9,4.2,5.4,4.5,0,102,0,,,,,422,25,14,,1.30,60,60,66.0,17 October 2024,
FIAT,Fiat 600 Hybrid MY25 ,Fiat 600 Hybrid 136HP 6-Speed Auto (VH),A6,Automatic,1199,Petrol Electric,Mild Hybrid Electric Vehicle (MHEV),136,100,0,,,,Euro 6 EA,False,WLTP,60.1,57.6,55.4,42.8,51.4,0,4.7,4.9,5.1,6.6,5.5,0,125,0,,,,,422,25,14,,1.30,60,60,66.0,17 October 2024,
FIAT,Fiat 600 Hybrid MY25 ,Fiat 600 Hybrid La Prima 136HP 6-Speed Auto (VL),A6,Automatic,1199,Petrol Electric,Mild Hybrid Electric Vehicle (MHEV),136,100,0,,,,Euro 6 EA,False,WLTP,68.9,72.4,67.3,52.3,62.8,0,4.1,3.9,4.2,5.4,4.5,0,102,0,,,,,422,25,14,,1.30,60,60,66.0,17 October 2024,
FIAT,Fiat 600 Hybrid MY25 ,Fiat 600 Hybrid La Prima 136HP 6-Speed Auto (VH),A6,Automatic,1199,Petrol Electric,Mild Hybrid Electric Vehicle (MHEV),136,100,0,,,,Euro 6 EA,False,WLTP,60.1,57.6,55.4,42.8,51.4,0,4.7,4.9,5.1,6.6,5.5,0,125,0,,,,,422,25,14,,1.30,60,60,66.0,17 October 2024,
FIAT,Fiat 600 Hybrid MY25 ,Fiat 600 Hybrid 100HP 6-Speed Auto (VL),A6,Automatic,1199,Petrol Electric,Mild Hybrid Electric Vehicle (MHEV),100,74,0,,,,Euro 6 EA,False,WLTP,76.3,67.3,68.9,52.3,61.4,0,3.7,4.2,4.1,5.4,4.6,0,102,0,,,,,358,21,16,,1.74,60,60,66.0,17 October 2024,
FIAT,Fiat 600 Hybrid MY25 ,Fiat 600 Hybrid 100HP 6-Speed Auto (VH),A6,Automatic,1199,Petrol Electric,Mild Hybrid Electric Vehicle (MHEV),100,74,0,,,,Euro 6 EA,False,WLTP,60.1,57.6,56.5,42.8,51.4,0,4.7,4.9,5,6.6,5.5,0,125,0,,,,,358,21,16,,1.74,60,60,66.0,17 October 2024,
FIAT,Fiat 600 Hybrid MY25 ,Fiat 600 Hybrid La Prima 100HP 6-Speed Auto (VL),A6,Automatic,1199,Petrol Electric,Mild Hybrid Electric Vehicle (MHEV),100,74,0,,,,Euro 6 EA,False,WLTP,76.3,67.3,68.9,52.3,61.4,0,3.7,4.2,4.1,5.4,4.6,0,102,0,,,,,358,21,16,,1.74,60,60,66.0,17 October 2024,
FIAT,Fiat 600 Hybrid MY25 ,Fiat 600 Hybrid La Prima 100HP 6-Speed Auto (VH),A6,Automatic,1199,Petrol Electric,Mild Hybrid Electric Vehicle (MHEV),100,74,0,,,,Euro 6 EA,False,WLTP,60.1,57.6,56.5,42.8,51.4,0,4.7,4.9,5,6.6,5.5,0,125,0,,,,,358,21,16,,1.74,60,60,66.0,17 October 2024,
FIAT,Fiat 600e MY24 (Series 1),Fiat 600e RED Electric Hatchback 54kWh (VL),A1,Electric - Not Applicable,0,Electricity,Battery Electric Vehicle (BEV) / Pure Electric Vehicle / Electric Vehicle (EV),156,115,4.3,142,434,270,Euro 6-WLTP (for BEVs only),False,WLTP,0,0,0,0,0,0,0,0,0,0,0,0,0,0,0,,380,612,0,,,,,,,66.0,17 October 2024,
FIAT,Fiat 600e MY24 (Series 1),Fiat 600e RED Electric Hatchback 54kWh (VH),A1,Electric - Not Applicable,0,Electricity,Battery Electric Vehicle (BEV) / Pure Electric Vehicle / Electric Vehicle (EV),156,115,3.7,164,374,232,Euro 6-WLTP (for BEVs only),False,WLTP,0,0,0,0,0,0,0,0,0,0,0,0,0,0,0,,342,550,0,,,,,,,66.0,17 October 2024,
FIAT,Fiat 600e MY24 (Series 1),Fiat 600e La Prima Electric Hatchback 54kWh (VL),A1,Electric - Not Applicable,0,Electricity,Battery Electric Vehicle (BEV) / Pure Electric Vehicle / Electric Vehicle (EV),156,115,4.3,142,434,270,Euro 6-WLTP (for BEVs only),False,WLTP,0,0,0,0,0,0,0,0,0,0,0,0,0,0,0,,380,612,0,,,,,,,66.0,17 October 2024,
FIAT,Fiat 600e MY24 (Series 1),Fiat 600e La Prima Electric Hatchback 54kWh (VH),A1,Electric - Not Applicable,0,Electricity,Battery Electric Vehicle (BEV) / Pure Electric Vehicle / Electric Vehicle (EV),156,115,3.7,164,374,232,Euro 6-WLTP (for BEVs only),False,WLTP,0,0,0,0,0,0,0,0,0,0,0,0,0,0,0,,342,550,0,,,,,,,66.0,17 October 2024,
FIAT,Fiat 600e MY25 (Series 2),Fiat 600e RED Electric Hatchback 54kWh (VL),A1,Electric - Not Applicable,0,Electricity,Battery Electric Vehicle (BEV) / Pure Electric Vehicle / Electric Vehicle (EV),156,115,4.3,142,434,270,Euro 6-WLTP (for BEVs only),False,WLTP,0,0,0,0,0,0,0,0,0,0,0,0,0,0,0,,380,612,0,,,,,,,66.0,17 October 2024,
FIAT,Fiat 600e MY25 (Series 2),Fiat 600e RED Electric Hatchback 54kWh (VH),A1,Electric - Not Applicable,0,Electricity,Battery Electric Vehicle (BEV) / Pure Electric Vehicle / Electric Vehicle (EV),156,115,3.7,164,374,232,Euro 6-WLTP (for BEVs only),False,WLTP,0,0,0,0,0,0,0,0,0,0,0,0,0,0,0,,342,550,0,,,,,,,66.0,17 October 2024,
FIAT,Fiat 600e MY25 (Series 2),Fiat 600e La Prima Electric Hatchback 54kWh (VL),A1,Electric - Not Applicable,0,Electricity,Battery Electric Vehicle (BEV) / Pure Electric Vehicle / Electric Vehicle (EV),156,115,4.3,142,434,270,Euro 6-WLTP (for BEVs only),False,WLTP,0,0,0,0,0,0,0,0,0,0,0,0,0,0,0,,380,612,0,,,,,,,66.0,17 October 2024,
FIAT,Fiat 600e MY25 (Series 2),Fiat 600e La Prima Electric Hatchback 54kWh (VH),A1,Electric - Not Applicable,0,Electricity,Battery Electric Vehicle (BEV) / Pure Electric Vehicle / Electric Vehicle (EV),156,115,3.7,164,374,232,Euro 6-WLTP (for BEVs only),False,WLTP,0,0,0,0,0,0,0,0,0,0,0,0,0,0,0,,342,550,0,,,,,,,66.0,17 October 2024,
FIAT,Panda MY23,1.0 70hp Mild Hybrid (VL),M6,Manual,999,Petrol Electric,Mild Hybrid Electric Vehicle (MHEV),70,52,0,,,,Euro 6d,False,WLTP,57.6,62.9,70.9,54.6,61,0,4.9,4.5,4,5.2,4.6,0,105,0,,,,,543,42,14,,0.00,60,60,69.0,17 October 2024,
FIAT,Panda MY23,1.0 70hp Mild Hybrid (VH),M6,Manual,999,Petrol Electric,Mild Hybrid Electric Vehicle (MHEV),70,52,0,,,,Euro 6d,False,WLTP,54.8,59.4,62.9,45.8,54,0,5.2,4.8,4.5,6.2,5.2,0,119,0,,,,,543,42,14,,0.00,60,60,69.0,17 October 2024,
FIAT,Panda MY24,1.0 70hp Mild Hybrid (VL),M6,Manual,999,Petrol Electric,Mild Hybrid Electric Vehicle (MHEV),70,52,0,,,,Euro 6d,False,WLTP,57.6,62.9,70.9,54.6,61,0,4.9,4.5,4,5.2,4.6,0,105,0,,,,,543,42,14,,0.00,60,60,69.0,17 October 2024,
FIAT,Panda MY24,1.0 70hp Mild Hybrid (VH),M6,Manual,999,Petrol Electric,Mild Hybrid Electric Vehicle (MHEV),70,52,0,,,,Euro 6d,False,WLTP,54.8,59.4,62.9,45.8,54,0,5.2,4.8,4.5,6.2,5.2,0,119,0,,,,,543,42,14,,0.00,60,60,69.0,17 October 2024,
FIAT,Tipo MY22,1.0 100hp (VL),M5,Manual,999,Petrol,Internal Combustion Engine (ICE),100,73,0,,,,Euro 6d,False,WLTP,40,54.1,61,49.8,51.9,0,7.1,5.2,4.6,5.7,5.4,0,123,0,,,,,389,28,13,,0.12,60,60,67.0,17 October 2024,
FIAT,Tipo MY22,1.0 100hp  (VH),M5,Manual,999,Petrol,Internal Combustion Engine (ICE),100,73,0,,,,Euro 6d,False,WLTP,38.6,49.8,55.9,45.7,48,0,7.3,5.7,5.1,6.2,5.9,0,133,0,,,,,389,28,13,,0.12,60,60,67.0,17 October 2024,
FIAT,Tipo MY22,CROSS 1.5 130hp Hybrid 48V DDCT (VL),A7,Automatic,1469,Petrol Electric,Mild Hybrid Electric Vehicle (MHEV),131,96,0,,,,Euro 6d,False,WLTP,68.5,56.2,61.9,48.3,55.9,0,4.1,5,4.6,5.8,5.1,0,115,0,,,,,322,34,10,,0.08,60,60,70.0,17 October 2024,
FIAT,Tipo MY22,CROSS 1.5 130hp Hybrid 48V DDCT (VH),A7,Automatic,1469,Petrol Electric,Mild Hybrid Electric Vehicle (MHEV),131,96,0,,,,Euro 6d,False,WLTP,65.7,51.2,58.9,44.8,52.2,0,4.3,5.5,4.8,6.3,5.4,0,123,0,,,,,322,34,10,,0.08,60,60,70.0,17 October 2024,
FIAT,Tipo MY23,CROSS 1.5 130hp Hybrid 48V DDCT (VL),A7,Automatic,1469,Petrol Electric,Mild Hybrid Electric Vehicle (MHEV),131,96,0,,,,Euro 6d,False,WLTP,46.1,65.4,61.5,49.4,54.9,0,6.1,4.3,4.6,5.7,5.1,0,116,0,,,,,332,29,7,,0.02,60,60,70.0,17 October 2024,
FIAT,Tipo MY23,CROSS 1.5 130hp Hybrid 48V DDCT (VH),A7,Automatic,1469,Petrol Electric,Mild Hybrid Electric Vehicle (MHEV),131,96,0,,,,Euro 6d,False,WLTP,44.5,61.8,57.7,46.9,52.1,0,6.3,4.6,4.9,6,5.4,0,122,0,,,,,332,29,7,,0.02,60,60,70.0,17 October 2024,
FIAT,Tipo MY23,GARMIN 1.5 130hp Hybrid 48V DDCT (VL),A7,Automatic,1469,Petrol Electric,Mild Hybrid Electric Vehicle (MHEV),131,96,0,,,,Euro 6d,False,WLTP,46.1,65.4,61.5,49.4,54.9,0,6.1,4.3,4.6,5.7,5.1,0,116,0,,,,,332,29,7,,0.02,60,60,70.0,17 October 2024,
FIAT,Tipo MY23,GARMIN 1.5 130hp Hybrid 48V DDCT (VH),A7,Automatic,1469,Petrol Electric,Mild Hybrid Electric Vehicle (MHEV),131,96,0,,,,Euro 6d,False,WLTP,44.5,61.8,57.7,46.9,52.1,0,6.3,4.6,4.9,6,5.4,0,122,0,,,,,332,29,7,,0.02,60,60,70.0,17 October 2024,
FORD,Fiesta Model Year Pre 2023.25,1.0 EcoBoost (Stop-Start),M6,Manual,999,Petrol,Internal Combustion Engine (ICE),100,74,0,,,,Euro 6d,False,WLTP,39.2,55.4,61.4,50.4,52.3,0,7.2,5.1,4.6,5.6,5.4,0,123,0,,,,,329,20,4,,,86,86,68.0,02 November 2022,
FORD,Fiesta Model Year Pre 2023.25,1.0 EcoBoost (Stop-Start),M6,Manual,999,Petrol,Internal Combustion Engine (ICE),100,74,0,,,,Euro 6d,False,WLTP,37.2,47.1,51.4,41.5,44.8,0,7.6,6,5.5,6.8,6.3,0,144,0,,,,,329,20,4,,,86,86,68.0,02 November 2022,
FORD,Fiesta Model Year Pre 2023.25,1.0 EcoBoost (Stop-Start) mHEV,DCT7,Automatic,999,Petrol Electric,Mild Hybrid Electric Vehicle (MHEV),125,92,0,,,,Euro 6d,False,WLTP,42.8,57.6,64.2,51.4,54.3,0,6.6,4.9,4.4,5.5,5.2,0,117,0,,,,,338,40,15,,,86,86,66.0,02 November 2022,
FORD,Fiesta Model Year Pre 2023.25,1.0 EcoBoost (Stop-Start) mHEV,DCT7,Automatic,999,Petrol Electric,Mild Hybrid Electric Vehicle (MHEV),125,92,0,,,,Euro 6d,False,WLTP,38.7,49.6,53.3,42.2,46.3,0,7.3,5.7,5.3,6.7,6.1,0,138,0,,,,,338,40,15,,,86,86,66.0,02 November 2022,
FORD,Fiesta Model Year Pre 2023.25,1.0 EcoBoost (Stop-Start) mHEV,M6,Manual,999,Petrol Electric,Mild Hybrid Electric Vehicle (MHEV),125,92,0,,,,Euro 6d,False,WLTP,45.6,62.8,65.7,54.3,57.6,0,6.2,4.5,4.3,5.2,4.9,0,111,0,,,,,309,34,14,,,86,86,66.0,02 November 2022,
FORD,Fiesta Model Year Pre 2023.25,1.0 EcoBoost (Stop-Start) mHEV,M6,Manual,999,Petrol Electric,Mild Hybrid Electric Vehicle (MHEV),125,92,0,,,,Euro 6d,False,WLTP,38.7,51.4,53.3,42.8,47.1,0,7.3,5.5,5.3,6.6,6,0,136,0,,,,,309,34,14,,,86,86,66.0,02 November 2022,
FORD,Fiesta Model Year Pre 2023.25,1.1 Ti-VCT (Stop-Start),M5,Manual,1084,Petrol,Internal Combustion Engine (ICE),75,55,0,,,,Euro 6d,False,WLTP,43.5,56.5,62.8,49.6,53.3,0,6.5,5,4.5,5.7,5.3,0,120,0,,,,,775,27,10,,,86,86,67.0,02 November 2022,
FORD,Fiesta Model Year Pre 2023.25,1.1 Ti-VCT (Stop-Start),M5,Manual,1084,Petrol,Internal Combustion Engine (ICE),75,55,0,,,,Euro 6d,False,WLTP,41.5,52.3,56.5,46.3,49.6,0,6.8,5.4,5,6.1,5.7,0,129,0,,,,,775,27,10,,,86,86,67.0,02 November 2022,
FORD,Fiesta Model Year Pre 2023.25,1.5 EcoBoost (Stop-Start),M6,Manual,1496,Petrol,Internal Combustion Engine (ICE),200,147,0,,,,Euro 6d,False,WLTP,34.9,49.6,54.3,44.1,46.3,0,8.1,5.7,5.2,6.4,6.1,0,138,0,,,,,575,19,7,,,86,86,68.0,02 November 2022,
FORD,Fiesta Model Year Pre 2023.25,1.5 EcoBoost (Stop-Start),M6,Manual,1496,Petrol,Internal Combustion Engine (ICE),200,147,0,,,,Euro 6d,False,WLTP,32.5,44.1,47.9,40.4,41.5,0,8.7,6.4,5.9,7,6.8,0,153,0,,,,,575,19,7,,,86,86,68.0,02 November 2022,
FORD,Fiesta Model Year Post 2023.25,1.0 EcoBoost (Stop-Start),M6,Manual,999,Petrol,Internal Combustion Engine (ICE),100,74,0,,,,Euro 6d,False,WLTP,39.2,55.4,61.4,50.4,52.3,0,7.2,5.1,4.6,5.6,5.4,0,123,0,,,,,329,20,4,,,86,86,68.0,02 November 2022,
FORD,Fiesta Model Year Post 2023.25,1.0 EcoBoost (Stop-Start),M6,Manual,999,Petrol,Internal Combustion Engine (ICE),100,74,0,,,,Euro 6d,False,WLTP,37.2,47.1,51.4,41.5,44.8,0,7.6,6,5.5,6.8,6.3,0,144,0,,,,,329,20,4,,,86,86,68.0,02 November 2022,
FORD,Fiesta Model Year Post 2023.25,1.0 EcoBoost (Stop-Start) mHEV,DCT7,Automatic,999,Petrol Electric,Mild Hybrid Electric Vehicle (MHEV),125,92,0,,,,Euro 6d,False,WLTP,42.8,57.6,64.2,51.4,54.3,0,6.6,4.9,4.4,5.5,5.2,0,117,0,,,,,338,40,15,,,86,86,66.0,02 November 2022,
FORD,Fiesta Model Year Post 2023.25,1.0 EcoBoost (Stop-Start) mHEV,DCT7,Automatic,999,Petrol Electric,Mild Hybrid Electric Vehicle (MHEV),125,92,0,,,,Euro 6d,False,WLTP,38.7,49.6,53.3,42.2,46.3,0,7.3,5.7,5.3,6.7,6.1,0,138,0,,,,,338,40,15,,,86,86,66.0,02 November 2022,
FORD,Fiesta Model Year Post 2023.25,1.0 EcoBoost (Stop-Start) mHEV,M6,Manual,999,Petrol Electric,Mild Hybrid Electric Vehicle (MHEV),125,92,0,,,,Euro 6d,False,WLTP,45.6,62.8,65.7,54.3,57.6,0,6.2,4.5,4.3,5.2,4.9,0,111,0,,,,,309,34,14,,,86,86,66.0,02 November 2022,
FORD,Fiesta Model Year Post 2023.25,1.0 EcoBoost (Stop-Start) mHEV,M6,Manual,999,Petrol Electric,Mild Hybrid Electric Vehicle (MHEV),125,92,0,,,,Euro 6d,False,WLTP,38.7,51.4,53.3,42.8,47.1,0,7.3,5.5,5.3,6.6,6,0,136,0,,,,,309,34,14,,,86,86,66.0,02 November 2022,
FORD,Fiesta Model Year Post 2023.25,1.1 Ti-VCT (Stop-Start),M5,Manual,1084,Petrol,Internal Combustion Engine (ICE),75,55,0,,,,Euro 6d,False,WLTP,43.5,56.5,62.8,49.6,53.3,0,6.5,5,4.5,5.7,5.3,0,120,0,,,,,775,27,10,,,86,86,67.0,02 November 2022,
FORD,Fiesta Model Year Post 2023.25,1.1 Ti-VCT (Stop-Start),M5,Manual,1084,Petrol,Internal Combustion Engine (ICE),75,55,0,,,,Euro 6d,False,WLTP,41.5,52.3,56.5,46.3,49.6,0,6.8,5.4,5,6.1,5.7,0,129,0,,,,,775,27,10,,,86,86,67.0,02 November 2022,
FORD,Fiesta Model Year Post 2023.25,1.5 EcoBoost (Stop-Start),M6,Manual,1496,Petrol,Internal Combustion Engine (ICE),200,147,0,,,,Euro 6d,False,WLTP,34,45.6,51.4,42.2,43.5,0,8.3,6.2,5.5,6.7,6.5,0,147,0,,,,,645,19,4,,,86,86,68.0,02 November 2022,
FORD,Fiesta Model Year Post 2023.25,1.5 EcoBoost (Stop-Start),M6,Manual,1496,Petrol,Internal Combustion Engine (ICE),200,147,0,,,,Euro 6d,False,WLTP,32.5,43.5,47.9,39.8,41.5,0,8.7,6.5,5.9,7.1,6.8,0,155,0,,,,,645,19,4,,,86,86,68.0,02 November 2022,
FORD,Puma Model Year Pre 2023.75,1.0 EcoBoost (mHEV),M6,Manual,999,Petrol Electric,Mild Hybrid Electric Vehicle (MHEV),125,91,0,,,,Euro 6d,False,WLTP,45.6,58.9,62.8,48.7,53.3,0,6.2,4.8,4.5,5.8,5.3,0,119,0,,,,,318,39,14,,,86,86,65.0,29 March 2023,
FORD,Puma Model Year Pre 2023.75,1.0 EcoBoost (mHEV),M6,Manual,999,Petrol Electric,Mild Hybrid Electric Vehicle (MHEV),125,91,0,,,,Euro 6d,False,WLTP,41.5,53.3,55.4,41.5,47.1,0,6.8,5.3,5.1,6.8,6,0,135,0,,,,,318,39,14,,,86,86,65.0,29 March 2023,
FORD,Puma Model Year Pre 2023.75,1.0 EcoBoost (mHEV),DCT7,Automatic,999,Petrol Electric,Mild Hybrid Electric Vehicle (MHEV),125,91,0,,,,Euro 6d,False,WLTP,40.9,54.3,58.9,46.3,50.4,0,6.9,5.2,4.8,6.1,5.6,0,127,0,,,,,243,38,17,,,86,86,65.0,29 March 2023,
FORD,Puma Model Year Pre 2023.75,1.0 EcoBoost (mHEV),DCT7,Automatic,999,Petrol Electric,Mild Hybrid Electric Vehicle (MHEV),125,91,0,,,,Euro 6d,False,WLTP,37.7,49.6,52.3,40.4,44.8,0,7.5,5.7,5.4,7,6.3,0,143,0,,,,,243,38,17,,,86,86,65.0,29 March 2023,
FORD,Puma Model Year Pre 2023.75,1.0 EcoBoost (mHEV),M6,Manual,999,Petrol Electric,Mild Hybrid Electric Vehicle (MHEV),155,114,0,,,,Euro 6d,False,WLTP,44.1,58.9,61.4,47.9,52.3,0,6.4,4.8,4.6,5.9,5.4,0,121,0,,,,,361,40,17,,,86,86,65.0,29 March 2023,
FORD,Puma Model Year Pre 2023.75,1.0 EcoBoost (mHEV),M6,Manual,999,Petrol Electric,Mild Hybrid Electric Vehicle (MHEV),155,114,0,,,,Euro 6d,False,WLTP,40.4,51.4,52.3,41.5,46.3,0,7,5.5,5.4,6.8,6.1,0,138,0,,,,,361,40,17,,,86,86,65.0,29 March 2023,
FORD,Puma Model Year Pre 2023.75,1.0 EcoBoost (mHEV),DCT7,Automatic,999,Petrol Electric,Mild Hybrid Electric Vehicle (MHEV),155,114,0,,,,Euro 6d,False,WLTP,42.2,55.4,58.9,47.1,51.4,0,6.7,5.1,4.8,6,5.5,0,125,0,,,,,242,43,21,,,86,86,65.0,29 March 2023,
FORD,Puma Model Year Pre 2023.75,1.0 EcoBoost (mHEV),DCT7,Automatic,999,Petrol Electric,Mild Hybrid Electric Vehicle (MHEV),155,114,0,,,,Euro 6d,False,WLTP,38.7,48.7,52.3,40.4,44.8,0,7.3,5.8,5.4,7,6.3,0,142,0,,,,,242,43,21,,,86,86,65.0,29 March 2023,
FORD,Puma Model Year Pre 2023.75,1.5 EcoBoost (with Bi-Metal Catalyst),M6,Manual,1496,Petrol,Internal Combustion Engine (ICE),200,147,0,,,,Euro 6d,False,WLTP,34,46.3,50.4,40.4,43.5,0,8.3,6.1,5.6,7,6.5,0,148,0,,,,,659,20,5,0,,86,86,69.0,29 March 2023,
FORD,Puma Model Year Pre 2023.75,1.5 EcoBoost (with Bi-Metal Catalyst),M6,Manual,1496,Petrol,Internal Combustion Engine (ICE),200,147,0,,,,Euro 6d,False,WLTP,32.5,44.8,47.9,39.2,41.5,0,8.7,6.3,5.9,7.2,6.8,0,154,0,,,,,659,20,5,0,,86,86,69.0,29 March 2023,
FORD,Puma Model Year Pre 2023.75,1.5 EcoBoost (With Tri-Metal Catalyst),M6,Manual,1496,Petrol,Internal Combustion Engine (ICE),200,147,0,,,,Euro 6d,False,WLTP,33.6,45.6,50.4,40.9,42.8,0,8.4,6.2,5.6,6.9,6.6,0,149,0,,,,,581,11,4,0,,86,86,69.0,13 September 2023,
FORD,Puma Model Year Pre 2023.75,1.5 EcoBoost (with Tri-Metal Catalyst),M6,Manual,1496,Petrol,Internal Combustion Engine (ICE),200,147,0,,,,Euro 6d,False,WLTP,32.5,43.5,47.9,39.2,41.5,0,8.7,6.5,5.9,7.2,6.8,0,155,0,,,,,581,11,4,0,,86,86,69.0,29 March 2023,
FORD,Puma Model Year Post 2023.75,1.0 EcoBoost ,M6,Manual,999,Petrol,Internal Combustion Engine (ICE),125,91,0,,,,Euro 6d,False,WLTP,40.9,52.3,57.6,45.6,49.6,0,6.9,5.4,4.9,6.2,5.7,0,130,0,,,,,370,33,11,,,86,86,65.0,29 March 2023,
FORD,Puma Model Year Post 2023.75,1.0 EcoBoost ,M6,Manual,999,Petrol,Internal Combustion Engine (ICE),125,91,0,,,,Euro 6d,False,WLTP,38.7,47.1,50.4,39.2,43.5,0,7.3,6,5.6,7.2,6.5,0,146,0,,,,,370,33,11,,,86,86,65.0,29 March 2023,
FORD,Puma Model Year Post 2023.75,1.0 EcoBoost ,DCT7,Automatic,999,Petrol,Internal Combustion Engine (ICE),125,91,0,,,,Euro 6d,False,WLTP,39.2,50.4,56.5,44.1,47.9,0,7.2,5.6,5,6.4,5.9,0,134,0,,,,,386,35,14,,,86,86,65.0,29 March 2023,
FORD,Puma Model Year Post 2023.75,1.0 EcoBoost ,DCT7,Automatic,999,Petrol,Internal Combustion Engine (ICE),125,91,0,,,,Euro 6d,False,WLTP,37.2,46.3,49.6,39.2,42.8,0,7.6,6.1,5.7,7.2,6.6,0,149,0,,,,,386,35,14,,,86,86,65.0,29 March 2023,
FORD,Puma Model Year Post 2023.75,1.0 EcoBoost (mHEV),M6,Manual,999,Petrol Electric,Mild Hybrid Electric Vehicle (MHEV),125,91,0,,,,Euro 6d,False,WLTP,45.6,58.9,62.8,48.7,53.3,0,6.2,4.8,4.5,5.8,5.3,0,119,0,,,,,318,39,14,,,86,86,65.0,28 April 2023,
FORD,Puma Model Year Post 2023.75,1.0 EcoBoost (mHEV),M6,Manual,999,Petrol Electric,Mild Hybrid Electric Vehicle (MHEV),125,91,0,,,,Euro 6d,False,WLTP,41.5,53.3,55.4,41.5,47.1,0,6.8,5.3,5.1,6.8,6,0,135,0,,,,,318,39,14,,,86,86,65.0,28 April 2023,
FORD,Puma Model Year Post 2023.75,1.0 EcoBoost (mHEV),DCT7,Automatic,999,Petrol Electric,Mild Hybrid Electric Vehicle (MHEV),125,91,0,,,,Euro 6d,False,WLTP,40.9,54.3,58.9,46.3,50.4,0,6.9,5.2,4.8,6.1,5.6,0,127,0,,,,,243,38,17,,,86,86,65.0,28 April 2023,
FORD,Puma Model Year Post 2023.75,1.0 EcoBoost (mHEV),DCT7,Automatic,999,Petrol Electric,Mild Hybrid Electric Vehicle (MHEV),125,91,0,,,,Euro 6d,False,WLTP,37.7,49.6,52.3,40.4,44.8,0,7.5,5.7,5.4,7,6.3,0,143,0,,,,,243,38,17,,,86,86,65.0,28 April 2023,
FORD,Puma Model Year Post 2023.75,1.0 EcoBoost (mHEV),M6,Manual,999,Petrol Electric,Mild Hybrid Electric Vehicle (MHEV),155,114,0,,,,Euro 6d,False,WLTP,44.1,58.9,61.4,47.9,52.3,0,6.4,4.8,4.6,5.9,5.4,0,121,0,,,,,361,40,17,,,86,86,65.0,28 April 2023,
FORD,Puma Model Year Post 2023.75,1.0 EcoBoost (mHEV),M6,Manual,999,Petrol Electric,Mild Hybrid Electric Vehicle (MHEV),155,114,0,,,,Euro 6d,False,WLTP,40.4,51.4,52.3,41.5,46.3,0,7,5.5,5.4,6.8,6.1,0,138,0,,,,,361,40,17,,,86,86,65.0,28 April 2023,
FORD,Puma Model Year Post 2023.75,1.0 EcoBoost (mHEV),DCT7,Automatic,999,Petrol Electric,Mild Hybrid Electric Vehicle (MHEV),155,114,0,,,,Euro 6d,False,WLTP,42.2,55.4,58.9,47.1,51.4,0,6.7,5.1,4.8,6,5.5,0,125,0,,,,,242,43,21,,,86,86,65.0,28 April 2023,
FORD,Puma Model Year Post 2023.75,1.0 EcoBoost (mHEV),DCT7,Automatic,999,Petrol Electric,Mild Hybrid Electric Vehicle (MHEV),155,114,0,,,,Euro 6d,False,WLTP,38.7,48.7,52.3,40.4,44.8,0,7.3,5.8,5.4,7,6.3,0,142,0,,,,,242,43,21,,,86,86,65.0,28 April 2023,
FORD,Puma Model Year Post 2023.75,1.5 EcoBoost (With Tri-Metal Catalyst),M6,Manual,1496,Petrol,Internal Combustion Engine (ICE),200,147,0,,,,Euro 6d,False,WLTP,33.6,45.6,50.4,40.9,42.8,0,8.4,6.2,5.6,6.9,6.6,0,149,0,,,,,581,11,4,0,,86,86,69.0,13 September 2023,
FORD,Puma Model Year Post 2023.75,1.5 EcoBoost (with Tri-Metal Catalyst),M6,Manual,1496,Petrol,Internal Combustion Engine (ICE),200,147,0,,,,Euro 6d,False,WLTP,32.5,43.5,47.9,39.2,41.5,0,8.7,6.5,5.9,7.2,6.8,0,155,0,,,,,581,11,4,0,,86,86,69.0,28 April 2023,
FORD,Puma Model Year Post 2023.75,1.0 EcoBoost (mHEV),DCT7,Automatic,999,Petrol Electric,Mild Hybrid Electric Vehicle (MHEV),170,125,0,,,,Euro 6d,False,WLTP,39.2,50.4,55.4,44.1,47.1,0,7.2,5.6,5.1,6.4,6,0,135,0,,,,,364,36,20,,,86,86,68.0,13 September 2023,
FORD,Puma Model Year Post 2023.75,1.0 EcoBoost (mHEV),DCT7,Automatic,999,Petrol Electric,Mild Hybrid Electric Vehicle (MHEV),170,125,0,,,,Euro 6d,False,WLTP,36.2,45.6,51.4,40.9,43.5,0,7.8,6.2,5.5,6.9,6.5,0,146,0,,,,,364,36,20,,,86,86,68.0,13 September 2023,
FORD,New Focus Model Year Pre 2024.00,1.0 EcoBoost,M6,Manual,999,Petrol,Internal Combustion Engine (ICE),125,92,0,,,,Euro 6d,False,WLTP,43.5,56.5,64.2,53.3,55.4,0,6.5,5,4.4,5.3,5.1,0,116,0,,,,,423,34,13,,,86,86,67.0,28 September 2023,
FORD,New Focus Model Year Pre 2024.00,1.0 EcoBoost,M6,Manual,999,Petrol,Internal Combustion Engine (ICE),125,92,0,,,,Euro 6d,False,WLTP,37.7,44.8,49.6,41.5,44.1,0,7.5,6.3,5.7,6.8,6.4,0,146,0,,,,,423,34,13,,,86,86,67.0,28 September 2023,
FORD,New Focus Model Year Pre 2024.00,2.3 EcoBoost,M6,Manual,2261,Petrol,Internal Combustion Engine (ICE),280,206,0,,,,Euro 6d,False,WLTP,22.4,38.2,43.5,37.7,36.2,0,12.6,7.4,6.5,7.5,7.8,0,180,0,,,,,370,26,12,,,86,86,68.0,28 September 2023,
FORD,New Focus Model Year Pre 2024.00,2.3 EcoBoost,M6,Manual,2261,Petrol,Internal Combustion Engine (ICE),280,206,0,,,,Euro 6d,False,WLTP,21.6,35.3,40.4,36.2,34,0,13.1,8,7,7.8,8.3,0,189,0,,,,,370,26,12,,,86,86,68.0,28 September 2023,
FORD,New Focus Model Year Pre 2024.00,2.3 EcoBoost,A7,Automatic,2261,Petrol,Internal Combustion Engine (ICE),280,206,0,,,,Euro 6d,False,WLTP,21.2,35.8,44.1,39.8,35.8,0,13.3,7.9,6.4,7.1,7.9,0,180,0,,,,,691,51,16,,,86,86,69.0,28 September 2023,
FORD,New Focus Model Year Pre 2024.00,2.3 EcoBoost,A7,Automatic,2261,Petrol,Internal Combustion Engine (ICE),280,206,0,,,,Euro 6d,False,WLTP,21.1,34.4,41.5,38.2,34.4,0,13.4,8.2,6.8,7.4,8.2,0,187,0,,,,,691,51,16,,,86,86,69.0,28 September 2023,
FORD,New Focus Model Year Pre 2024.00,1.0 EcoBoost (mHEV),DCT7,Automatic,999,Petrol Electric,Mild Hybrid Electric Vehicle (MHEV),125,92,0,,,,Euro 6d,False,WLTP,40.4,56.5,61.4,50.4,53.3,0,7,5,4.6,5.6,5.3,0,121,0,,,,,402,37,15,,,86,86,65.0,28 September 2023,
FORD,New Focus Model Year Pre 2024.00,1.0 EcoBoost (mHEV),DCT7,Automatic,999,Petrol Electric,Mild Hybrid Electric Vehicle (MHEV),125,92,0,,,,Euro 6d,False,WLTP,36.2,46.3,50.4,38.7,42.8,0,7.8,6.1,5.6,7.3,6.6,0,149,0,,,,,402,37,15,,,86,86,65.0,28 September 2023,
FORD,New Focus Model Year Pre 2024.00,1.0 EcoBoost (mHEV),M6,Manual,999,Petrol Electric,Mild Hybrid Electric Vehicle (MHEV),155,115,0,,,,Euro 6d,False,WLTP,44.8,58.9,64.2,52.3,55.4,0,6.3,4.8,4.4,5.4,5.1,0,115,0,,,,,253,40,14,,,86,86,68.0,28 September 2023,
FORD,New Focus Model Year Pre 2024.00,1.0 EcoBoost (mHEV),M6,Manual,999,Petrol Electric,Mild Hybrid Electric Vehicle (MHEV),155,115,0,,,,Euro 6d,False,WLTP,41.5,51.4,53.3,44.1,47.9,0,6.8,5.5,5.3,6.4,5.9,0,134,0,,,,,253,40,14,,,86,86,68.0,28 September 2023,
FORD,New Focus Model Year Pre 2024.00,1.0 EcoBoost (mHEV),DCT7,Automatic,999,Petrol Electric,Mild Hybrid Electric Vehicle (MHEV),155,115,0,,,,Euro 6d,False,WLTP,42.8,55.4,64.2,52.3,54.3,0,6.6,5.1,4.4,5.4,5.2,0,117,0,,,,,337,43,18,,,86,86,65.0,28 September 2023,
FORD,New Focus Model Year Pre 2024.00,1.0 EcoBoost (mHEV),DCT7,Automatic,999,Petrol Electric,Mild Hybrid Electric Vehicle (MHEV),155,115,0,,,,Euro 6d,False,WLTP,37.7,47.9,52.3,40.9,44.8,0,7.5,5.9,5.4,6.9,6.3,0,143,0,,,,,337,43,18,,,86,86,65.0,28 September 2023,
FORD,New Focus Model Year Pre 2024.00,1.5 EcoBlue,A8,Automatic,1499,Diesel,Internal Combustion Engine (ICE),120,88,0,,,,Euro 6d,False,WLTP,43.5,54.3,61.4,51.4,53.3,0,6.5,5.2,4.6,5.5,5.3,0,139,0,,,,,44,,35,39,0.31,114,114,67.0,28 September 2023,
FORD,New Focus Model Year Pre 2024.00,1.5 EcoBlue,A8,Automatic,1499,Diesel,Internal Combustion Engine (ICE),120,88,0,,,,Euro 6d,False,WLTP,50.4,64.2,74.3,64.2,64.2,0,5.6,4.4,3.8,4.4,4.4,0,115,0,,,,,44,,35,39,0.31,114,114,67.0,29 September 2023,
FORD,New Focus Model Year Post 2024.00,2.3 EcoBoost,M6,Manual,2261,Petrol,Internal Combustion Engine (ICE),280,206,0,,,,Euro 6 EA,False,WLTP,22.4,38.2,43.5,37.7,36.2,0,12.6,7.4,6.5,7.5,7.8,0,180,0,,,,,370,26,12,,,60,60,68.0,28 September 2023,
FORD,New Focus Model Year Post 2024.00,2.3 EcoBoost,M6,Manual,2261,Petrol,Internal Combustion Engine (ICE),280,206,0,,,,Euro 6 EA,False,WLTP,21.6,35.3,40.4,36.2,34,0,13.1,8,7,7.8,8.3,0,189,0,,,,,370,26,12,,,60,60,68.0,28 September 2023,
FORD,New Focus Model Year Post 2024.00,2.3 EcoBoost,A7,Automatic,2261,Petrol,Internal Combustion Engine (ICE),280,206,0,,,,Euro 6 EA,False,WLTP,21.2,35.8,44.1,39.8,35.8,0,13.3,7.9,6.4,7.1,7.9,0,180,0,,,,,691,51,16,,,60,60,69.0,28 September 2023,
FORD,New Focus Model Year Post 2024.00,2.3 EcoBoost,A7,Automatic,2261,Petrol,Internal Combustion Engine (ICE),280,206,0,,,,Euro 6 EA,False,WLTP,21.1,34.4,41.5,38.2,34.4,0,13.4,8.2,6.8,7.4,8.2,0,187,0,,,,,691,51,16,,,60,60,69.0,28 September 2023,
FORD,New Focus Model Year Post 2024.00,1.0 EcoBoost (mHEV),M6,Manual,999,Petrol Electric,Mild Hybrid Electric Vehicle (MHEV),125,92,0,,,,Euro 6 EA,False,WLTP,45.6,57.6,62.8,52.3,55.4,0,6.2,4.9,4.5,5.4,5.1,0,116,0,,,,,340,37,15,,,60,60,67.0,28 September 2023,
FORD,New Focus Model Year Post 2024.00,1.0 EcoBoost (mHEV),M6,Automatic,999,Petrol Electric,Mild Hybrid Electric Vehicle (MHEV),125,92,0,,,,Euro 6 EA,False,WLTP,40.9,48.7,52.3,42.8,46.3,0,6.9,5.8,5.4,6.6,6.1,0,138,0,,,,,340,37,15,,,60,60,67.0,28 September 2023,
FORD,New Focus Model Year Post 2024.00,1.0 EcoBoost (mHEV),DCT7,Automatic,999,Petrol Electric,Mild Hybrid Electric Vehicle (MHEV),155,114,0,,,,Euro 6 EA,False,WLTP,37.7,47.9,52.3,40.9,44.8,0,7.5,5.9,5.4,6.9,6.3,0,143,0,,,,,337,43,18,,,60,60,65.0,28 September 2023,
FORD,New Focus Model Year Post 2024.00,1.0 EcoBoost (mHEV),DCT7,Automatic,999,Petrol Electric,Mild Hybrid Electric Vehicle (MHEV),155,114,0,,,,Euro 6 EA,False,WLTP,42.8,55.4,64.2,52.3,54.3,0,6.6,5.1,4.4,5.4,5.2,0,117,0,,,,,337,43,18,,,60,60,65.0,28 September 2023,
FORD,Kuga Model Year Pre 2023.25,1.5 EcoBoost,M6,Manual,1496,Petrol,Internal Combustion Engine (ICE),150,110,0,,,,Euro 6d,False,WLTP,33.6,45.6,51.4,41.5,43.5,0,8.4,6.2,5.5,6.8,6.5,0,147,0,,,,,319,8,5,,,86,86,66.0,07 September 2022,
FORD,Kuga Model Year Pre 2023.25,1.5 EcoBoost,M6,Manual,1496,Petrol,Internal Combustion Engine (ICE),150,110,0,,,,Euro 6d,False,WLTP,32.5,41.5,46.3,38.2,40.4,0,8.7,6.8,6.1,7.4,7,0,160,0,,,,,319,8,5,,,86,86,66.0,07 September 2022,
FORD,Kuga Model Year Pre 2023.25,1.5 EcoBlue,M6,Manual,1499,Diesel,Internal Combustion Engine (ICE),120,88,0,,,,Euro 6d,False,WLTP,54.3,62.8,68.9,55.4,60.1,0,5.2,4.5,4.1,5.1,4.7,0,123,0,,,,,42,,38,43,0.50,114,114,69.0,07 September 2022,
FORD,Kuga Model Year Pre 2023.25,1.5 EcoBlue,M6,Manual,1499,Diesel,Internal Combustion Engine (ICE),120,88,0,,,,Euro 6d,False,WLTP,48.7,55.4,61.4,49.6,53.3,0,5.8,5.1,4.6,5.7,5.3,0,138,0,,,,,42,,38,43,0.50,114,114,69.0,07 September 2022,
FORD,Kuga Model Year Pre 2023.25,1.5 EcoBlue,A8,Automatic,1499,Diesel,Internal Combustion Engine (ICE),120,88,0,,,,Euro 6d,False,WLTP,44.1,55.4,62.8,51.4,54.3,0,6.4,5.1,4.5,5.5,5.2,0,136,0,,,,,40,,33,36,0.24,114,114,70.0,07 September 2022,
FORD,Kuga Model Year Pre 2023.25,1.5 EcoBlue,A8,Automatic,1499,Diesel,Internal Combustion Engine (ICE),120,88,0,,,,Euro 6d,False,WLTP,40.4,48.7,55.4,46.3,47.9,0,7,5.8,5.1,6.1,5.9,0,154,0,,,,,40,,33,36,0.24,114,114,70.0,07 September 2022,
FORD,Kuga Model Year Pre 2023.25,2.0 EcoBlue (mHEV),M6,Manual,1995,Diesel Electric,Mild Hybrid Electric Vehicle (MHEV),150,110,0,,,,Euro 6d,False,WLTP,51.4,57.6,68.9,54.3,58.9,0,5.5,4.9,4.1,5.2,4.8,0,127,0,,,,,217,,24,57,0.29,114,114,68.0,07 September 2022,
FORD,Kuga Model Year Pre 2023.25,2.0 EcoBlue (mHEV),M6,Manual,1995,Diesel Electric,Mild Hybrid Electric Vehicle (MHEV),150,110,0,,,,Euro 6d,False,WLTP,46.3,52.3,58.9,47.9,51.4,0,6.1,5.4,4.8,5.9,5.5,0,144,0,,,,,217,,24,57,0.29,114,114,68.0,07 September 2022,
FORD,Kuga Model Year Pre 2023.25,2.0 EcoBlue,A8-AWD,Automatic,1995,Diesel,Internal Combustion Engine (ICE),190,140,0,,,,Euro 6d,False,WLTP,37.7,48.7,58.9,49.6,49.6,0,7.5,5.8,4.8,5.7,5.7,0,149,0,,,,,241,,27,52,0.77,114,114,69.0,07 September 2022,
FORD,Kuga Model Year Pre 2023.25,2.0 EcoBlue,A8-AWD,Automatic,1995,Diesel,Internal Combustion Engine (ICE),190,140,0,,,,Euro 6d,False,WLTP,34.4,43.5,51.4,44.1,44.1,0,8.2,6.5,5.5,6.4,6.4,0,166,0,,,,,241,,27,52,0.77,114,114,69.0,07 September 2022,
FORD,Kuga Model Year Pre 2023.25,2.5 Duratec (PHEV),CVT,Automatic,2488,Electricity / Petrol,Plug-in Hybrid Electric Vehicle (PHEV),225,165,3.3,186,56,35,Euro 6d,False,WLTP,0,42.2,57.6,42.8,54.3,314,0,6.7,4.9,6.6,5.2,0.9,119,21,40,65,45,72,465,20,8,,,86,86,67.0,07 September 2022,
FORD,Kuga Model Year Pre 2023.25,2.5 Duratec (PHEV),CVT,Automatic,2488,Electricity / Petrol,Plug-in Hybrid Electric Vehicle (PHEV),225,165,3,203,56,35,Euro 6d,False,WLTP,34.9,88.3,48.7,39.2,47.1,217,8.1,3.2,5.8,7.2,6,1.3,137,29,35,57,45,72,465,20,8,,,86,86,67.0,07 September 2022,
FORD,Kuga Model Year Pre 2023.25,2.5 Duratec (FHEV),CVT,Automatic,2488,Petrol Electric,Hybrid Electric Vehicle (HEV),152,112,0,,,,Euro 6d,False,WLTP,34,61.4,62.8,50.4,52.3,0,8.3,4.6,4.5,5.6,5.4,0,124,0,,,,,205,11,10,,,86,86,65.0,07 September 2022,
FORD,Kuga Model Year Pre 2023.25,2.5 Duratec (FHEV),CVT,Automatic,2488,Petrol Electric,Hybrid Electric Vehicle (HEV),152,112,0,,,,Euro 6d,False,WLTP,31,50.4,51.4,43.5,44.1,0,9.1,5.6,5.5,6.5,6.4,0,146,0,,,,,205,11,10,,,86,86,65.0,07 September 2022,
FORD,Kuga Model Year Post 2023.25,1.5 EcoBlue,M6,Manual,1499,Diesel,Internal Combustion Engine (ICE),120,88,0,,,,Euro 6d,False,WLTP,54.3,62.8,68.9,55.4,60.1,0,5.2,4.5,4.1,5.1,4.7,0,123,0,,,,,42,,38,43,0.50,114,114,69.0,07 September 2022,
FORD,Kuga Model Year Post 2023.25,1.5 EcoBlue,M6,Manual,1499,Diesel,Internal Combustion Engine (ICE),120,88,0,,,,Euro 6d,False,WLTP,48.7,55.4,61.4,49.6,53.3,0,5.8,5.1,4.6,5.7,5.3,0,138,0,,,,,42,,38,43,0.50,114,114,69.0,07 September 2022,
FORD,Kuga Model Year Post 2023.25,2.5 Duratec (PHEV),CVT,Automatic,2488,Electricity / Petrol,Plug-in Hybrid Electric Vehicle (PHEV),225,165,3.4,182,56,35,Euro 6d,False,WLTP,52.3,72.4,67.3,40.9,53.3,314,5.4,3.9,4.2,6.9,5.3,0.9,119,21,42,67,45,72,350,21,5,,,86,86,67.0,07 September 2022,
FORD,Kuga Model Year Post 2023.25,2.5 Duratec (PHEV),CVT,Automatic,2488,Electricity / Petrol,Plug-in Hybrid Electric Vehicle (PHEV),225,165,3,207,56,35,Euro 6d,False,WLTP,50.4,58.9,48.7,37.2,45.6,47.1,5.6,4.8,5.8,7.6,6.2,1.3,140,30,36,58,45,72,350,21,5,,,86,86,67.0,07 September 2022,
FORD,Kuga Model Year Post 2023.25,2.5 Duratec (FHEV),CVT,Automatic,2488,Petrol Electric,Hybrid Electric Vehicle (HEV),190,147,0,,,,Euro 6d,False,WLTP,34,61.4,62.8,50.4,52.3,0,8.3,4.6,4.5,5.6,5.4,0,124,0,,,,,205,11,10,,,86,86,65.0,07 September 2022,
FORD,Kuga Model Year Post 2023.25,2.5 Duratec (FHEV),CVT,Automatic,2488,Petrol Electric,Hybrid Electric Vehicle (HEV),190,147,0,,,,Euro 6d,False,WLTP,31,50.4,51.4,43.5,44.1,0,9.1,5.6,5.5,6.5,6.4,0,146,0,,,,,205,11,10,,,86,86,65.0,07 September 2022,
FORD,Kuga Model Year Post 2023.25,1.5 EcoBoost,M6,Manual,1496,Petrol,Internal Combustion Engine (ICE),150,110,0,,,,Euro 6d,False,WLTP,33.6,45.6,51.4,41.5,43.5,0,8.4,6.2,5.5,6.8,6.5,0,147,0,,,,,319,8,5,,,86,86,66.0,03 March 2023,
FORD,Kuga Model Year Post 2023.25,1.5 EcoBoost,M6,Manual,1496,Petrol,Internal Combustion Engine (ICE),150,110,0,,,,Euro 6d,False,WLTP,32.5,41.5,46.3,38.2,40.4,0,8.7,6.8,6.1,7.4,7,0,160,0,,,,,319,8,5,,,86,86,66.0,03 March 2023,
FORD,Mustang Mach-E Model Year Pre 2023.50,RWD Extended Range Battery,A1,Electric - Not Applicable,0,Electricity,Battery Electric Vehicle (BEV) / Pure Electric Vehicle / Electric Vehicle (EV),294,216,3.5,173,600,373,Euro 6-WLTP (for BEVs only),False,WLTP,0,0,0,0,0,0,0,0,0,0,0,0,0,,0,,472,760,0,0,0,0,,0,0,67.0,20 July 2023,
FORD,Mustang Mach-E Model Year Pre 2023.50,AWD Extended Range Battery,A1,Electric - Not Applicable,0,Electricity,Battery Electric Vehicle (BEV) / Pure Electric Vehicle / Electric Vehicle (EV),351,258,3.3,188,550,342,Euro 6-WLTP (for BEVs only),False,WLTP,0,0,0,0,0,0,0,0,0,0,0,0,0,,0,,445,716,0,0,0,0,,0,0,66.0,20 July 2023,
FORD,Mustang Mach-E Model Year Pre 2023.50,GT - AWD Extended Range Battery,A1,Electric - Not Applicable,0,Electricity,Battery Electric Vehicle (BEV) / Pure Electric Vehicle / Electric Vehicle (EV),487,358,2.9,212,490,304,Euro 6-WLTP (for BEVs only),False,WLTP,0,0,0,0,0,0,0,0,0,0,0,0,0,,0,,385,620,0,0,0,0,,0,0,71.0,20 July 2023,
FORD,Mustang Mach-E Model Year Pre 2023.50,RWD Standard Range Battery,A1,Electric - Not Applicable,0,Electricity,Battery Electric Vehicle (BEV) / Pure Electric Vehicle / Electric Vehicle (EV),269,198,3.6,172,440,273,Euro 6-WLTP (for BEVs only),False,WLTP,0,0,0,0,0,0,0,0,0,0,0,0,0,,0,,331,533,0,0,0,0,,0,0,67.0,03 August 2023,
FORD,Mustang Mach-E Model Year Post 2023.50,RWD Standard Range Battery,A1,Electric - Not Applicable,0,Electricity,Battery Electric Vehicle (BEV) / Pure Electric Vehicle / Electric Vehicle (EV),269,198,3.4,178,470,292,Euro 6-WLTP (for BEVs only),False,WLTP,0,0,0,0,0,0,0,0,0,0,0,0,0,,0,,380,612,0,0,0,0,,0,0,67.0,20 July 2023,
FORD,Mustang Mach-E Model Year Post 2023.50,RWD Extended Range Battery,A1,Electric - Not Applicable,0,Electricity,Battery Electric Vehicle (BEV) / Pure Electric Vehicle / Electric Vehicle (EV),294,216,3.5,173,600,373,Euro 6-WLTP (for BEVs only),False,WLTP,0,0,0,0,0,0,0,0,0,0,0,0,0,,0,,472,760,0,0,0,0,,0,0,67.0,20 July 2023,
FORD,Mustang Mach-E Model Year Post 2023.50,AWD Extended Range Battery,A1,Electric - Not Applicable,0,Electricity,Battery Electric Vehicle (BEV) / Pure Electric Vehicle / Electric Vehicle (EV),351,258,3.3,188,550,342,Euro 6-WLTP (for BEVs only),False,WLTP,0,0,0,0,0,0,0,0,0,0,0,0,0,,0,,445,716,0,0,0,0,,0,0,66.0,20 July 2023,
FORD,Mustang Mach-E Model Year Post 2023.50,GT - AWD Extended Range Battery,A1,Electric - Not Applicable,0,Electricity,Battery Electric Vehicle (BEV) / Pure Electric Vehicle / Electric Vehicle (EV),487,358,2.9,212,490,304,Euro 6-WLTP (for BEVs only),False,WLTP,0,0,0,0,0,0,0,0,0,0,0,0,0,,0,,385,620,0,0,0,0,,0,0,71.0,20 July 2023,
FORD,New Tourneo Connect Model Year Post 2023,1.5 EcoBoost,M6,Manual,1498,Petrol,Internal Combustion Engine (ICE),114,84,0,,,,Euro 6d,False,WLTP,36.2,47.9,54.3,44.8,46.3,0,7.8,5.9,5.2,6.3,6.1,0,138,0,,,,,245,29,31,,,86,86,69.0,25 August 2022,
FORD,New Tourneo Connect Model Year Post 2023,1.5 EcoBoost,M6,Manual,1498,Petrol,Internal Combustion Engine (ICE),114,84,0,,,,Euro 6d,False,WLTP,32.8,39.8,44.8,35.8,38.2,0,8.6,7.1,6.3,7.9,7.4,0,167,0,,,,,245,29,31,,,86,86,69.0,25 August 2022,
FORD,New Tourneo Connect Model Year Post 2023,1.5 EcoBoost,A7,Automatic,1498,Petrol,Internal Combustion Engine (ICE),114,84,0,,,,Euro 6d,False,WLTP,33.2,44.8,53.3,44.1,44.8,0,8.5,6.3,5.3,6.4,6.3,0,144,0,,,,,212,28,29,,,86,86,69.0,02 September 2022,
FORD,New Tourneo Connect Model Year Post 2023,1.5 EcoBoost,A7,Automatic,1498,Petrol,Internal Combustion Engine (ICE),114,84,0,,,,Euro 6d,False,WLTP,30.7,38.2,44.8,35.3,37.7,0,9.2,7.4,6.3,8,7.5,0,170,0,,,,,212,28,29,,,86,86,69.0,02 September 2022,
FORD,New Tourneo Connect Model Year Post 2023,2.0 EcoBlue - 3.944 FDR,M6,Manual,1968,Diesel,Internal Combustion Engine (ICE),122,90,0,,,,Euro 6d,False,WLTP,47.9,64.2,72.4,57.6,61.4,0,5.9,4.4,3.9,4.9,4.6,0,121,0,,,,,25,,47,66,0.21,114,114,70.0,25 August 2022,
FORD,New Tourneo Connect Model Year Post 2023,2.0 EcoBlue - 3.944 FDR,M6,Manual,1968,Diesel,Internal Combustion Engine (ICE),122,90,0,,,,Euro 6d,False,WLTP,44.8,54.3,60.1,47.1,51.4,0,6.3,5.2,4.7,6,5.5,0,143,0,,,,,25,,47,66,0.21,114,114,70.0,25 August 2022,
FORD,New Tourneo Connect Model Year Post 2023,2.0 EcoBlue - 4.235/3.273 FDR,M6,Manual,1968,Diesel,Internal Combustion Engine (ICE),122,90,0,,,,Euro 6d,False,WLTP,46.3,57.6,64.2,53.3,55.4,0,6.1,4.9,4.4,5.3,5.1,0,133,0,,,,,24,,51,63,0.18,114,114,69.0,25 August 2022,
FORD,New Tourneo Connect Model Year Post 2023,2.0 EcoBlue - 4.235/3.273 FDR,M6,Manual,1968,Diesel,Internal Combustion Engine (ICE),122,90,0,,,,Euro 6d,False,WLTP,40.9,49.6,53.3,42.2,46.3,0,6.9,5.7,5.3,6.7,6.1,0,159,0,,,,,24,,51,63,0.18,114,114,69.0,25 August 2022,
FORD,New Tourneo Connect Model Year Post 2023,2.0 EcoBlue,A7,Automatic,1968,Diesel,Internal Combustion Engine (ICE),122,90,0,,,,Euro 6d,False,WLTP,43.5,60.1,67.3,56.5,57.6,0,6.5,4.7,4.2,5,4.9,0,128,0,,,,,23,,38,59,0.21,114,114,68.0,02 September 2022,
FORD,New Tourneo Connect Model Year Post 2023,2.0 EcoBlue,A7,Automatic,1968,Diesel,Internal Combustion Engine (ICE),122,90,0,,,,Euro 6d,False,WLTP,39.8,52.3,56.5,46.3,49.6,0,7.1,5.4,5,6.1,5.7,0,151,0,,,,,23,,38,59,0.21,114,114,68.0,02 September 2022,
FORD,New Grand Tourneo Connect Model Year Post 2023,1.5 EcoBoost,M6,Manual,1498,Petrol,Internal Combustion Engine (ICE),114,84,0,,,,Euro 6d,False,WLTP,36.2,47.9,54.3,44.8,46.3,0,7.8,5.9,5.2,6.3,6.1,0,138,0,,,,,245,29,31,,,86,86,69.0,25 August 2022,
FORD,New Grand Tourneo Connect Model Year Post 2023,1.5 EcoBoost,M6,Manual,1498,Petrol,Internal Combustion Engine (ICE),114,84,0,,,,Euro 6d,False,WLTP,32.8,39.8,44.8,35.8,38.2,0,8.6,7.1,6.3,7.9,7.4,0,167,0,,,,,245,29,31,,,86,86,69.0,25 August 2022,
FORD,New Grand Tourneo Connect Model Year Post 2023,1.5 EcoBoost,A7,Automatic,1498,Petrol,Internal Combustion Engine (ICE),114,84,0,,,,Euro 6d,False,WLTP,33.2,44.8,53.3,44.1,44.8,0,8.5,6.3,5.3,6.4,6.3,0,144,0,,,,,212,28,29,,,86,86,69.0,02 September 2022,
FORD,New Grand Tourneo Connect Model Year Post 2023,1.5 EcoBoost,A7,Automatic,1498,Petrol,Internal Combustion Engine (ICE),114,84,0,,,,Euro 6d,False,WLTP,30.7,38.2,44.8,35.3,37.7,0,9.2,7.4,6.3,8,7.5,0,170,0,,,,,212,28,29,,,86,86,69.0,02 September 2022,
FORD,New Grand Tourneo Connect Model Year Post 2023,2.0 EcoBlue - 3.944 FDR,M6,Manual,1968,Diesel,Internal Combustion Engine (ICE),122,90,0,,,,Euro 6d,False,WLTP,47.9,64.2,72.4,57.6,61.4,0,5.9,4.4,3.9,4.9,4.6,0,121,0,,,,,25,,47,66,0.21,114,114,70.0,25 August 2022,
FORD,New Grand Tourneo Connect Model Year Post 2023,2.0 EcoBlue - 3.944 FDR,M6,Manual,1968,Diesel,Internal Combustion Engine (ICE),122,90,0,,,,Euro 6d,False,WLTP,44.8,54.3,60.1,47.1,51.4,0,6.3,5.2,4.7,6,5.5,0,143,0,,,,,25,,47,66,0.21,114,114,70.0,25 August 2022,
FORD,New Grand Tourneo Connect Model Year Post 2023,2.0 EcoBlue - 4.235/3.273 FDR,M6,Manual,1968,Diesel,Internal Combustion Engine (ICE),122,90,0,,,,Euro 6d,False,WLTP,46.3,57.6,64.2,53.3,55.4,0,6.1,4.9,4.4,5.3,5.1,0,133,0,,,,,24,,51,63,0.18,114,114,69.0,25 August 2022,
FORD,New Grand Tourneo Connect Model Year Post 2023,2.0 EcoBlue - 4.235/3.273 FDR,M6,Manual,1968,Diesel,Internal Combustion Engine (ICE),122,90,0,,,,Euro 6d,False,WLTP,40.9,49.6,53.3,42.2,46.3,0,6.9,5.7,5.3,6.7,6.1,0,159,0,,,,,24,,51,63,0.18,114,114,69.0,25 August 2022,
FORD,New Grand Tourneo Connect Model Year Post 2023,2.0 EcoBlue ,A7,Automatic,1968,Diesel,Internal Combustion Engine (ICE),122,90,0,,,,Euro 6d,False,WLTP,43.5,60.1,67.3,56.5,57.6,0,6.5,4.7,4.2,5,4.9,0,128,0,,,,,23,,38,59,0.21,114,114,68.0,02 September 2022,
FORD,New Grand Tourneo Connect Model Year Post 2023,2.0 EcoBlue ,A7,Automatic,1968,Diesel,Internal Combustion Engine (ICE),122,90,0,,,,Euro 6d,False,WLTP,39.8,52.3,56.5,46.3,49.6,0,7.1,5.4,5,6.1,5.7,0,151,0,,,,,23,,38,59,0.21,114,114,68.0,02 September 2022,
FORD,All New Tourneo Custom Model Year Post 2023.75,2.0 EcoBlue 4.93 FDR,M6,Manual,1996,Diesel,Internal Combustion Engine (ICE),136,100,0,,,,Euro 6d,False,WLTP,31.7,42.8,49.6,39.2,41.5,0,8.9,6.6,5.7,7.2,6.8,0,179,0,,,,,112,,11,40,2.76,114,114,68.0,06 October 2023,
FORD,All New Tourneo Custom Model Year Post 2023.75,2.0 EcoBlue - 4.93 FDR,M6,Manual,1996,Diesel,Internal Combustion Engine (ICE),136,100,0,,,,Euro 6d,False,WLTP,27.2,37.7,41.5,33.6,35.3,0,10.4,7.5,6.8,8.4,8,0,208,0,,,,,112,,11,40,2.76,114,114,68.0,06 October 2023,
FORD,All New Tourneo Custom Model Year Post 2023.75,2.0 EcoBlue - 3.65 FDR,A8,Automatic,1996,Diesel,Internal Combustion Engine (ICE),136,100,0,,,,Euro 6d,False,WLTP,28.2,39.8,45.6,36.2,37.7,0,10,7.1,6.2,7.8,7.5,0,196,0,,,,,95,,13,42,2.07,114,114,71.0,06 October 2023,
FORD,All New Tourneo Custom Model Year Post 2023.75,2.0 EcoBlue - 3.65 FDR,A8,Automatic,1996,Diesel,Internal Combustion Engine (ICE),136,100,0,,,,Euro 6d,False,WLTP,25.2,34.4,39.2,31.4,32.8,0,11.2,8.2,7.2,9,8.6,0,225,0,,,,,95,,13,42,2.07,114,114,71.0,06 October 2023,
FORD,All New Tourneo Custom Model Year Post 2023.75,2.0 EcoBlue - 4.93 FDR,M6,Manual,1996,Diesel,Internal Combustion Engine (ICE),150,110,0,,,,Euro 6d,False,WLTP,31.7,42.8,49.6,39.2,41.5,0,8.9,6.6,5.7,7.2,6.8,0,179,0,,,,,112,,11,40,2.76,114,114,68.0,06 October 2023,
FORD,All New Tourneo Custom Model Year Post 2023.75,2.0 EcoBlue - 4.93 FDR,M6,Manual,1996,Diesel,Internal Combustion Engine (ICE),150,110,0,,,,Euro 6d,False,WLTP,27.2,37.7,41.5,33.6,35.3,0,10.4,7.5,6.8,8.4,8,0,208,0,,,,,112,,11,40,2.76,114,114,68.0,06 October 2023,
FORD,All New Tourneo Custom Model Year Post 2023.75,2.0 EcoBlue - 3.65 FDR,A8,Automatic,1996,Diesel,Internal Combustion Engine (ICE),170,125,0,,,,Euro 6d,False,WLTP,28.2,39.8,45.6,36.2,37.7,0,10,7.1,6.2,7.8,7.5,0,196,0,,,,,95,,13,42,2.07,114,114,71.0,06 October 2023,
FORD,All New Tourneo Custom Model Year Post 2023.75,2.0 EcoBlue - 3.65 FDR,A8,Automatic,1996,Diesel,Internal Combustion Engine (ICE),170,125,0,,,,Euro 6d,False,WLTP,25.2,34.4,39.2,31.4,32.8,0,11.2,8.2,7.2,9,8.6,0,225,0,,,,,95,,13,42,2.07,114,114,71.0,06 October 2023,
GENESIS,Electrified G80, Electrified G80 Entry,N/A,Electric - Not Applicable,0,Electricity,Battery Electric Vehicle (BEV) / Pure Electric Vehicle / Electric Vehicle (EV),370,272,3.4,181,570,354,Euro 6-WLTP (for BEVs only),False,WLTP,0,0,0,0,0,0,0,0,0,0,0,0,0,,0,,425,684,0,,,,,,,67.0,03 July 2025,
GENESIS,Electrified G80, Electrified G80 Luxury,N/A,Electric - Not Applicable,0,Electricity,Battery Electric Vehicle (BEV) / Pure Electric Vehicle / Electric Vehicle (EV),370,272,3.3,191,520,323,Euro 6-WLTP (for BEVs only),False,WLTP,0,0,0,0,0,0,0,0,0,0,0,0,0,,0,,397,639,,,,,,,,68.0,03 July 2025,
GENESIS,Electrified G80, Electrified G80 Mid,N/A,Electric - Not Applicable,0,Electricity,Battery Electric Vehicle (BEV) / Pure Electric Vehicle / Electric Vehicle (EV),370,272,3.4,181,570,354,Euro 6-WLTP (for BEVs only),False,WLTP,0,0,0,0,0,0,0,0,0,0,0,0,0,,0,,425,684,0,,,,,,,67.0,03 July 2025,
GENESIS,Electrified GV70, Electrified GV70 Pure,N/A,Electric - Not Applicable,0,Electricity,Battery Electric Vehicle (BEV) / Pure Electric Vehicle / Electric Vehicle (EV),490,360,3.2,194,479,298,Euro 6-WLTP (for BEVs only),False,WLTP,0,0,0,0,0,0,0,0,0,0,0,0,0,,0,,383,617,0,,,,,,,69.0,07 July 2025,
GENESIS,Electrified GV70, Electrified GV70 360kW (490 PS) 77.4kWh,N/A,Automatic,0,Electricity,Battery Electric Vehicle (BEV) / Pure Electric Vehicle / Electric Vehicle (EV),490,360,3.3,190,465,289,Euro 6-WLTP (for BEVs only),False,WLTP,0,0,0,0,0,0,0,0,0,0,0,0,0,,0,,380,612,0,,,,,,,69.0,03 July 2025,
GENESIS,Electrified GV70, Electrified GV70 Dynamic,N/A,Electric - Not Applicable,0,Electricity,Battery Electric Vehicle (BEV) / Pure Electric Vehicle / Electric Vehicle (EV),490,360,3.1,200,462,287,Euro 6-WLTP (for BEVs only),False,WLTP,0,0,0,0,0,0,0,0,0,0,0,0,0,,0,,386,622,0,,,,,,,69.0,07 July 2025,
GENESIS,Electrified GV70, Electrified GV70 Sport,N/A,Electric - Not Applicable,0,Electricity,Battery Electric Vehicle (BEV) / Pure Electric Vehicle / Electric Vehicle (EV),490,360,3.2,195,455,283,Euro 6-WLTP (for BEVs only),False,WLTP,0,0,0,0,0,0,0,0,0,0,0,0,0,,0,,369,594,0,,,,,,,69.0,03 July 2025,
GENESIS,Electrified GV70, Electrified GV70 Luxury,N/A,Electric - Not Applicable,0,Electricity,Battery Electric Vehicle (BEV) / Pure Electric Vehicle / Electric Vehicle (EV),490,360,3.1,200,462,287,Euro 6-WLTP (for BEVs only),False,WLTP,0,0,0,0,0,0,0,0,0,0,0,0,0,,0,,386,622,0,,,,,,,69.0,07 July 2025,
GENESIS,G70,Luxury 2.0T RWD,A8,Automatic,1998,Petrol,Internal Combustion Engine (ICE),245,180,0,,,,Euro 6d,False,WLTP,31.9,32.9,37.8,33.1,31.9,0,13.3,8.6,7.5,8.5,8.9,0,201,,,,,,258,21,12,,,60,60,69.0,09 October 2023,
GENESIS,G70,Luxury 2.2D RWD,A8,Automatic,2199,Diesel,Internal Combustion Engine (ICE),200,147,0,,,,Euro 6d,False,WLTP,41.6,41.5,48.4,42.3,41.6,0,9.3,6.8,5.8,6.7,6.8,0,178,,,,,,78,,11,58,0.20,80,80,69.0,09 October 2023,
GENESIS,G70,Premium 2.0T RWD,A8,Automatic,1998,Petrol,Internal Combustion Engine (ICE),197,145,0,,,,Euro 6d,False,WLTP,31.9,32.9,37.8,33.1,31.9,0,13.3,8.6,7.5,8.5,8.9,0,201,,,,,,258,21,12,,,60,60,69.0,09 October 2023,
GENESIS,G70,Premium 2.2D RWD,A8,Automatic,2199,Diesel,Internal Combustion Engine (ICE),200,147,0,,,,Euro 6d,False,WLTP,41.6,41.5,48.4,42.3,41.6,0,9.3,6.8,5.8,6.7,6.8,0,178,,,,,,78,,11,58,0.20,80,80,69.0,09 October 2023,
GENESIS,G70,Sport 2.0T RWD,A8,Automatic,1998,Petrol,Internal Combustion Engine (ICE),245,180,0,,,,Euro 6d,False,WLTP,31.9,32.9,37.8,33.1,31.9,0,13.3,8.6,7.5,8.5,8.9,0,201,,,,,,258,21,12,,,60,60,69.0,09 October 2023,
GENESIS,G70,Sport 2.2D RWD,A8,Automatic,2199,Diesel,Internal Combustion Engine (ICE),200,147,0,,,,Euro 6d,False,WLTP,41.6,41.5,48.4,42.3,41.6,0,9.3,6.8,5.8,6.7,6.8,0,178,,,,,,78,,11,58,0.20,80,80,69.0,09 October 2023,
GENESIS,G70 Shooting Brake,Luxury 2.0T RWD,A8,Automatic,1998,Petrol,Internal Combustion Engine (ICE),245,180,0,,,,Euro 6d,False,WLTP,21.3,32.5,37.6,32.3,21.5,0,13.3,8.7,7.5,8.7,9,0,194,,,,,,134,15,17,,,60,60,69.0,09 October 2023,
GENESIS,G70 Shooting Brake,Luxury 2.2D RWD,A8,Automatic,2199,Diesel,Internal Combustion Engine (ICE),200,147,0,,,,Euro 6d,False,WLTP,30,39.9,45.7,40.2,39.8,0,9.4,7.1,6.2,7,7.1,0,180,,,,,,65,,13,53,0.30,80,80,69.0,09 October 2023,
GENESIS,G70 Shooting Brake,Premium 2.0T RWD,A8,Automatic,1998,Petrol,Internal Combustion Engine (ICE),197,145,0,,,,Euro 6d,False,WLTP,21.3,32.5,37.6,32.3,21.5,0,13.3,8.7,7.5,8.7,9,0,194,,,,,,134,15,17,,,60,60,69.0,09 October 2023,
GENESIS,G70 Shooting Brake,Premium 2.2D RWD,A8,Automatic,2199,Diesel,Internal Combustion Engine (ICE),200,147,0,,,,Euro 6d,False,WLTP,30,39.9,45.7,40.2,39.8,0,9.4,7.1,6.2,7,7.1,0,180,,,,,,65,,13,53,0.30,80,80,69.0,09 October 2023,
GENESIS,G70 Shooting Brake,Sport 2.0T RWD,A8,Automatic,1998,Petrol,Internal Combustion Engine (ICE),245,180,0,,,,Euro 6d,False,WLTP,21.3,32.5,37.6,32.3,21.5,0,13.3,8.7,7.5,8.7,9,0,194,,,,,,134,15,17,,,60,60,69.0,09 October 2023,
GENESIS,G70 Shooting Brake,Sport 2.2D RWD,A8,Automatic,2199,Diesel,Internal Combustion Engine (ICE),200,147,0,,,,Euro 6d,False,WLTP,30,39.9,45.7,40.2,39.8,0,9.4,7.1,6.2,7,7.1,0,180,,,,,,65,,13,53,0.30,80,80,69.0,09 October 2023,
GENESIS,G80,Luxury 2.2D,A8,Automatic,2151,Diesel,Internal Combustion Engine (ICE),210,154,0,,,,Euro 6d,False,WLTP,31.2,41.2,51.9,45.7,43.7,0,9,6.9,5.4,6.2,6.5,0,169,,,,,,111,,29,83,0.30,80,80,70.0,09 October 2023,
GENESIS,G80,Luxury 2.5T AWD,A8,Automatic,2497,Petrol,Internal Combustion Engine (ICE),304,224,0,,,,Euro 6d,False,WLTP,19.8,30.3,36,32.9,30.5,0,14.3,9.3,7.9,8.6,9.3,0,210,,,,,,336,26,38,,,60,60,69.0,09 October 2023,
GENESIS,G80,Luxury 2.5T RWD,A8,Automatic,2497,Petrol,Internal Combustion Engine (ICE),304,224,0,,,,Euro 6d,False,WLTP,20.9,33.3,39.4,35.1,32.9,0,13.5,8.5,7.2,8,8.6,0,210,,,,,,353,22,29,,,60,60,69.0,09 October 2023,
GENESIS,G80,Premium 2.2D,A8,Automatic,2151,Diesel,Internal Combustion Engine (ICE),210,154,0,,,,Euro 6d,False,WLTP,31.2,41.2,51.9,45.7,43.7,0,9,6.9,5.4,6.2,6.5,0,169,,,,,,111,,29,83,0.30,80,80,70.0,09 October 2023,
GENESIS,G80,Premium 2.5T AWD,A8,Automatic,2497,Petrol,Internal Combustion Engine (ICE),304,224,0,,,,Euro 6d,False,WLTP,19.8,30.3,36,32.9,30.5,0,14.3,9.3,7.9,8.6,9.3,0,210,,,,,,336,26,38,,,60,60,69.0,09 October 2023,
GENESIS,G80,Premium 2.5T RWD,A8,Automatic,2497,Petrol,Internal Combustion Engine (ICE),304,224,0,,,,Euro 6d,False,WLTP,20.9,33.3,39.4,35.1,32.9,0,13.5,8.5,7.2,8,8.6,0,210,,,,,,336,26,38,,,60,60,69.0,09 October 2023,
GENESIS,G80,Sport 2.5T AWD,A8,Automatic,2497,Petrol,Internal Combustion Engine (ICE),304,224,0,,,,Euro 6d,False,WLTP,19.8,30.3,36,32.9,30.5,0,14.3,9.3,7.9,8.6,9.3,0,210,,,,,,336,26,38,,,60,60,69.0,09 October 2023,
GENESIS,G80,Sport 2.5T RWD,A8,Automatic,2497,Petrol,Internal Combustion Engine (ICE),304,224,0,,,,Euro 6d,False,WLTP,20.9,33.3,39.4,35.1,32.9,0,13.5,8.5,7.2,8,8.6,0,210,,,,,,353,22,29,,,60,60,69.0,09 October 2023,
GENESIS,GV60,GV60 Sport Plus,N/A,Electric - Not Applicable,0,Electricity,Battery Electric Vehicle (BEV) / Pure Electric Vehicle / Electric Vehicle (EV),490,360,3.3,191,466,290,Euro 6-WLTP (for BEVs only),False,WLTP,0,0,0,0,0,0,0,0,0,0,0,0,0,,0,,386,621,0,,,,,,,66.0,03 July 2025,
GENESIS,GV60, GV60 AWD Sport,N/A,Electric - Not Applicable,0,Electricity,Battery Electric Vehicle (BEV) / Pure Electric Vehicle / Electric Vehicle (EV),318,234,3.3,188,470,292,Euro 6-WLTP (for BEVs only),False,WLTP,0,0,0,0,0,0,0,0,0,0,0,0,0,,0,,395,636,0,,,,,,,66.0,03 July 2025,
GENESIS,GV60,GV60 AWD Sport Plus,N/A,Electric - Not Applicable,0,Electricity,Battery Electric Vehicle (BEV) / Pure Electric Vehicle / Electric Vehicle (EV),490,360,3.3,191,466,290,Euro 6-WLTP (for BEVs only),False,WLTP,0,0,0,0,0,0,0,0,0,0,0,0,0,,0,,386,621,0,,,,,,,66.0,03 July 2025,
GENESIS,GV60,GV60 Premium,N/A,Electric - Not Applicable,0,Electricity,Battery Electric Vehicle (BEV) / Pure Electric Vehicle / Electric Vehicle (EV),228,168,3.7,170,517,321,Euro 6-WLTP (for BEVs only),False,WLTP,0,0,0,0,0,0,0,0,0,0,0,0,0,,0,,429,691,0,,,,,,,66.0,03 July 2025,
GENESIS,GV60, GV60 RWD Premium,N/A,Electric - Not Applicable,0,Electricity,Battery Electric Vehicle (BEV) / Pure Electric Vehicle / Electric Vehicle (EV),228,168,3.7,170,517,321,Euro 6-WLTP (for BEVs only),False,WLTP,0,0,0,0,0,0,0,0,0,0,0,0,0,,0,,429,691,0,,,,,,,66.0,03 July 2025,
GENESIS,GV60, GV60 Sport,N/A,Electric - Not Applicable,0,Electricity,Battery Electric Vehicle (BEV) / Pure Electric Vehicle / Electric Vehicle (EV),318,234,3.3,188,470,292,Euro 6-WLTP (for BEVs only),False,WLTP,0,0,0,0,0,0,0,0,0,0,0,0,0,,0,,395,636,0,,,,,,,66.0,03 July 2025,
GENESIS,GV70,Luxury 2.2D AWD,A8,Automatic,2151,Diesel,Internal Combustion Engine (ICE),201,148,0,,,,Euro 6d,False,WLTP,27,37.1,43.4,37.4,37,0,10.5,7.6,6.5,7.5,7.6,0,200,,,,,,62,,32,86,0.20,80,80,68.0,09 October 2023,
GENESIS,GV70,Luxury 2.5T AWD,A8,Automatic,2497,Petrol,Internal Combustion Engine (ICE),304,224,0,,,,Euro 6d,False,WLTP,18.7,28.2,33.1,29.2,27.9,0,15.1,10,8.5,9.7,10.1,0,230,,,,,,120,9,42,,,60,60,68.0,09 October 2023,
GENESIS,GV70,Luxury 2.5T AWD,A8,Automatic,2497,Petrol,Internal Combustion Engine (ICE),304,224,0,,,,Euro 6d,False,WLTP,18.7,28.2,33.1,29.2,27.9,0,15.1,10,8.5,9.7,10.1,0,230,,,,,,120,9,42,,,60,60,68.0,09 October 2023,
GENESIS,GV70,Premium 2.2D AWD,A8,Automatic,2151,Diesel,Internal Combustion Engine (ICE),201,148,0,,,,Euro 6d,False,WLTP,27,37.1,43.4,37.4,37,0,10.5,7.6,6.5,7.5,7.6,0,200,,,,,,62,,32,86,0.20,80,80,68.0,09 October 2023,
GENESIS,GV70,Premium 2.2D AWD,A8,Automatic,2151,Diesel,Internal Combustion Engine (ICE),201,148,0,,,,Euro 6d,False,WLTP,27,37.1,43.4,37.4,37,0,10.5,7.6,6.5,7.5,7.6,0,200,,,,,,62,,32,86,0.20,80,80,68.0,09 October 2023,
GENESIS,GV70,Premium 2.5T AWD,A8,Automatic,2497,Petrol,Internal Combustion Engine (ICE),304,224,0,,,,Euro 6d,False,WLTP,18.7,28.2,33.1,29.2,27.9,0,15.1,10,8.5,9.7,10.1,0,230,,,,,,120,9,42,,,60,60,68.0,09 October 2023,
GENESIS,GV70,Premium 2.5T AWD,A8,Automatic,2497,Petrol,Internal Combustion Engine (ICE),304,224,0,,,,Euro 6d,False,WLTP,18.7,28.2,33.1,29.2,27.9,0,15.1,10,8.5,9.7,10.1,0,230,,,,,,120,9,42,,,60,60,68.0,09 October 2023,
GENESIS,GV70,Sport 2.2D AWD,A8,Automatic,2151,Diesel,Internal Combustion Engine (ICE),201,148,0,,,,Euro 6d,False,WLTP,27,37.1,43.4,37.4,37,0,10.5,7.6,6.5,7.5,7.6,0,200,,,,,,62,,32,86,0.20,80,80,68.0,09 October 2023,
GENESIS,GV70,Sport 2.2D AWD,A8,Automatic,2151,Diesel,Internal Combustion Engine (ICE),201,148,0,,,,Euro 6d,False,WLTP,27,37.1,43.4,37.4,37,0,10.5,7.6,6.5,7.5,7.6,0,200,,,,,,62,,32,86,0.20,80,80,68.0,09 October 2023,
GENESIS,GV70,Sport 2.5T AWD,A8,Automatic,2497,Petrol,Internal Combustion Engine (ICE),304,224,0,,,,Euro 6d,False,WLTP,18.7,28.2,33.1,29.2,27.9,0,15.1,10,8.5,9.7,10.1,0,230,,,,,,120,9,42,,,60,60,68.0,09 October 2023,
GENESIS,GV70,Sport 2.5T AWD,A8,Automatic,2497,Petrol,Internal Combustion Engine (ICE),304,224,0,,,,Euro 6d,False,WLTP,18.7,28.2,33.1,29.2,27.9,0,15.1,10,8.5,9.7,10.1,0,230,,,,,,120,9,42,,,60,60,68.0,09 October 2023,
GENESIS,GV70,Luxury 2.2D AWD,A8,Automatic,2151,Diesel,Internal Combustion Engine (ICE),201,148,0,,,,Euro 6d,False,WLTP,27,37.1,43.4,37.4,37,0,10.5,7.6,6.5,7.5,7.6,0,200,,,,,,62,,32,86,0.20,80,80,68.0,09 October 2023,
GENESIS,GV80,Luxury [5 seats] 2.5T AWD,A8,Automatic,2497,Petrol,Internal Combustion Engine (ICE),304,224,0,,,,Euro 6d,False,WLTP,18,26.4,29.9,25.3,25.3,0,15.7,10.7,9.5,11.2,11.1,0,248,,,,,,283,20,29,,,60,60,72.0,09 October 2023,
GENESIS,GV80,Luxury [5 seats] 3.0D AWD,A8,Automatic,2996,Diesel,Internal Combustion Engine (ICE),278,204,0,,,,Euro 6d,False,WLTP,23.7,29.8,36.8,31.2,31,0,11.9,9.5,7.7,9.1,9.1,0,238,,,,,,211,,51,124,0.30,80,80,72.0,09 October 2023,
GENESIS,GV80,Luxury [7 seats] 2.5T AWD,A8,Automatic,2497,Petrol,Internal Combustion Engine (ICE),304,224,0,,,,Euro 6d,False,WLTP,18,26.4,29.9,25.3,25.3,0,15.7,10.7,9.5,11.2,11.1,0,248,,,,,,283,20,29,,,60,60,72.0,09 October 2023,
GENESIS,GV80,Luxury [7 seats] 3.0D AWD,A8,Automatic,2996,Diesel,Internal Combustion Engine (ICE),278,204,0,,,,Euro 6d,False,WLTP,23.7,29.8,36.8,31.2,31,0,11.9,9.5,7.7,9.1,9.1,0,238,,,,,,211,,51,124,0.30,80,80,72.0,09 October 2023,
GENESIS,GV80,Luxury Plus [6 Seats] 2.5T AWD,A8,Automatic,2497,Petrol,Internal Combustion Engine (ICE),304,224,0,,,,Euro 6d,False,WLTP,18,26.4,29.9,25.3,25.3,0,15.7,10.7,9.5,11.2,11.1,0,248,,,,,,283,20,29,,,60,60,72.0,09 October 2023,
GENESIS,GV80,Premium [5 seats] 2.5T AWD,A8,Automatic,2497,Petrol,Internal Combustion Engine (ICE),304,224,0,,,,Euro 6d,False,WLTP,18,26.4,29.9,25.3,25.3,0,15.7,10.7,9.5,11.2,11.1,0,248,,,,,,283,20,29,,,60,60,72.0,09 October 2023,
GENESIS,GV80,Premium [5 seats] 3.0D AWD,A8,Automatic,2996,Diesel,Internal Combustion Engine (ICE),278,204,0,,,,Euro 6d,False,WLTP,23.7,29.8,36.8,31.2,31,0,11.9,9.5,7.7,9.1,9.1,0,238,,,,,,211,,51,124,0.30,80,80,72.0,09 October 2023,
GENESIS,GV80,Premium [7 seats] 2.5T AWD,A8,Automatic,2497,Petrol,Internal Combustion Engine (ICE),304,224,0,,,,Euro 6d,False,WLTP,18,26.4,29.9,25.3,25.3,0,15.7,10.7,9.5,11.2,11.1,0,248,,,,,,283,20,29,,,60,60,72.0,09 October 2023,
GENESIS,GV80,Premium [7 seats] 3.0D AWD,A8,Automatic,2996,Diesel,Internal Combustion Engine (ICE),278,204,0,,,,Euro 6d,False,WLTP,23.7,29.8,36.8,31.2,31,0,11.9,9.5,7.7,9.1,9.1,0,238,,,,,,211,,51,124,0.30,80,80,72.0,09 October 2023,
GENESIS,GV80,Sport [5 Seats] 2.5T AWD,A8,Automatic,2497,Petrol,Internal Combustion Engine (ICE),304,224,0,,,,Euro 6d,False,WLTP,18,26.4,29.9,25.3,25.3,0,15.7,10.7,9.5,11.2,11.1,0,248,,,,,,283,20,29,,,60,60,72.0,09 October 2023,
GWM,ORA 03,PRO+,N/A,Electric - Not Applicable,0,Electricity,Battery Electric Vehicle (BEV) / Pure Electric Vehicle / Electric Vehicle (EV),126,171,3.7,165,420,261,Euro 6-WLTP (for BEVs only),False,WLTP,0,0,0,0,0,0,0,0,0,0,0,0,0,,0,,406,653,0,,,,,,,64.0,13 January 2025,
GWM,ORA 03,PURE,N/A,Electric - Not Applicable,0,Electricity,Battery Electric Vehicle (BEV) / Pure Electric Vehicle / Electric Vehicle (EV),126,171,3.7,167,310,193,Euro 6-WLTP (for BEVs only),False,WLTP,0,0,0,0,0,0,0,0,0,0,0,0,0,,0,,287,462,0,,,,,,,64.0,13 January 2025,
GWM,ORA 03,PURE+,N/A,Electric - Not Applicable,0,Electricity,Battery Electric Vehicle (BEV) / Pure Electric Vehicle / Electric Vehicle (EV),126,171,3.7,167,310,193,Euro 6-WLTP (for BEVs only),False,WLTP,0,0,0,0,0,0,0,0,0,0,0,0,0,,0,,287,462,0,,,,,,,64.0,13 January 2025,
GWM,ORA 03 25MY,PURE,N/A,Electric - Not Applicable,0,Electricity,Battery Electric Vehicle (BEV) / Pure Electric Vehicle / Electric Vehicle (EV),126,171,3.7,167,310,193,Euro 6-WLTP (for BEVs only),False,WLTP,0,0,0,0,0,0,0,0,0,0,0,0,0,,0,,287,462,0,,,,,,,64.0,10 October 2024,
GWM,ORA 03 25MY,PRO,N/A,Electric - Not Applicable,0,Electricity,Battery Electric Vehicle (BEV) / Pure Electric Vehicle / Electric Vehicle (EV),126,171,3.7,165,420,261,Euro 6-WLTP (for BEVs only),False,WLTP,0,0,0,0,0,0,0,0,0,0,0,0,0,,0,,406,653,0,,,,,,,64.0,10 October 2024,
GWM,ORA 03 25MY,GT,N/A,Electric - Not Applicable,0,Electricity,Battery Electric Vehicle (BEV) / Pure Electric Vehicle / Electric Vehicle (EV),126,171,3.7,168,400,249,Euro 6-WLTP (for BEVs only),False,WLTP,0,0,0,0,0,0,0,0,0,0,0,0,0,,0,,389,626,0,,,,,,,64.0,10 October 2024,
GWM,Haval Jolion Pro,Hybrid Lux,Automatic,Automatic,1497,Petrol Electric,Hybrid Electric Vehicle (HEV),95,70,0,,,,Euro 6c,False,WLTP,59.5,53.7,50.1,40,47.5,0,4.7,5.3,5.6,7.1,5.9,0,133,,,,,,253,27,3,30,,,,69.0,18 December 2024,
GWM,Haval Jolion Pro,Hybrid Ultra,Automatic,Automatic,1497,Petrol Electric,Hybrid Electric Vehicle (HEV),95,70,0,,,,Euro 6c,False,WLTP,59.5,53.7,50.1,40,47.5,0,4.7,5.3,5.6,7.1,5.9,0,133,,,,,,253,27,3,30,,,,69.0,18 December 2024,
GWM,Haval Jolion Pro,Hybrid Premium,Automatic,Automatic,1497,Petrol Electric,Hybrid Electric Vehicle (HEV),95,70,0,,,,Euro 6c,False,WLTP,59.5,53.7,50.1,40,47.5,0,4.7,5.3,5.6,7.1,5.9,0,133,,,,,,253,27,3,31,,0,0,69.0,18 December 2024,
HONDA,Civic 2023,CIVIC 2.0 i-MMD ADVANCE 5 door (Standard),eCVT,Automatic,1993,Petrol Electric,Hybrid Electric Vehicle (HEV),184,135,0,,,,Euro 6d,False,WLTP,62.8,67.3,61.4,45.6,56.5,0,4.5,4.2,4.5,6.2,5,0,114,0,,,,,140,17,8,,,60,60,65.0,03 October 2023,
HONDA,Civic 2023,CIVIC 2.0 i-MMD ADVANCE 5 door (Standard),eCVT,Automatic,1993,Petrol Electric,Hybrid Electric Vehicle (HEV),184,135,0,,,,Euro 6d,False,WLTP,62.8,67.3,61.4,45.6,56.5,0,4.5,4.2,4.5,6.2,5,0,114,0,,,,,140,17,8,,,60,60,65.0,03 October 2023,
HONDA,Civic 2023,CIVIC 2.0 i-MMD ELEGANCE 5 door (Standard),eCVT,Automatic,1993,Petrol Electric,Hybrid Electric Vehicle (HEV),184,135,0,,,,Euro 6d,False,WLTP,67.3,72.4,67.3,47.9,60.1,0,4.2,3.9,4.2,5.9,4.7,0,108,0,,,,,140,17,8,,,60,60,65.0,03 October 2023,
HONDA,Civic 2023,CIVIC 2.0 i-MMD ELEGANCE 5 door (Standard),eCVT,Automatic,1993,Petrol Electric,Hybrid Electric Vehicle (HEV),184,135,0,,,,Euro 6d,False,WLTP,67.3,72.4,67.3,47.9,60.1,0,4.2,3.9,4.2,5.9,4.7,0,108,0,,,,,140,17,8,,,60,60,65.0,03 October 2023,
HONDA,Civic 2023,CIVIC 2.0 i-MMD ELEGANCE 5 door (Standard),eCVT,Automatic,1993,Petrol Electric,Hybrid Electric Vehicle (HEV),184,135,0,,,,Euro 6d,False,WLTP,67.3,72.4,65.7,47.9,60.1,0,4.2,3.9,4.2,5.9,4.7,0,108,0,,,,,140,17,8,,,60,60,65.0,03 October 2023,
HONDA,Civic 2023,CIVIC 2.0 i-MMD SPORT 5 door (Standard),eCVT,Automatic,1993,Petrol Electric,Hybrid Electric Vehicle (HEV),184,135,0,,,,Euro 6d,False,WLTP,65.7,68.9,64.2,45.6,56.5,0,4.4,4.1,4.4,6.2,5,0,113,0,,,,,140,17,8,,,60,60,65.0,03 October 2023,
HONDA,Civic 2023,CIVIC 2.0 i-MMD SPORT 5 door (Standard),eCVT,Automatic,1993,Petrol Electric,Hybrid Electric Vehicle (HEV),184,135,0,,,,Euro 6d,False,WLTP,65.7,68.9,62.8,45.6,56.5,0,4.4,4.1,4.5,6.2,5,0,113,0,,,,,140,17,8,,,60,60,65.0,03 October 2023,
HONDA,Civic 2023,CIVIC 2.0 i-MMD SPORT 5 door (Standard),eCVT,Automatic,1993,Petrol Electric,Hybrid Electric Vehicle (HEV),184,135,0,,,,Euro 6d,False,WLTP,64.2,68.9,62.8,45.6,56.5,0,4.4,4.1,4.5,6.2,5,0,113,0,,,,,140,17,8,,,60,60,65.0,03 October 2023,
HONDA,Civic 2023,CIVIC 2.0 i-MMD SPORT 5 door (Standard),eCVT,Automatic,1993,Petrol Electric,Hybrid Electric Vehicle (HEV),184,135,0,,,,Euro 6d,False,WLTP,64.2,68.9,62.8,45.6,56.5,0,4.4,4.1,4.5,6.2,5,0,113,0,,,,,140,17,8,,,60,60,65.0,03 October 2023,
HONDA,Civic 2023,CIVIC 2.0 i-MMD ADVANCE 5 door (Standard),eCVT,Automatic,1993,Petrol Electric,Hybrid Electric Vehicle (HEV),184,135,0,,,,Euro 6d,False,WLTP,62.8,67.3,62.8,45.6,56.5,0,4.5,4.2,4.5,6.2,5,0,114,0,,,,,140,17,8,,,60,60,65.0,03 October 2023,
HONDA,Civic 2023,CIVIC 2.0 i-MMD ADVANCE 5 door (Standard),eCVT,Automatic,1993,Petrol Electric,Hybrid Electric Vehicle (HEV),184,135,0,,,,Euro 6d,False,WLTP,62.8,67.3,62.8,45.6,56.5,0,4.5,4.2,4.5,6.2,5,0,114,0,,,,,140,17,8,,,60,60,65.0,03 October 2023,
HONDA,Civic 2023,CIVIC 2.0 i-MMD ADVANCE 5 door (Standard),eCVT,Automatic,1993,Petrol Electric,Hybrid Electric Vehicle (HEV),184,135,0,,,,Euro 6d,False,WLTP,62.8,67.3,62.8,45.6,56.5,0,4.5,4.2,4.5,6.2,5,0,114,0,,,,,140,17,8,,,60,60,65.0,03 October 2023,
HONDA,Civic 2023,CIVIC 2.0 i-MMD ADVANCE 5 door (Standard),eCVT,Automatic,1993,Petrol Electric,Hybrid Electric Vehicle (HEV),184,135,0,,,,Euro 6d,False,WLTP,62.8,67.3,62.8,45.6,56.5,0,4.5,4.2,4.5,6.2,5,0,114,0,,,,,140,17,8,,,60,60,65.0,03 October 2023,
HONDA,Civic Type-R 2023,CIVIC TYPE-R 2.0 Type R 5 door (Standard),M6,Manual,1996,Petrol,Internal Combustion Engine (ICE),329,242,0,,,,Euro 6d,False,WLTP,24.8,35.3,39.8,35.3,34.5,0,11.4,8,7.1,8,8.2,0,186,0,,,,,356,12,15,,0.25,60,60,70.0,11 July 2025,
HONDA,CR-V Hybrid 2024,CR-V HYBRID 2.0 i-MMD Advance Tech e:PHEV 5 door (Standard),N/A,Automatic,1993,Electricity / Petrol,Plug-in Hybrid Electric Vehicle (PHEV),184,135,3.6,172,,0,Euro 6d,False,WLTP,0,0,0,0,0,353.1,0,0,0,0,0,0.8,0,19,49,79,0,,151,12,7,,0.16,60,60,63.0,11 July 2025,
HONDA,CR-V Hybrid 2024,CR-V HYBRID 2.0 i-MMD Elegance (sensing) 5 door (Standard),N/A,Automatic,1993,Petrol Electric,Hybrid Electric Vehicle (HEV),184,135,0,,,,Euro 6d,False,WLTP,49.6,48.7,47.1,34.9,42.2,0,5.7,5.8,6,8.1,6.7,0,151,0,,,,,140,11,9,,0.17,60,60,64.0,11 December 2024,
HONDA,CR-V Hybrid 2024,CR-V HYBRID 2.0 i-MMD Elegance (360 sensing) 5 door (Standard),N/A,Automatic,1993,Petrol Electric,Hybrid Electric Vehicle (HEV),184,135,0,,,,Euro 6d,False,WLTP,49.6,48.7,47.1,34.9,42.2,0,5.7,5.8,6,8.1,6.7,0,151,0,,,,,140,11,9,,0.17,60,60,64.0,11 December 2024,
HONDA,CR-V Hybrid 2024,CR-V HYBRID 2.0 i-MMD Advance 5 door (Standard),N/A,Automatic,1993,Petrol Electric,Hybrid Electric Vehicle (HEV),184,135,0,,,,Euro 6d,False,WLTP,49.6,48.7,47.1,34.9,42.2,0,5.7,5.9,6,8.1,6.7,0,151,0,,,,,140,11,9,,0.17,60,60,64.0,11 December 2024,
HONDA,e:Ny1 2023,e:Ny1 BEV Elegance 5 door (Standard),N/A,Electric - Not Applicable,0,Electricity,Battery Electric Vehicle (BEV) / Pure Electric Vehicle / Electric Vehicle (EV),204,150,3.4,182,412,256,Euro 6-WLTP (for BEVs only),False,WLTP,0,0,0,0,0,0,0,0,0,0,0,0,0,0,0,,378,608,,,,,,,,64.0,20 January 2025,
HONDA,e:Ny1 2023,e:Ny1 BEV Advance 5 door (Standard),N/A,Electric - Not Applicable,0,Electricity,Battery Electric Vehicle (BEV) / Pure Electric Vehicle / Electric Vehicle (EV),204,150,3.4,182,412,256,Euro 6-WLTP (for BEVs only),False,WLTP,0,0,0,0,0,0,0,0,0,0,0,0,0,0,0,,378,608,,,,,,,,64.0,20 January 2025,
HONDA,HR-V 2022,HR-V 1.5 iMMD ADVANCE 5 door (Standard),CVT,Automatic,1498,Petrol Electric,Hybrid Electric Vehicle (HEV),107,79,0,,,,Euro 6d,False,WLTP,61.4,68.9,61.4,39.8,52.3,0,4.6,4.1,4.6,7.1,5.4,0,122,0,,,,,58,6,4,,,60,60,66.0,02 October 2023,
HONDA,HR-V 2022,HR-V 1.5 iMMD ADVANCE STYLE 5 door (Standard),CVT,Automatic,1498,Petrol Electric,Hybrid Electric Vehicle (HEV),107,79,0,,,,Euro 6d,False,WLTP,61.4,68.9,61.4,39.8,52.3,0,4.6,4.1,4.6,7.1,5.4,0,122,0,,,,,58,6,4,,,60,60,66.0,02 October 2023,
HONDA,HR-V 2023,HR-V 1.5 i-MMD ADVANCE 5 door (Standard),CVT,Automatic,1498,Petrol Electric,Hybrid Electric Vehicle (HEV),107,79,0,,,,Euro 6d,False,WLTP,61.4,68.9,61.4,39.8,52.3,0,4.6,4.1,4.6,7.1,5.4,0,122,0,,,,,58,6,4,,,60,60,66.0,02 October 2023,
HONDA,HR-V 2023,HR-V 1.5 i-MMD ADVANCE STYLE 5 door (Standard),CVT,Automatic,1498,Petrol Electric,Hybrid Electric Vehicle (HEV),107,79,0,,,,Euro 6d,False,WLTP,61.4,68.9,61.4,39.8,52.3,0,4.6,4.1,4.6,7.1,5.4,0,122,0,,,,,58,6,4,,,60,60,66.0,02 October 2023,
HONDA,HR-V 2025,HR-V 1.5 i-MMD Elegance 5 door (Standard),CVT,Automatic,1498,Petrol Electric,Hybrid Electric Vehicle (HEV),131,96,0,,,,Euro 6d,False,WLTP,61.4,68.9,61.4,39.8,52.3,0,4.6,4.1,4.6,7.1,5.4,0,104,0,0,,,,58,12,7,,,60,60,66.0,11 July 2025,
HONDA,HR-V 2025,HR-V 1.5 i-MMD Advance 5 door (Standard),CVT,Automatic,1498,Petrol Electric,Hybrid Electric Vehicle (HEV),131,96,0,,,,Euro 6d,False,WLTP,61.4,68.9,61.4,39.8,52.3,0,4.6,4.1,4.6,7.1,5.4,0,104,0,,,,,58,6,4,,,60,60,66.0,15 November 2024,
HONDA,HR-V 2025,HR-V 1.5 i-MMD Advance Plus 5 door (Standard),CVT,Automatic,1498,Petrol Electric,Hybrid Electric Vehicle (HEV),131,96,0,,,,Euro 6d,False,WLTP,61.4,68.9,61.4,39.8,52.3,0,4.6,4.1,4.6,7.1,5.4,0,104,0,,,,,58,6,4,,,60,60,66.0,15 November 2024,
HONDA,HR-V 2025,HR-V 1.5 i-MMD Advance Style 5 door (Standard),CVT,Automatic,1498,Petrol Electric,Hybrid Electric Vehicle (HEV),131,96,0,,,,Euro 6d,False,WLTP,61.4,68.9,61.4,39.8,52.3,0,4.6,4.1,4.6,7.1,5.4,0,104,0,,,,,58,6,4,,,60,60,66.0,15 November 2024,
HONDA,HR-V 2025,HR-V 1.5 i-MMD Advance Style Plus 5 door (Standard),CVT,Automatic,1498,Petrol Electric,Hybrid Electric Vehicle (HEV),131,96,0,,,,Euro 6d,False,WLTP,61.4,68.9,61.4,39.8,52.3,0,4.6,4.1,4.6,7.1,5.4,0,104,0,,,,,58,6,4,,,60,60,66.0,15 November 2024,
HONDA,Jazz 2024,JAZZ 1.5 i-MMD ELEGANCE 5 door (Standard),CVT,Automatic,1498,Petrol Electric,Hybrid Electric Vehicle (HEV),107,79,0,,,,Euro 6d,False,WLTP,76.4,74.3,70.6,47.9,61.4,0,2.5,3.8,4,5.9,4.6,0,85,0,,,,,39,10,10,,,60,60,65.0,07 November 2023,
HONDA,Jazz 2024,JAZZ 1.5 i-MMD ADVANCE 5 door (Standard),CVT,Automatic,1498,Petrol Electric,Hybrid Electric Vehicle (HEV),107,79,0,,,,Euro 6d,False,WLTP,74.3,74.3,70.6,47.9,61.4,0,2.6,3.8,4,5.9,4.6,0,104,0,,,,,39,10,10,,,,60,65.0,03 October 2023,
HONDA,Jazz 2024,JAZZ 1.5 i-MMD ADVANCE 5 door (Standard),CVT,Automatic,1498,Petrol Electric,Hybrid Electric Vehicle (HEV),107,79,0,,,,Euro 6d,False,WLTP,74.3,74.3,70.6,47.9,61.4,0,2.6,3.8,4,5.9,4.6,0,105,0,,,,,39,10,10,,,,60,65.0,03 October 2023,
HONDA,Jazz 2024,JAZZ 1.5 i-MMD ADVANCE 5 door (Standard),CVT,Automatic,1498,Petrol Electric,Hybrid Electric Vehicle (HEV),107,79,0,,,,Euro 6d,False,WLTP,74.3,74.3,70.6,47.1,61.4,0,2.6,3.8,4,6,4.6,0,105,0,,,,,39,10,10,,,,60,65.0,03 October 2023,
HONDA,Jazz 2024,JAZZ 1.5 i-MMD ADVANCE 5 door (Standard),CVT,Automatic,1498,Petrol Electric,Hybrid Electric Vehicle (HEV),107,79,0,,,,Euro 6d,False,WLTP,72.4,74.3,70.6,47.9,61.4,0,2.6,3.8,4,5.9,4.6,0,105,0,,,,,39,10,10,,,,60,65.0,03 October 2023,
HONDA,Jazz 2024,JAZZ 1.5 i-MMD ADVANCE 5 door (Standard),CVT,Automatic,1498,Petrol Electric,Hybrid Electric Vehicle (HEV),107,79,0,,,,Euro 6d,False,WLTP,72.4,74.3,68.9,47.1,60.1,0,2.6,3.8,4.1,6,4.7,0,106,0,,,,,39,10,10,,,,60,65.0,03 October 2023,
HONDA,Jazz 2024,JAZZ 1.5 i-MMD ADVANCE SPORT 5 door (Standard),CVT,Automatic,1498,Petrol Electric,Hybrid Electric Vehicle (HEV),107,79,0,,,,Euro 6d,False,WLTP,70.6,76.4,70.6,47.1,61.4,0,2.6,3.7,4,6,4.6,0,105,0,,,,,46,8,6,,,60,60,65.0,03 October 2023,
HONDA,Jazz 2024,JAZZ 1.5 i-MMD ADVANCE SPORT 5 door (Standard),CVT,Automatic,1498,Petrol Electric,Hybrid Electric Vehicle (HEV),107,79,0,,,,Euro 6d,False,WLTP,70.6,76.4,70.6,47.1,60.1,0,2.6,3.7,4,6,4.7,0,106,0,,,,,46,8,6,,,60,60,65.0,03 October 2023,
HONDA,Jazz 2024,JAZZ 1.5 i-MMD ADVANCE SPORT 5 door (Standard),CVT,Automatic,1498,Petrol Electric,Hybrid Electric Vehicle (HEV),107,79,0,,,,Euro 6d,False,WLTP,70.6,76.4,68.9,47.1,60.1,0,2.6,3.7,4.1,6,4.7,0,106,0,,,,,46,8,6,,,60,60,65.0,03 October 2023,
HONDA,Jazz 2024,JAZZ 1.5 i-MMD ADVANCE SPORT 5 door (Standard),CVT,Automatic,1498,Petrol Electric,Hybrid Electric Vehicle (HEV),107,79,0,,,,Euro 6d,False,WLTP,70.6,74.3,68.9,47.1,60.1,0,2.6,3.8,4.1,6,4.7,0,106,0,,,,,46,8,6,,,60,60,65.0,03 October 2023,
HONDA,Jazz 2024,JAZZ 1.5 i-MMD ADVANCE SPORT 5 door (Standard),CVT,Automatic,1498,Petrol Electric,Hybrid Electric Vehicle (HEV),107,79,0,,,,Euro 6d,False,WLTP,70.6,74.3,68.9,47.1,60.1,0,2.6,3.8,4.1,6,4.7,0,107,0,,,,,46,8,6,,,60,60,65.0,03 October 2023,
HONDA,Jazz 2024,JAZZ 1.5 i-MMD ADVANCE SPORT 5 door (Standard),CVT,Automatic,1498,Petrol Electric,Hybrid Electric Vehicle (HEV),107,79,0,,,,Euro 6d,False,WLTP,70.6,74.3,68.9,46.3,60.1,0,2.6,3.8,4.1,6.1,4.7,0,107,0,,,,,46,8,6,,,60,60,65.0,03 October 2023,
HONDA,Jazz 2024,JAZZ 1.5 i-MMD ADVANCE SPORT 5 door (Standard Model),CVT,Automatic,1498,Petrol Electric,Hybrid Electric Vehicle (HEV),107,79,0,,,,Euro 6d,False,WLTP,70.6,76.4,70.6,47.1,61.4,0,2.6,3.7,4,6,4.6,0,105,0,,,,,46,8,6,,,,60,65.0,03 October 2023,
HONDA,Jazz 2024,JAZZ 1.5 i-MMD ADVANCE SPORT 5 door (Standard Model),CVT,Automatic,1498,Petrol Electric,Hybrid Electric Vehicle (HEV),107,79,0,,,,Euro 6d,False,WLTP,70.6,76.4,70.6,47.1,60.1,0,2.6,3.7,4,6,4.7,0,106,0,,,,,46,8,6,,,,60,65.0,03 October 2023,
HONDA,Jazz 2024,JAZZ 1.5 i-MMD ADVANCE SPORT 5 door (Standard Model),CVT,Automatic,1498,Petrol Electric,Hybrid Electric Vehicle (HEV),107,79,0,,,,Euro 6d,False,WLTP,70.6,76.4,68.9,47.1,60.1,0,2.6,3.7,4.1,6,4.7,0,106,0,,,,,46,8,6,,,,60,65.0,03 October 2023,
HONDA,Jazz 2024,JAZZ 1.5 i-MMD ADVANCE SPORT 5 door (Standard Model),CVT,Automatic,1498,Petrol Electric,Hybrid Electric Vehicle (HEV),107,79,0,,,,Euro 6d,False,WLTP,70.6,74.3,68.9,46.3,60.1,0,2.6,3.8,4.1,6.1,4.7,0,107,0,,,,,46,8,6,,,,60,65.0,03 October 2023,
HONDA,Jazz 2024,JAZZ 1.5 i-MMD ADVANCE SPORT 5 door (Standard Model),CVT,Automatic,1498,Petrol Electric,Hybrid Electric Vehicle (HEV),107,79,0,,,,Euro 6d,False,WLTP,70.6,74.3,68.9,47.1,60.1,0,2.6,3.8,4.1,6,4.7,0,106,0,,,,,46,8,6,,,,60,65.0,03 October 2023,
HONDA,Jazz 2024,JAZZ 1.5 i-MMD ADVANCE SPORT 5 door (Standard Model),CVT,Automatic,1498,Petrol Electric,Hybrid Electric Vehicle (HEV),107,79,0,,,,Euro 6d,False,WLTP,70.6,74.3,68.9,47.1,60.1,0,2.6,3.8,4.1,6,4.7,0,107,0,,,,,46,8,6,,,,60,65.0,03 October 2023,
HONDA,Jazz 2024,JAZZ 1.5 i-MMD CROSSTAR ADVANCE 5 door (Standard),CVT,Automatic,1498,Petrol Electric,Hybrid Electric Vehicle (HEV),107,79,0,,,,Euro 6d,False,WLTP,72.4,72.4,68.9,45.6,58.9,0,2.7,3.9,4.1,6.2,4.8,0,108,0,,,,,39,10,10,,,,60,65.0,03 October 2023,
HONDA,Jazz 2024,JAZZ 1.5 i-MMD CROSSTAR ADVANCE 5 door (Standard),CVT,Automatic,1498,Petrol Electric,Hybrid Electric Vehicle (HEV),107,79,0,,,,Euro 6d,False,WLTP,72.4,72.4,67.3,45.6,58.9,0,2.7,3.9,4.2,6.2,4.8,0,108,0,,,,,39,10,10,,,,60,65.0,03 October 2023,
HONDA,Jazz 2024,JAZZ 1.5 i-MMD CROSSTAR ADVANCE 5 door (Standard),CVT,Automatic,1498,Petrol Electric,Hybrid Electric Vehicle (HEV),107,79,0,,,,Euro 6d,False,WLTP,70.6,72.4,67.3,45.6,58.9,0,2.7,3.9,4.2,6.2,4.8,0,109,0,,,,,39,10,10,,,,60,65.0,03 October 2023,
HONDA,Jazz 2024,JAZZ 1.5 i-MMD ELEGANCE 5 door (Standard),CVT,Automatic,1498,Petrol Electric,Hybrid Electric Vehicle (HEV),107,79,0,,,,Euro 6d,False,WLTP,78.5,76.4,72.4,48.7,62.8,0,2.5,3.7,3.9,5.8,4.5,0,102,0,,,,,39,10,10,,,,60,65.0,03 October 2023,
HONDA,Jazz 2024,JAZZ 1.5 i-MMD ELEGANCE 5 door (Standard),CVT,Automatic,1498,Petrol Electric,Hybrid Electric Vehicle (HEV),107,79,0,,,,Euro 6d,False,WLTP,76.4,76.4,72.4,48.7,62.8,0,2.5,3.7,3.9,5.8,4.5,0,103,0,,,,,39,10,10,,,,60,65.0,03 October 2023,
HONDA,Jazz 2024,JAZZ 1.5 i-MMD ELEGANCE 5 door (Standard),CVT,Automatic,1498,Petrol Electric,Hybrid Electric Vehicle (HEV),107,79,0,,,,Euro 6d,False,WLTP,76.4,74.3,72.4,47.9,61.4,0,2.5,3.8,3.9,5.9,4.6,0,103,0,,,,,39,10,10,,,,60,65.0,03 October 2023,
HONDA,Jazz 2024,JAZZ 1.5 i-MMD ELEGANCE 5 door (Standard),CVT,Automatic,1498,Petrol Electric,Hybrid Electric Vehicle (HEV),107,79,0,,,,Euro 6d,False,WLTP,76.4,74.3,70.6,47.9,61.4,0,2.5,3.8,4,5.9,4.6,0,104,0,,,,,39,10,10,,,,60,65.0,03 October 2023,
HONDA,ZR-V Hybrid 2023,ZR-V Hybrid 2.0 i-MMD Elegance 5 door (Standard),eCVT,Automatic,1993,Petrol Electric,Hybrid Electric Vehicle (HEV),184,135,0,,,,Euro 6d,False,WLTP,58.9,62.8,54.3,39.2,49.6,0,4.8,4.5,5.2,7.2,5.7,0,130,0,0,,,,144,14,10,,,60,60,67.0,11 July 2025,
HONDA,ZR-V Hybrid 2023,ZR-V Hybrid 2.0 i-MMD Sport 5 door (Standard),eCVT,Automatic,1993,Petrol Electric,Hybrid Electric Vehicle (HEV),184,135,0,,,,Euro 6d,False,WLTP,58.9,62.8,53.3,38.7,48.7,0,4.8,4.5,5.3,7.3,5.8,0,131,0,0,,,,144,14,10,,,60,60,67.0,11 July 2025,
HONDA,ZR-V Hybrid 2023,ZR-V Hybrid 2.0 i-MMD Advance 5 door (Standard),eCVT,Automatic,1993,Petrol Electric,Hybrid Electric Vehicle (HEV),184,135,0,,,,Euro 6d,False,WLTP,57.6,61.4,53.3,38.7,48.7,0,4.9,4.6,5.3,7.3,5.8,0,132,0,0,,,,144,14,10,,,60,60,67.0,11 July 2025,
HYUNDAI,Bayon,BAYON ADVANCE 1.0T DCT MY25,DCT,Automatic,998,Petrol,Internal Combustion Engine (ICE),100,74,,,,,Euro 6 EA,False,WLTP,40.4,54.3,61.4,48.7,51.4,0,7,5.2,4.6,5.8,5.5,0,124,,,,,,171,18,15,,,,,68.0,11 July 2025,
HYUNDAI,Bayon,BAYON ADVANCE 1.0T MT MY25,MT,Manual,998,Petrol,Internal Combustion Engine (ICE),100,74,,,,,Euro 6 EA,False,WLTP,39.2,54.3,61.4,49.6,51.4,0,7.2,5.2,4.6,5.7,5.5,0,125,,,,,,186,20,14,,,,,68.0,11 July 2025,
HYUNDAI,Bayon,BAYON PREMIUM 1.0T 120PS 48V MY23,MT,Manual,998,Petrol Electric,Mild Hybrid Electric Vehicle (MHEV),120,88,,,,,Euro 6d,False,WLTP,42.2,56.5,61.4,50.4,53.3,0,6.7,5,4.6,5.6,5.3,0,121,,,,,,252,23,16,,,,,68.0,11 July 2025,
HYUNDAI,Bayon,BAYON ULT 1.0T 48V DCT MY23,DCT,Automatic,998,Petrol Electric,Mild Hybrid Electric Vehicle (MHEV),100,74,,,,,Euro 6d,False,WLTP,41.5,54.3,61.4,52.3,53.3,0,6.8,5.2,4.6,5.4,5.3,0,121,,,,,,203,27,27,,,,,67.0,11 July 2025,
HYUNDAI,Bayon,BAYON PREMIUM 1.0T 48V DCT MY23,DCT,Automatic,998,Petrol Electric,Mild Hybrid Electric Vehicle (MHEV),100,74,,,,,Euro 6d,False,WLTP,41.5,54.3,61.4,52.3,53.3,0,6.8,5.2,4.6,5.4,5.3,0,120,,,,,,203,27,27,,,,,67.0,11 July 2025,
HYUNDAI,Bayon,BAYON PREMIUM 1.0T DCT MY25,DCT,Automatic,998,Petrol,Internal Combustion Engine (ICE),100,74,,,,,Euro 6 EA,False,WLTP,40.4,53.3,61.4,48.7,51.4,0,7,5.3,4.6,5.8,5.5,0,125,,,,,,171,18,15,,,,,68.0,11 July 2025,
HYUNDAI,Bayon,BAYON ULTIMATE 1.0T MT MY25,MT,Manual,998,Petrol,Internal Combustion Engine (ICE),100,74,,,,,Euro 6 EA,False,WLTP,38.7,53.3,60.1,48.7,50.4,0,7.3,5.3,4.7,5.8,5.6,0,126,,,,,,186,20,14,,,,,68.0,11 July 2025,
HYUNDAI,Bayon,BAYON PREMIUM 1.0T MT MY25,MT,Manual,998,Petrol,Internal Combustion Engine (ICE),100,74,,,,,Euro 6 EA,False,WLTP,38.7,53.3,60.1,48.7,51.4,0,7.3,5.3,4.7,5.8,5.5,0,126,,,,,,186,20,14,,,,,68.0,11 July 2025,
HYUNDAI,Bayon,BAYON SE CONNECT 1.0T 48V DCT MY23,DCT,Automatic,998,Petrol Electric,Mild Hybrid Electric Vehicle (MHEV),100,74,,,,,Euro 6d,False,WLTP,41.5,54.3,61.4,53.3,54.3,0,6.8,5.2,4.6,5.3,5.2,0,119,,,,,,203,27,27,,,,,67.0,11 July 2025,
HYUNDAI,Bayon,BAYON PREMIUM 1.0T 120PS 48V DCT MY23,DCT,Automatic,998,Petrol Electric,Mild Hybrid Electric Vehicle (MHEV),120,88,,,,,Euro 6d,False,WLTP,42.8,55.4,61.4,51.4,53.3,0,6.6,5.1,4.6,5.5,5.3,0,120,,,,,,211,27,25,,,,,67.0,11 July 2025,
HYUNDAI,Bayon,BAYON PREMIUM 1.0T 48V MY23,MT,Manual,998,Petrol Electric,Mild Hybrid Electric Vehicle (MHEV),100,74,,,,,Euro 6d,False,WLTP,42.2,55.4,62.8,49.6,53.3,0,6.7,5.1,4.5,5.7,5.3,0,121,,,,,,222,24,20,,,,,68.0,11 July 2025,
HYUNDAI,Bayon,BAYON SE CONNECT 1.0T 48V MY23,MT,Manual,998,Petrol Electric,Mild Hybrid Electric Vehicle (MHEV),100,74,,,,,Euro 6d,False,WLTP,42.2,55.4,62.8,51.4,53.3,0,6.7,5.1,4.5,5.5,5.3,0,119,,,,,,222,24,20,,,,,68.0,11 July 2025,
HYUNDAI,Bayon,BAYON ULT 1.0T 120PS 48V MY23,MT,Manual,998,Petrol Electric,Mild Hybrid Electric Vehicle (MHEV),120,88,,,,,Euro 6d,False,WLTP,42.2,56.5,61.4,49.6,52.3,0,6.7,5,4.6,5.7,5.4,0,121,,,,,,252,23,16,,,,,68.0,11 July 2025,
HYUNDAI,Bayon,BAYON ULT 1.0T 48V MY23,MT,Manual,998,Petrol Electric,Mild Hybrid Electric Vehicle (MHEV),100,74,,,,,Euro 6d,False,WLTP,42.2,55.4,62.8,49.6,53.3,0,6.7,5.1,4.5,5.7,5.3,0,121,,,,,,222,24,20,,,,,68.0,11 July 2025,
HYUNDAI,Bayon,BAYON ULTIMATE 1.0T DCT MY25,DCT,Automatic,998,Petrol,Internal Combustion Engine (ICE),100,74,,,,,Euro 6 EA,False,WLTP,39.8,53.3,60.1,48.7,51.4,0,7.1,5.3,4.7,5.8,5.5,0,125,,,,,,171,18,15,,,,,68.0,11 July 2025,
HYUNDAI,i10,I10 PREMIUM 1.0 63PS MY25,MT,Manual,998,Petrol,Internal Combustion Engine (ICE),63,46,,,,,Euro 6 EA,False,WLTP,46.3,57.6,61.4,48.7,53.3,0,6.1,4.9,4.6,5.8,5.3,0,119,,,,,,589,36,16,,,,,69.0,30 June 2025,
HYUNDAI,i10,I10 PREMIUM 1.0 67PS AMT MY24,AMT,Automatic,998,Petrol,Internal Combustion Engine (ICE),67,49,,,,,Euro 6d,False,WLTP,42.8,56.5,60.1,46.3,51.4,0,6.6,5,4.7,6.1,5.5,0,125,,,,,,273,32,21,,,,,69.0,30 June 2025,
HYUNDAI,i10,I10 N LINE 1.0T 90PS MY25,MT,Manual,998,Petrol,Internal Combustion Engine (ICE),90,66,,,,,Euro 6 EA,False,WLTP,41.5,54.3,61.4,48.7,52.3,0,6.8,5.2,4.6,5.8,5.4,0,123,,,,,,84,8,10,,,,,70.0,30 June 2025,
HYUNDAI,i10,I10 PREMIUM 1.0 63PS AMT MY25,AMT,Automatic,998,Petrol,Internal Combustion Engine (ICE),63,46,,,,,Euro 6 EA,False,WLTP,42.8,56.5,60.1,46.3,51.4,,6.6,5,4.7,6.1,5.5,,125,,,,,,273,32,21,,,,,69.0,30 June 2025,
HYUNDAI,i10,I10 ADVANCE 1.0 67PS AMT MY24,AMT,Automatic,998,Petrol,Internal Combustion Engine (ICE),67,49,,,,,Euro 6d,False,WLTP,43.6,57.6,61.4,47.9,53.3,0,6.5,4.9,4.6,5.9,5.3,0,121,,,,,,273,32,21,,,,,69.0,30 June 2025,
HYUNDAI,i10,I10 PREMIUM 1.0 67PS MY24,MT,Manual,998,Petrol,Internal Combustion Engine (ICE),67,49,,,,,Euro 6d,False,WLTP,44.1,58.9,62.8,49.6,54.3,0,6.4,4.8,4.5,5.7,5.2,0,119,,,,,,373,30,14,,,,,69.0,30 June 2025,
HYUNDAI,i10,I10 ADVANCE 1.2 79PS AMT MY25,AMT,Automatic,1197,Petrol,Internal Combustion Engine (ICE),79,58,,,,,Euro 6 EA,False,WLTP,41.5,55.4,60.1,48.7,51.4,0,6.8,5.1,4.7,5.8,5.5,0,124,,,,,,295,41,43,,,,,68.0,30 June 2025,
HYUNDAI,i10,I10 ADVANCE 1.2 79PS MY25,MT,Manual,1197,Petrol,Internal Combustion Engine (ICE),79,58,,,,,Euro 6 EA,False,WLTP,45.6,58.9,62.8,48.7,53.3,,6.2,4.8,4.5,5.8,5.3,,119,,,,,,327,34,17,,,,,68.0,30 June 2025,
HYUNDAI,i10,I10 ADVANCE 1.2 84PS AMT MY24,AMT,Automatic,1197,Petrol,Internal Combustion Engine (ICE),84,62,,,,,Euro 6d,False,WLTP,41.5,55.4,60.1,48.7,51.4,0,6.8,5.1,4.7,5.8,5.5,0,124,,,,,,295,41,43,,,,,68.0,30 June 2025,
HYUNDAI,i10,I10 ADVANCE 1.2 84PS MY24,MT,Manual,1197,Petrol,Internal Combustion Engine (ICE),84,62,,,,,Euro 6d,False,WLTP,44.8,57.6,61.4,49.6,54.3,0,6.3,4.9,4.6,5.7,5.2,0,119,,,,,,418,42,17,,,,,68.0,30 June 2025,
HYUNDAI,i10,I10 N LINE 1.0T 100PS MY24,MT,Manual,998,Petrol,Internal Combustion Engine (ICE),100,74,,,,,Euro 6d,False,WLTP,41.5,54.3,61.4,48.7,52.3,0,6.8,5.2,4.6,5.8,5.4,0,123,,,,,,84,8,10,,,,,70.0,30 June 2025,
HYUNDAI,i10,I10 ADVANCE 1.0 63PS AMT MY25,AMT,Automatic,998,Petrol,Internal Combustion Engine (ICE),63,46,,,,,Euro 6 EA,False,WLTP,43.5,57.6,61.4,47.9,53.3,0,6.5,4.9,4.6,5.9,5.3,0,121,,,,,,273,32,21,,,,,69.0,30 June 2025,
HYUNDAI,i10,I10 ADVANCE 1.0 63PS MY25,MT,Manual,998,Petrol,Internal Combustion Engine (ICE),63,46,,,,,Euro 6 EA,False,WLTP,47.1,60.1,64.2,50.4,55.4,0,6,4.7,4.4,5.6,5.1,0,116,,,,,,589,36,16,,,,,69.0,30 June 2025,
HYUNDAI,i10,I10 ADVANCE 1.0 67PS MY24,MT,Manual,998,Petrol,Internal Combustion Engine (ICE),67,49,,,,,Euro 6d,False,WLTP,44.8,60.1,64.2,51.4,55.4,0,6.3,4.7,4.4,5.5,5.1,0,116,,,,,,372,30,14,,,,,69.0,30 June 2025,
HYUNDAI,i10,I10 PREMIUM 1.2 79PS AMT MY25,AMT,Automatic,1197,Petrol,Internal Combustion Engine (ICE),79,58,,,,,Euro 6 EA,False,WLTP,40.6,53.3,57.6,47.1,49.6,0,7,5.3,4.9,6,5.7,0,129,,,,,,295,41,43,,,,,68.0,30 June 2025,
HYUNDAI,i10,I10 PREMIUM 1.2 84PS AMT MY24,AMT,Automatic,1197,Petrol,Internal Combustion Engine (ICE),84,62,,,,,Euro 6d,False,WLTP,39.8,52.3,56.5,46.3,49.6,0,7.1,5.4,5,6.1,5.7,0,130,,,,,,295,41,43,,,,,68.0,30 June 2025,
HYUNDAI,i10,I10 PREMIUM 1.2 84PS MY24,MT,Manual,1197,Petrol,Internal Combustion Engine (ICE),84,62,,,,,Euro 6d,False,WLTP,44.1,56.5,60.1,47.9,52.3,0,6.4,5,4.7,5.9,5.4,0,123,,,,,,418,42,17,,,,,68.0,30 June 2025,
HYUNDAI,i10,I10 PREMIUM 1.2 MPI 84PS AMT +NAV MY24,AMT,Automatic,1197,Petrol,Internal Combustion Engine (ICE),84,62,,,,,Euro 6d,False,WLTP,40.3,53.3,57.6,47.1,49.6,0,7,5.3,4.9,6,5.7,0,129,,,,,,295,41,43,,,,,68.0,30 June 2025,
HYUNDAI,i10,I10 SE CONNECT 1.0 67PS AMT MY23,AMT,Automatic,998,Petrol,Internal Combustion Engine (ICE),67,49,,,,,Euro 6d,False,WLTP,42.8,56.5,60.1,46.3,51.4,0,6.6,5,4.7,6.1,5.5,0,125,,,,,,773,25,35,,,,,69.0,30 June 2025,
HYUNDAI,i10,I10 PREMIUM 1.2 79PS MY25,MT,Manual,1197,Petrol,Internal Combustion Engine (ICE),79,58,,,,,Euro 6 EA,False,WLTP,44.1,56.5,60.1,47.1,52.3,0,6.4,5,4.7,6,5.4,0,123,,,,,,327,34,17,,,,,68.0,30 June 2025,
HYUNDAI,i20,I20 ADVANCE 1.0T DCT MY25,DCT,Automatic,998,Petrol,Internal Combustion Engine (ICE),100,74,,,,,Euro 6 EA,False,WLTP,40.4,55.4,61.4,50.4,52.3,0,7,5.1,4.6,5.6,5.4,0,122,,,,,,145,21,25,,,,,68.0,11 July 2025,
HYUNDAI,i20,I20 N 1.6 T-GDI 204PS MY23,MT,Manual,1598,Petrol,Internal Combustion Engine (ICE),204,150,,,,,Euro 6d,False,WLTP,32.8,42.2,47.1,38.2,40.4,0,8.6,6.7,6,7.4,7,0,158,,,,,,368,50,8,,,,,67.0,11 July 2025,
HYUNDAI,i20,I20 N LINE 1.0T 48V DCT MY23,DCT,Automatic,998,Petrol Electric,Mild Hybrid Electric Vehicle (MHEV),120,88,,,,,Euro 6d,False,WLTP,40.9,55.4,64.2,50.4,53.3,0,6.9,5.1,4.4,5.6,5.3,0,120,,,,,,174,24,23,,,,,67.0,11 July 2025,
HYUNDAI,i20,I20 N LINE 1.0T 48V MY23,MT,Manual,998,Petrol Electric,Mild Hybrid Electric Vehicle (MHEV),120,88,,,,,Euro 6d,False,WLTP,43.5,55.4,62.8,50.4,53.3,0,6.5,5.1,4.5,5.6,5.3,0,120,,,,,,224,21,27,,,,,68.0,11 July 2025,
HYUNDAI,i20,I20 1.0 TGDI 100CV MT 48V CONN. 22,MT,Manual,998,Petrol Electric,Mild Hybrid Electric Vehicle (MHEV),100,74,,,,,Euro 6d,False,WLTP,44.8,57.6,65.7,52.3,55.4,0,6.3,4.9,4.3,5.4,5.1,0,115,,,,,,366,26,19,,,,,68.0,11 July 2025,
HYUNDAI,i20,I20 ADVANCE 1.0T DCT MY24,DCT,Automatic,998,Petrol,Internal Combustion Engine (ICE),100,74,,,,,Euro 6d,False,WLTP,40.4,55.4,61.4,50.4,52.3,0,7,5.1,4.6,5.6,5.4,0,122,,,,,,145,21,25,,,,,69.0,11 July 2025,
HYUNDAI,i20,I20 ADVANCE 1.0T MT MY24,MT,Manual,998,Petrol,Internal Combustion Engine (ICE),100,74,,,,,Euro 6d,False,WLTP,41.5,57.6,62.8,49.6,53.3,0,6.8,4.9,4.5,5.7,5.3,0,120,,,,,,136,18,30,,,,,68.0,11 July 2025,
HYUNDAI,i20,I20 ADVANCE 1.0T MT MY25,MT,Manual,998,Petrol,Internal Combustion Engine (ICE),100,74,,,,,Euro 6 EA,False,WLTP,41.5,57.6,62.8,49.6,53.3,0,6.8,4.9,4.5,5.7,5.3,0,120,,,,,,136,18,30,,,,,68.0,11 July 2025,
HYUNDAI,i20,I20 PREMIUM 1.0T DCT MY25,DCT,Automatic,998,Petrol,Internal Combustion Engine (ICE),100,74,,,,,Euro 6 EA,False,WLTP,39.8,54.3,58.9,47.9,51.4,0,7.1,5.2,4.8,5.9,5.5,0,126,,,,,,145,21,25,,,,,68.0,11 July 2025,
HYUNDAI,i20,I20 PREMIUM 1.0T MT MY24,MT,Manual,998,Petrol,Internal Combustion Engine (ICE),100,74,,,,,Euro 6d,False,WLTP,40.9,55.4,61.4,48.7,51.4,0,6.9,5.1,4.6,5.8,5.5,0,124,,,,,,136,18,30,,,,,68.0,11 July 2025,
HYUNDAI,i20,I20 PREMIUM 1.0T MT MY25,MT,Manual,998,Petrol,Internal Combustion Engine (ICE),100,74,,,,,Euro 6 EA,False,WLTP,40.9,55.4,61.4,48.7,51.4,0,6.9,5.1,4.6,5.8,5.5,0,124,,,,,,136,18,30,,,,,68.0,11 July 2025,
HYUNDAI,i20,I20 ULTIMATE 1.0T DCT MY24,DCT,Automatic,998,Petrol,Internal Combustion Engine (ICE),100,74,,,,,Euro 6d,False,WLTP,39.8,53.3,58.9,47.9,50.4,0,7.1,5.3,4.8,5.9,5.6,0,127,,,,,,145,21,25,,,,,69.0,11 July 2025,
HYUNDAI,i20,I20 ULTIMATE 1.0T DCT MY25,DCT,Automatic,998,Petrol,Internal Combustion Engine (ICE),100,74,,,,,Euro 6 EA,False,WLTP,39.8,53.3,58.9,47.9,50.4,0,7.1,5.3,4.8,5.9,5.6,0,127,,,,,,145,21,25,,,,,68.0,11 July 2025,
HYUNDAI,i20,I20 ULTIMATE 1.0T MT MY24,MT,Manual,998,Petrol,Internal Combustion Engine (ICE),100,74,,,,,Euro 6d,False,WLTP,40.4,55.4,61.4,47.9,51.4,0,7,5.1,4.6,5.9,5.5,0,125,,,,,,136,18,30,,,,,68.0,11 July 2025,
HYUNDAI,i20,I20 ULTIMATE 1.0T MT MY25,MT,Manual,998,Petrol,Internal Combustion Engine (ICE),100,74,,,,,Euro 6 EA,False,WLTP,40.4,55.4,61.4,47.9,51.4,0,7,5.1,4.6,5.9,5.5,0,125,,,,,,136,18,30,,,,,68.0,11 July 2025,
HYUNDAI,i20,I20 N LINE S 1.0T MT MY25,MT,Manual,998,Petrol,Internal Combustion Engine (ICE),100,74,,,,,Euro 6 EA,False,WLTP,40.9,55.4,61.4,48.7,52.3,0,6.9,5.1,4.6,5.8,5.4,0,123,,,,,,136,18,30,,,,,69.0,11 July 2025,
HYUNDAI,i20,I20 PREMIUM 1.0T 48V DCT MY23,DCT,Automatic,998,Petrol Electric,Mild Hybrid Electric Vehicle (MHEV),100,74,,,,,Euro 6d,False,WLTP,42.2,55.4,62.8,49.6,52.3,0,6.7,5.1,4.5,5.7,5.4,0,122,,,,,,150,27,25,,,,,68.0,11 July 2025,
HYUNDAI,i20,I20 PREMIUM 1.0T 48V MY23,MT,Manual,998,Petrol Electric,Mild Hybrid Electric Vehicle (MHEV),100,74,,,,,Euro 6d,False,WLTP,44.8,56.5,62.8,50.4,54.3,0,6.3,5,4.5,5.6,5.2,0,119,,,,,,366,26,19,,,,,68.0,11 July 2025,
HYUNDAI,i20,I20 PREMIUM 1.0T DCT MY24,DCT,Automatic,998,Petrol,Internal Combustion Engine (ICE),100,74,,,,,Euro 6d,False,WLTP,39.8,54.3,58.9,47.9,51.4,0,7.1,5.2,4.8,5.9,5.5,0,126,,,,,,145,21,25,,,,,69.0,11 July 2025,
HYUNDAI,i20,I20 SE CONNECT 1.0T 48V DCT MY23,DCT,Automatic,998,Petrol Electric,Mild Hybrid Electric Vehicle (MHEV),100,74,,,,,Euro 6d,False,WLTP,42.8,57.6,65.7,51.4,54.3,0,6.6,4.9,4.3,5.5,5.2,0,117,,,,,,150,27,25,,,,,68.0,11 July 2025,
HYUNDAI,i20,I20 SE CONNECT 1.0T 48V MY23,MT,Manual,998,Petrol Electric,Mild Hybrid Electric Vehicle (MHEV),100,74,,,,,Euro 6d,False,WLTP,44.8,57.6,65.7,52.3,55.4,0,6.3,4.9,4.3,5.4,5.1,0,115,,,,,,366,26,19,,,,,68.0,11 July 2025,
HYUNDAI,i20,I20 ULTIMATE 1.0T 48V DCT MY23,DCT,Automatic,998,Petrol Electric,Mild Hybrid Electric Vehicle (MHEV),100,74,,,,,Euro 6d,False,WLTP,42.2,55.4,62.8,48.7,52.3,0,6.7,5.1,4.5,5.8,5.4,0,122,,,,,,150,27,25,,,,,68.0,11 July 2025,
HYUNDAI,i20,I20 ULTIMATE 1.0T 48V MY23,MT,Manual,998,Petrol Electric,Mild Hybrid Electric Vehicle (MHEV),100,74,,,,,Euro 6d,False,WLTP,44.8,55.4,52.3,50.4,54.3,0,6.3,5.1,5.4,5.6,5.2,0,119,,,,,,366,26,19,,,,,68.0,11 July 2025,
HYUNDAI,i30,I30 TR SE CONNECT 1.0T DCT MY23 48V,DCT,Automatic,998,Petrol Electric,Mild Hybrid Electric Vehicle (MHEV),120,88,,,,,Euro 6 EA,False,WLTP,42.8,53.3,60.1,50.4,52.3,0,6.6,5.3,4.7,5.6,5.4,0,118,,,,,,610,46,49,,,,,69.0,19 June 2025,
HYUNDAI,i30,I30 N PERF 280PS 2.0 T-GDI DCT MY23,DCT,Automatic,1998,Petrol,Internal Combustion Engine (ICE),280,206,,,,,Euro 6 EA,False,WLTP,23.3,35.8,39.8,34.9,33.6,0,12.9,7.9,7.1,8.1,8.4,0,191,,,,,,174,17,24,,,,,70.0,19 June 2025,
HYUNDAI,i30,I30 ADVANCE 1.5T DCT MY25,DCT,Automatic,1482,Petrol Electric,Mild Hybrid Electric Vehicle (MHEV),140,103,,,,,Euro 6 EA,False,WLTP,39.2,54.3,58.9,47.9,50.4,0,7.2,5.2,4.8,5.9,5.6,0,127,,,,,,214,18,40,,,,,68.0,19 June 2025,
HYUNDAI,i30,I30 N LINE 1.5T DCT MY25,DCT,Automatic,1482,Petrol Electric,Mild Hybrid Electric Vehicle (MHEV),140,103,,,,,Euro 6 EA,False,WLTP,34.4,47.8,53.3,42.2,44.8,0,8.2,5.9,5.3,6.7,6.3,0,143,,,,,,214,18,40,,,,,68.0,19 June 2025,
HYUNDAI,i30,I30 TOUR PREMIUM 1.5T MT MY25,MT,Manual,1482,Petrol Electric,Mild Hybrid Electric Vehicle (MHEV),140,103,,,,,Euro 6 EA,False,WLTP,37.2,48.7,55.3,45.6,47.1,0,7.6,5.8,5.1,6.2,6,0,135,,,,,,521,26,26,,,,,68.0,19 June 2025,
HYUNDAI,i30,I30 TR PREM 1.0T DCT MY23 48V,DCT,Automatic,998,Petrol Electric,Mild Hybrid Electric Vehicle (MHEV),120,88,,,,,Euro 6 EA,False,WLTP,42.2,51.4,58.9,49.6,51.4,0,6.7,5.5,4.8,5.7,5.5,0,124,,,,,,610,46,49,,,,,69.0,19 June 2025,
HYUNDAI,i30,I30 SE CONNECT 1.0T 120PS MY23 48V,MT,Manual,998,Petrol Electric,Mild Hybrid Electric Vehicle (MHEV),120,88,,,,,Euro 6 EA,False,WLTP,44.1,58.9,62.8,49.6,54.3,0,6.4,4.8,4.5,5.7,5.2,0,119,,,,,,214,27,49,,,,,68.0,19 June 2025,
HYUNDAI,i30,I30 TOUR PREMIUM 1.5T DCT MY25,DCT,Automatic,1482,Petrol Electric,Mild Hybrid Electric Vehicle (MHEV),140,103,,,,,Euro 6 EA,False,WLTP,37.2,51.7,57.6,46.3,48.7,0,7.6,5.5,4.9,6.1,5.8,0,132,,,,,,214,18,40,,,,,68.0,19 June 2025,
HYUNDAI,i30,I30 PREM 1.0T 120PS DCT MY23 48V,DCT,Automatic,998,Petrol Electric,Mild Hybrid Electric Vehicle (MHEV),120,88,,,,,Euro 6 EA,False,WLTP,42.8,52.3,58.9,48.7,51.4,0,6.6,5.4,4.8,5.8,5.5,0,123,,,,,,610,46,49,,,,,69.0,19 June 2025,
HYUNDAI,i30,I30 TOUR ADVANCE 1.5T DCT MY25,DCT,Automatic,1482,Petrol Electric,Mild Hybrid Electric Vehicle (MHEV),140,103,,,,,Euro 6 EA,False,WLTP,38.2,53.3,57.6,47.9,49.6,0,7.4,5.3,4.9,5.9,5.7,0,126,,0,,,,214,18,40,,,,,68.0,08 July 2025,
HYUNDAI,i30,I30 TOUR ADVANCE 1.5T MT MY25,MT,Manual,1482,Petrol Electric,Mild Hybrid Electric Vehicle (MHEV),140,103,,,,,Euro 6 EA,False,WLTP,37.7,49.6,56.5,46.3,47.9,0,7.5,5.7,5,6.1,5.9,0,130,,,,,,521,26,26,,,,,68.0,19 June 2025,
HYUNDAI,i30,I30 N LINE 1.5T MT MY25,MT,Manual,1482,Petrol Electric,Mild Hybrid Electric Vehicle (MHEV),140,103,,,,,Euro 6 EA,False,WLTP,35.8,43.5,48.7,40.9,42.8,0,7.9,6.5,5.8,6.9,6.6,0,150,,,,,,521,26,26,,,,,68.0,19 June 2025,
HYUNDAI,i30,I30 N LINE S 1.5T DCT MY25,DCT,Automatic,1482,Petrol Electric,Mild Hybrid Electric Vehicle (MHEV),140,103,,,,,Euro 6 EA,False,WLTP,33.6,47,53.3,42.2,44.1,0,8.4,6,5.3,6.7,6.4,0,145,,,,,,214,18,40,,,,,68.0,19 June 2025,
HYUNDAI,i30,I30 PREMIUM 1.5T MT MY25,MT,Manual,1482,Petrol Electric,Mild Hybrid Electric Vehicle (MHEV),140,103,,,,,Euro 6 EA,False,WLTP,37.7,50,55.4,45.6,47.9,0,7.5,5.7,5.1,6.2,5.9,0,134,,,,,,521,26,26,,,,,68.0,19 June 2025,
HYUNDAI,i30,I30 ADVANCE 1.5T MT MY25,MT,Manual,1482,Petrol Electric,Mild Hybrid Electric Vehicle (MHEV),140,103,,,,,Euro 6 EA,False,WLTP,37.7,49.6,56.5,46.3,47.9,0,7.5,5.7,5,6.1,5.9,0,130,,,,,,521,26,26,,,,,68.0,19 June 2025,
HYUNDAI,i30,I30 N LINE S 1.5T MT MY25,MT,Manual,1482,Petrol Electric,Mild Hybrid Electric Vehicle (MHEV),140,103,,,,,Euro 6 EA,False,WLTP,35.3,42.8,47.9,40.9,42.2,0,8,6.6,5.9,6.9,6.7,0,152,,,,,,521,26,26,,,,,68.0,19 June 2025,
HYUNDAI,i30,I30 PREM 1.0T 120PS MY23 48V,MT,Manual,998,Petrol Electric,Mild Hybrid Electric Vehicle (MHEV),120,88,,,,,Euro 6 EA,False,WLTP,43.5,55.4,60.1,47.9,51.4,0,6.5,5.1,4.7,5.9,5.5,0,123,,,,,,214,27,49,,,,,68.0,19 June 2025,
HYUNDAI,i30,I30 PREMIUM 1.5T DCT MY25,DCT,Automatic,1482,Petrol Electric,Mild Hybrid Electric Vehicle (MHEV),140,103,,,,,Euro 6 EA,False,WLTP,37.7,52.3,57.6,46.3,48.7,0,7.5,5.4,4.9,6.1,5.8,0,132,,,,,,214,18,40,,,,,68.0,19 June 2025,
HYUNDAI,INSTER,INSTER 01 49KWH MY25,N/A,Electric - Not Applicable,0,Electricity,Battery Electric Vehicle (BEV) / Pure Electric Vehicle / Electric Vehicle (EV),114,84,4.2,149,370,230,Euro 6-WLTP (for BEVs only),False,WLTP,0,0,0,0,0,0,0,0,0,0,0,0,0,,0,,322,518,0,,,,,,,66.0,23 June 2025,
HYUNDAI,INSTER,INSTER 02 49KWH MY25,N/A,Automatic,0,Electricity,Battery Electric Vehicle (BEV) / Pure Electric Vehicle / Electric Vehicle (EV),114,84,4.1,151,360,224,Euro 6-WLTP (for BEVs only),False,WLTP,0,0,0,0,0,0,0,0,0,0,0,0,0,,0,,306,493,0,,,,,,,66.0,12 June 2025,
HYUNDAI,INSTER,INSTER CROSS 49KWH MY25,N/A,Electric - Not Applicable,0,Electricity,Battery Electric Vehicle (BEV) / Pure Electric Vehicle / Electric Vehicle (EV),114,84,4.1,151,360,224,Euro 6-WLTP (for BEVs only),False,WLTP,0,0,0,0,0,0,0,0,0,0,0,0,0,,0,,305,491,,,,,,,,66.0,12 June 2025,
HYUNDAI,INSTER,INSTER 01 42KWH MY25,N/A,Electric - Not Applicable,0,Electricity,Battery Electric Vehicle (BEV) / Pure Electric Vehicle / Electric Vehicle (EV),97,71,4.4,143,327,203,Euro 6-WLTP (for BEVs only),False,WLTP,0,0,0,0,0,0,0,0,0,0,0,0,0,,0,,294,473,0,,,,,,,65.0,08 July 2025,
HYUNDAI,INSTER,INSTER 01 42KWH MY26,N/A,Electric - Not Applicable,0,Electricity,Battery Electric Vehicle (BEV) / Pure Electric Vehicle / Electric Vehicle (EV),97,71,4.4,143,327,203,Euro 6-WLTP (for BEVs only),False,WLTP,0,0,0,0,0,0,0,0,0,0,0,0,0,,0,,,473,0,,,,,,,65.0,28 July 2025,
HYUNDAI,INSTER,INSTER 02 49KWH MY26,N/A,Automatic,0,Electricity,Battery Electric Vehicle (BEV) / Pure Electric Vehicle / Electric Vehicle (EV),114,84,4.1,151,360,224,Euro 6-WLTP (for BEVs only),False,WLTP,0,0,0,0,0,0,0,0,0,0,0,0,0,,0,,,493,0,,,,,,,66.0,28 July 2025,
HYUNDAI,INSTER,INSTER CROSS 49KWH MY26,N/A,Electric - Not Applicable,0,Electricity,Battery Electric Vehicle (BEV) / Pure Electric Vehicle / Electric Vehicle (EV),114,84,4.1,151,360,224,Euro 6-WLTP (for BEVs only),False,WLTP,0,0,0,0,0,0,0,0,0,0,0,0,0,,0,,,491,,,,,,,,66.0,28 July 2025,
HYUNDAI,IONIQ 5,IONIQ 5 ADV 63KWH RWD MY25,N/A,Electric - Not Applicable,0,Electricity,Battery Electric Vehicle (BEV) / Pure Electric Vehicle / Electric Vehicle (EV),170,125,4,156,440,273,Euro 6-WLTP (for BEVs only),False,WLTP,0,0,0,0,0,0,0,0,0,0,0,0,0,,0,,381,613,0,,,,,,,67.0,11 July 2025,
HYUNDAI,IONIQ 5,IONIQ 5 NAMSAN 77 KWH RWD MY24,N/A,Automatic,0,Electricity,Battery Electric Vehicle (BEV) / Pure Electric Vehicle / Electric Vehicle (EV),228,168,3.5,180,476,296,Euro 6-WLTP (for BEVs only),False,WLTP,0,0,0,0,0,0,0,0,0,0,0,0,0,,0,,427,687,0,,,,,,,68.0,11 July 2025,
HYUNDAI,IONIQ 5,IONIQ 5 NLINE 84KWH AWD MY25,N/A,Automatic,0,Electricity,Battery Electric Vehicle (BEV) / Pure Electric Vehicle / Electric Vehicle (EV),326,240,3.4,181,495,308,Euro 6-WLTP (for BEVs only),False,WLTP,0,0,0,0,0,0,0,0,0,0,0,0,0,,0,,399,642,0,,,,,,,67.0,11 July 2025,
HYUNDAI,IONIQ 5,IONIQ 5 NLINE 84KWH RWD MY25,N/A,Electric - Not Applicable,0,Electricity,Battery Electric Vehicle (BEV) / Pure Electric Vehicle / Electric Vehicle (EV),228,168,3.6,172,515,320,Euro 6-WLTP (for BEVs only),False,WLTP,0,0,0,0,0,0,0,0,0,0,0,0,0,,0,,439,707,0,,,,,,,67.0,11 July 2025,
HYUNDAI,IONIQ 5,IONIQ 5 NLINE S 84KWH AWD MY25,N/A,Electric - Not Applicable,0,Electricity,Battery Electric Vehicle (BEV) / Pure Electric Vehicle / Electric Vehicle (EV),326,240,3.4,181,495,308,Euro 6-WLTP (for BEVs only),False,WLTP,0,0,0,0,0,0,0,0,0,0,0,0,0,,0,,399,642,0,,,,,,,67.0,11 July 2025,
HYUNDAI,IONIQ 5,IONIQ 5 NLINE S 84KWH RWD MY25,N/A,Electric - Not Applicable,0,Electricity,Battery Electric Vehicle (BEV) / Pure Electric Vehicle / Electric Vehicle (EV),228,168,3.6,172,515,320,Euro 6-WLTP (for BEVs only),False,WLTP,0,0,0,0,0,0,0,0,0,0,0,0,0,,0,,439,707,0,,,,,,,67.0,11 July 2025,
HYUNDAI,IONIQ 5,IONIQ 5 PRM 58 KWH RWD MY22.5,N/A,Electric - Not Applicable,0,Electricity,Battery Electric Vehicle (BEV) / Pure Electric Vehicle / Electric Vehicle (EV),170,125,3.7,167,384,239,Euro 6-WLTP (for BEVs only),False,WLTP,0,0,0,0,0,0,0,0,0,0,0,0,0,,0,,365,587,0,,,,,,,69.0,11 July 2025,
HYUNDAI,IONIQ 5,IONIQ 5 NAMSAN 77 KWH RWD MY23,N/A,Automatic,0,Electricity,Battery Electric Vehicle (BEV) / Pure Electric Vehicle / Electric Vehicle (EV),228,168,3.5,180,476,296,Euro 6-WLTP (for BEVs only),False,WLTP,0,0,0,0,0,0,0,0,0,0,0,0,0,,0,,427,687,0,,,,,,,68.0,11 July 2025,
HYUNDAI,IONIQ 5,IONIQ 5 PREMIUM 73 KWH AWD MY22,N/A,Electric - Not Applicable,0,Electricity,Battery Electric Vehicle (BEV) / Pure Electric Vehicle / Electric Vehicle (EV),306,225,3.5,177,460,286,Euro 6-WLTP (for BEVs only),False,WLTP,0,0,0,0,0,0,0,0,0,0,0,0,0,,0,,398,640,0,,,,,,,69.0,11 July 2025,
HYUNDAI,IONIQ 5,IONIQ 5 PRM 77 KWH AWD MY23,N/A,Electric - Not Applicable,0,Electricity,Battery Electric Vehicle (BEV) / Pure Electric Vehicle / Electric Vehicle (EV),326,240,3.5,179,481,299,Euro 6-WLTP (for BEVs only),False,WLTP,0,0,0,0,0,0,0,0,0,0,0,0,0,,0,,418,672,0,,,,,,,68.0,11 July 2025,
HYUNDAI,IONIQ 5,IONIQ 5 PRM 77 KWH AWD MY24,N/A,Automatic,0,Electricity,Battery Electric Vehicle (BEV) / Pure Electric Vehicle / Electric Vehicle (EV),326,240,3.5,179,481,299,Euro 6-WLTP (for BEVs only),False,WLTP,0,0,0,0,0,0,0,0,0,0,0,0,0,,0,,418,672,0,,,,,,,68.0,11 July 2025,
HYUNDAI,IONIQ 5,IONIQ 5 PRM 77 KWH RWD MY22.75,N/A,Electric - Not Applicable,0,Electricity,Battery Electric Vehicle (BEV) / Pure Electric Vehicle / Electric Vehicle (EV),228,168,3.7,170,507,315,Euro 6-WLTP (for BEVs only),False,WLTP,0,0,0,0,0,0,0,0,0,0,0,0,0,,0,,441,710,0,,,,,,,68.0,11 July 2025,
HYUNDAI,IONIQ 5,IONIQ 5 PRM 58 KWH RWD MY22.75,N/A,Electric - Not Applicable,0,Electricity,Battery Electric Vehicle (BEV) / Pure Electric Vehicle / Electric Vehicle (EV),170,125,3.7,167,384,239,Euro 6-WLTP (for BEVs only),False,WLTP,0,0,0,0,0,0,0,0,0,0,0,0,0,,0,,365,587,0,,,,,,,69.0,11 July 2025,
HYUNDAI,IONIQ 5,IONIQ 5 PRM 58 KWH RWD MY23,N/A,Electric - Not Applicable,0,Electricity,Battery Electric Vehicle (BEV) / Pure Electric Vehicle / Electric Vehicle (EV),170,125,3.7,167,384,239,Euro 6-WLTP (for BEVs only),False,WLTP,0,0,0,0,0,0,0,0,0,0,0,0,0,,0,,365,587,0,,,,,,,69.0,11 July 2025,
HYUNDAI,IONIQ 5,IONIQ 5 PRM 58 KWH RWD MY24,N/A,Electric - Not Applicable,0,Electricity,Battery Electric Vehicle (BEV) / Pure Electric Vehicle / Electric Vehicle (EV),170,125,3.7,167,384,239,Euro 6-WLTP (for BEVs only),False,WLTP,0,0,0,0,0,0,0,0,0,0,0,0,0,,0,,365,587,0,,,,,,,69.0,11 July 2025,
HYUNDAI,IONIQ 5,IONIQ 5 PRM 63KWH RWD MY25,N/A,Electric - Not Applicable,0,Electricity,Battery Electric Vehicle (BEV) / Pure Electric Vehicle / Electric Vehicle (EV),170,125,4,156,440,273,Euro 6-WLTP (for BEVs only),False,WLTP,0,0,0,0,0,0,0,0,0,0,0,0,0,,0,,381,613,0,,,,,,,67.0,11 July 2025,
HYUNDAI,IONIQ 5,IONIQ 5 PRM 77 KWH RWD MY23,N/A,Electric - Not Applicable,0,Electricity,Battery Electric Vehicle (BEV) / Pure Electric Vehicle / Electric Vehicle (EV),228,168,3.7,170,507,315,Euro 6-WLTP (for BEVs only),False,WLTP,0,0,0,0,0,0,0,0,0,0,0,0,0,,0,,441,710,0,,,,,,,68.0,11 July 2025,
HYUNDAI,IONIQ 5,IONIQ 5 PRM 77 KWH RWD MY23,N/A,Electric - Not Applicable,0,Electricity,Battery Electric Vehicle (BEV) / Pure Electric Vehicle / Electric Vehicle (EV),228,168,3.7,170,507,315,Euro 6-WLTP (for BEVs only),False,WLTP,0,0,0,0,0,0,0,0,0,0,0,0,0,,0,,441,710,0,,,,,,,68.0,11 July 2025,
HYUNDAI,IONIQ 5,IONIQ 5 ULT 58 KWH RWD MY22.75,N/A,Electric - Not Applicable,0,Electricity,Battery Electric Vehicle (BEV) / Pure Electric Vehicle / Electric Vehicle (EV),170,125,3.7,167,384,239,Euro 6-WLTP (for BEVs only),False,WLTP,0,0,0,0,0,0,0,0,0,0,0,0,0,,0,,365,587,0,,,,,,,69.0,11 July 2025,
HYUNDAI,IONIQ 5,IONIQ 5 N 84 KWH AWD MY24,N/A,Electric - Not Applicable,0,Electricity,Battery Electric Vehicle (BEV) / Pure Electric Vehicle / Electric Vehicle (EV),650,478,2.9,212,448,278,Euro 6-WLTP (for BEVs only),False,WLTP,0,0,0,0,0,0,0,0,0,0,0,0,0,,0,,366,589,0,,,,,,,72.0,11 July 2025,
HYUNDAI,IONIQ 5,IONIQ 5 N 84 KWH AWD MY25,N/A,Electric - Not Applicable,0,Electricity,Battery Electric Vehicle (BEV) / Pure Electric Vehicle / Electric Vehicle (EV),650,478,2.9,212,448,278,Euro 6-WLTP (for BEVs only),False,WLTP,0,0,0,0,0,0,0,0,0,0,0,0,0,,0,,366,589,0,,,,,,,72.0,11 July 2025,
HYUNDAI,IONIQ 5,IONIQ 5 ULT 77 KWH AWD MY23,N/A,Electric - Not Applicable,0,Electricity,Battery Electric Vehicle (BEV) / Pure Electric Vehicle / Electric Vehicle (EV),326,240,3.3,191,454,282,Euro 6-WLTP (for BEVs only),False,WLTP,0,0,0,0,0,0,0,0,0,0,0,0,0,,0,,389,626,0,,,,,,,68.0,11 July 2025,
HYUNDAI,IONIQ 5,IONIQ 5 NAMSAN 77 KWH AWD MY23,N/A,Electric - Not Applicable,0,Electricity,Battery Electric Vehicle (BEV) / Pure Electric Vehicle / Electric Vehicle (EV),326,240,3.3,191,454,282,Euro 6-WLTP (for BEVs only),False,WLTP,0,0,0,0,0,0,0,0,0,0,0,0,0,,0,,389,626,0,,,,,,,68.0,11 July 2025,
HYUNDAI,IONIQ 5,IONIQ 5 PRM 84KWH RWD MY25,N/A,Electric - Not Applicable,0,Electricity,Battery Electric Vehicle (BEV) / Pure Electric Vehicle / Electric Vehicle (EV),228,168,3.9,160,570,354,Euro 6-WLTP (for BEVs only),False,WLTP,0,0,0,0,0,0,0,0,0,0,0,0,0,,0,,487,784,0,,,,,,,67.0,11 July 2025,
HYUNDAI,IONIQ 5,IONIQ 5 ADV 84KWH RWD MY25,N/A,Electric - Not Applicable,0,Electricity,Battery Electric Vehicle (BEV) / Pure Electric Vehicle / Electric Vehicle (EV),228,168,3.9,160,570,354,Euro 6-WLTP (for BEVs only),False,WLTP,0,0,0,0,0,0,0,0,0,0,0,0,0,,0,,487,784,0,,,,,,,67.0,11 July 2025,
HYUNDAI,IONIQ 5,IONIQ 5 NAMSAN 77 KWH AWD MY24,N/A,Electric - Not Applicable,0,Electricity,Battery Electric Vehicle (BEV) / Pure Electric Vehicle / Electric Vehicle (EV),326,240,3.3,191,454,282,Euro 6-WLTP (for BEVs only),False,WLTP,0,0,0,0,0,0,0,0,0,0,0,0,0,,0,,389,626,0,,,,,,,68.0,11 July 2025,
HYUNDAI,IONIQ 5,IONIQ 5 ULT 77 KWH AWD MY24,N/A,Electric - Not Applicable,0,Electricity,Battery Electric Vehicle (BEV) / Pure Electric Vehicle / Electric Vehicle (EV),326,240,3.3,191,454,282,Euro 6-WLTP (for BEVs only),False,WLTP,0,0,0,0,0,0,0,0,0,0,0,0,0,,0,,389,626,0,,,,,,,68.0,11 July 2025,
HYUNDAI,IONIQ 5,IONIQ 5 ULT 77 KWH RWD MY22.75,N/A,Electric - Not Applicable,0,Electricity,Battery Electric Vehicle (BEV) / Pure Electric Vehicle / Electric Vehicle (EV),228,168,3.5,180,476,296,Euro 6-WLTP (for BEVs only),False,WLTP,0,0,0,0,0,0,0,0,0,0,0,0,0,,0,,427,687,0,,,,,,,68.0,11 July 2025,
HYUNDAI,IONIQ 5,IONIQ 5 ULT 77 KWH RWD MY23,N/A,Electric - Not Applicable,0,Electricity,Battery Electric Vehicle (BEV) / Pure Electric Vehicle / Electric Vehicle (EV),228,168,3.5,180,476,296,Euro 6-WLTP (for BEVs only),False,WLTP,0,0,0,0,0,0,0,0,0,0,0,0,0,,0,,427,687,0,,,,,,,68.0,11 July 2025,
HYUNDAI,IONIQ 5,IONIQ 5 ULT 77 KWH RWD MY24,N/A,Electric - Not Applicable,0,Electricity,Battery Electric Vehicle (BEV) / Pure Electric Vehicle / Electric Vehicle (EV),228,168,3.5,180,476,296,Euro 6-WLTP (for BEVs only),False,WLTP,0,0,0,0,0,0,0,0,0,0,0,0,0,,0,,427,687,0,,,,,,,68.0,11 July 2025,
HYUNDAI,IONIQ 5,IONIQ 5 ULT 84KWH AWD MY25,N/A,Electric - Not Applicable,0,Electricity,Battery Electric Vehicle (BEV) / Pure Electric Vehicle / Electric Vehicle (EV),326,240,3.4,182,500,311,Euro 6-WLTP (for BEVs only),False,WLTP,0,0,0,0,0,0,0,0,0,0,0,0,0,,0,,379,610,0,,,,,,,67.0,11 July 2025,
HYUNDAI,IONIQ 5,IONIQ 5 ULT 84KWH RWD MY25,N/A,Electric - Not Applicable,0,Electricity,Battery Electric Vehicle (BEV) / Pure Electric Vehicle / Electric Vehicle (EV),228,168,3.7,170,530,329,Euro 6-WLTP (for BEVs only),False,WLTP,0,0,0,0,0,0,0,0,0,0,0,0,0,,0,,441,709,0,,,,,,,67.0,11 July 2025,
HYUNDAI,IONIQ 6,IONIQ 6 FIRST EDITION 77KWH AWD MY23,N/A,Electric - Not Applicable,0,Electricity,Battery Electric Vehicle (BEV) / Pure Electric Vehicle / Electric Vehicle (EV),325,239,3.7,169,519,322,Euro 6-WLTP (for BEVs only),False,WLTP,0,0,0,0,0,0,0,0,0,0,0,0,0,,0,,409,658,0,,,,,,,66.0,12 June 2025,
HYUNDAI,IONIQ 6,IONIQ 6 PRM 77KWH AWD MY23,N/A,Automatic,0,Electricity,Battery Electric Vehicle (BEV) / Pure Electric Vehicle / Electric Vehicle (EV),325,239,3.7,169,519,322,Euro 6-WLTP (for BEVs only),False,WLTP,0,0,0,0,0,0,0,0,0,0,0,0,0,,0,,409,658,0,,,,,,,66.0,12 June 2025,
HYUNDAI,IONIQ 6,IONIQ 6 PRM 77KWH AWD MY24,N/A,Electric - Not Applicable,0,Electricity,Battery Electric Vehicle (BEV) / Pure Electric Vehicle / Electric Vehicle (EV),325,239,3.7,169,519,322,Euro 6-WLTP (for BEVs only),False,WLTP,0,0,0,0,0,0,0,0,0,0,0,0,0,,0,,409,658,0,,,,,,,66.0,12 June 2025,
HYUNDAI,IONIQ 6,IONIQ 6 PRM 77KWH AWD MY25,N/A,Electric - Not Applicable,0,Electricity,Battery Electric Vehicle (BEV) / Pure Electric Vehicle / Electric Vehicle (EV),325,239,3.7,169,519,322,Euro 6-WLTP (for BEVs only),False,WLTP,0,0,0,0,0,0,0,0,0,0,0,0,0,,0,,409,658,0,,,,,,,66.0,12 June 2025,
HYUNDAI,IONIQ 6,IONIQ 6 PRM 77KWH RWD MY23,N/A,Electric - Not Applicable,0,Electricity,Battery Electric Vehicle (BEV) / Pure Electric Vehicle / Electric Vehicle (EV),,168,3.9,160,545,339,Euro 6-WLTP (for BEVs only),False,WLTP,0,0,0,0,0,0,0,0,0,0,0,0,0,,0,,439,707,,,,,,,,66.0,12 June 2025,
HYUNDAI,IONIQ 6,IONIQ 6 PRM 77KWH RWD MY24,N/A,Electric - Not Applicable,0,Electricity,Battery Electric Vehicle (BEV) / Pure Electric Vehicle / Electric Vehicle (EV),228,168,3.9,160,545,339,Euro 6-WLTP (for BEVs only),False,WLTP,0,0,0,0,0,0,0,0,0,0,0,0,0,,0,,439,707,0,,,,,,,66.0,12 June 2025,
HYUNDAI,IONIQ 6,IONIQ 6 PRM 77KWH RWD MY25,N/A,Electric - Not Applicable,0,Electricity,Battery Electric Vehicle (BEV) / Pure Electric Vehicle / Electric Vehicle (EV),228,168,3.9,160,545,339,Euro 6-WLTP (for BEVs only),False,WLTP,0,0,0,0,0,0,0,0,0,0,0,0,0,,0,,439,707,,,,,,,,66.0,12 June 2025,
HYUNDAI,IONIQ 6,IONIQ 6 ULT 77KWH AWD +DSM MY25,N/A,Electric - Not Applicable,0,Electricity,Battery Electric Vehicle (BEV) / Pure Electric Vehicle / Electric Vehicle (EV),325,239,3.7,169,519,322,Euro 6-WLTP (for BEVs only),False,WLTP,0,0,0,0,0,0,0,0,0,0,0,0,0,,0,,409,658,,,,,,,,66.0,12 June 2025,
HYUNDAI,IONIQ 6,IONIQ 6 ULT 77KWH AWD MY23,N/A,Electric - Not Applicable,0,Electricity,Battery Electric Vehicle (BEV) / Pure Electric Vehicle / Electric Vehicle (EV),325,239,3.7,169,519,322,Euro 6-WLTP (for BEVs only),False,WLTP,0,0,0,0,0,0,0,0,0,0,0,0,0,,0,,409,658,0,,,,,,,66.0,12 June 2025,
HYUNDAI,IONIQ 6,IONIQ 6 ULT 77KWH AWD MY23 +DSM,N/A,Electric - Not Applicable,0,Electricity,Battery Electric Vehicle (BEV) / Pure Electric Vehicle / Electric Vehicle (EV),325,239,3.7,169,519,322,Euro 6-WLTP (for BEVs only),False,WLTP,0,0,0,0,0,0,0,0,0,0,0,0,0,,0,,409,658,0,,,,,,,66.0,12 June 2025,
HYUNDAI,IONIQ 6,IONIQ 6 ULT 77KWH AWD MY24,N/A,Electric - Not Applicable,0,Electricity,Battery Electric Vehicle (BEV) / Pure Electric Vehicle / Electric Vehicle (EV),325,239,3.7,169,519,322,Euro 6-WLTP (for BEVs only),False,WLTP,0,0,0,0,0,0,0,0,0,0,0,0,0,,0,,409,658,0,,,,,,,66.0,12 June 2025,
HYUNDAI,IONIQ 6,IONIQ 6 ULT 77KWH AWD MY24 + DSM,N/A,Electric - Not Applicable,0,Electricity,Battery Electric Vehicle (BEV) / Pure Electric Vehicle / Electric Vehicle (EV),325,239,3.7,169,519,322,Euro 6-WLTP (for BEVs only),False,WLTP,0,0,0,0,0,0,0,0,0,0,0,0,0,,0,,409,658,0,,,,,,,66.0,12 June 2025,
HYUNDAI,IONIQ 6,IONIQ 6 ULT 77KWH AWD MY25,N/A,Electric - Not Applicable,0,Electricity,Battery Electric Vehicle (BEV) / Pure Electric Vehicle / Electric Vehicle (EV),325,239,3.7,169,519,322,Euro 6-WLTP (for BEVs only),False,WLTP,0,0,0,0,0,0,0,0,0,0,0,0,0,,0,,409,658,0,,,,,,,66.0,12 June 2025,
HYUNDAI,IONIQ 6,IONIQ 6 ULT 77KWH AWD MY25 + DSM,N/A,Electric - Not Applicable,0,Electricity,Battery Electric Vehicle (BEV) / Pure Electric Vehicle / Electric Vehicle (EV),325,239,3.7,169,519,322,Euro 6-WLTP (for BEVs only),False,WLTP,0,0,0,0,0,0,0,0,0,0,0,0,0,,0,,409,658,0,,,,,,,66.0,12 June 2025,
HYUNDAI,IONIQ 6,IONIQ 6 ULT 77KWH RWD +DSM MY24,N/A,Electric - Not Applicable,0,Electricity,Battery Electric Vehicle (BEV) / Pure Electric Vehicle / Electric Vehicle (EV),228,168,3.9,160,545,339,Euro 6-WLTP (for BEVs only),False,WLTP,0,0,0,0,0,0,0,0,0,0,0,0,0,,0,,439,707,0,,,,,,,66.0,12 June 2025,
HYUNDAI,IONIQ 6,IONIQ 6 ULT 77KWH RWD +DSM MY25,N/A,Electric - Not Applicable,0,Electricity,Battery Electric Vehicle (BEV) / Pure Electric Vehicle / Electric Vehicle (EV),228,168,3.9,160,545,339,Euro 6-WLTP (for BEVs only),False,WLTP,0,0,0,0,0,0,0,0,0,0,0,0,0,,0,,439,707,0,,,,,,,66.0,12 June 2025,
HYUNDAI,IONIQ 6,IONIQ 6 ULT 77KWH RWD MY23,N/A,Electric - Not Applicable,0,Electricity,Battery Electric Vehicle (BEV) / Pure Electric Vehicle / Electric Vehicle (EV),228,168,3.9,160,545,339,Euro 6-WLTP (for BEVs only),False,WLTP,0,0,0,0,0,0,0,0,0,0,0,0,0,,0,,439,707,0,,,,,,,66.0,12 June 2025,
HYUNDAI,IONIQ 6,IONIQ 6 ULT 77KWH RWD MY23 +DSM,N/A,Electric - Not Applicable,0,Electricity,Battery Electric Vehicle (BEV) / Pure Electric Vehicle / Electric Vehicle (EV),228,168,3.9,160,545,339,Euro 6-WLTP (for BEVs only),False,WLTP,0,0,0,0,0,0,0,0,0,0,0,0,0,,0,,439,707,0,,,,,,,66.0,12 June 2025,
HYUNDAI,IONIQ 6,IONIQ 6 ULT 77KWH RWD MY24,N/A,Electric - Not Applicable,0,Electricity,Battery Electric Vehicle (BEV) / Pure Electric Vehicle / Electric Vehicle (EV),228,168,3.9,160,545,339,Euro 6-WLTP (for BEVs only),False,WLTP,0,0,0,0,0,0,0,0,0,0,0,0,0,,0,,439,707,0,,,,,,,66.0,12 June 2025,
HYUNDAI,IONIQ 6,IONIQ 6 ULT 77KWH RWD MY24 + DSM,N/A,Electric - Not Applicable,0,Electricity,Battery Electric Vehicle (BEV) / Pure Electric Vehicle / Electric Vehicle (EV),228,168,3.9,160,545,339,Euro 6-WLTP (for BEVs only),False,WLTP,0,0,0,0,0,0,0,0,0,0,0,0,0,,0,,439,707,0,,,,,,,66.0,12 June 2025,
HYUNDAI,IONIQ 6,IONIQ 6 ULT 77KWH RWD MY25,N/A,Electric - Not Applicable,0,Electricity,Battery Electric Vehicle (BEV) / Pure Electric Vehicle / Electric Vehicle (EV),228,168,3.9,160,545,339,Euro 6-WLTP (for BEVs only),False,WLTP,0,0,0,0,0,0,0,0,0,0,0,0,0,,0,,439,707,0,,,,,,,66.0,12 June 2025,
HYUNDAI,IONIQ 6,IONIQ 6 ULT 77KWH RWD MY25 + DSM,N/A,Electric - Not Applicable,0,Electricity,Battery Electric Vehicle (BEV) / Pure Electric Vehicle / Electric Vehicle (EV),228,168,3.9,160,545,339,Euro 6-WLTP (for BEVs only),False,WLTP,0,0,0,0,0,0,0,0,0,0,0,0,0,,0,,439,707,0,,,,,,,66.0,12 June 2025,
HYUNDAI,IONIQ 9,IONIQ 9 CALLIGR 6STR 427PS AWD MY26,N/A,Electric - Not Applicable,0,Electricity,Battery Electric Vehicle (BEV) / Pure Electric Vehicle / Electric Vehicle (EV),428,315,3,206,600,373,Euro 6-WLTP (for BEVs only),False,WLTP,0,0,0,0,0,0,0,0,0,0,0,0,0,,0,,469,754,0,,,,,,,65.0,30 June 2025,
HYUNDAI,IONIQ 9,IONIQ 9 ULTIMATE 307PS AWD MY26,N/A,Electric - Not Applicable,0,Electricity,Battery Electric Vehicle (BEV) / Pure Electric Vehicle / Electric Vehicle (EV),307,226,3.1,204,606,377,Euro 6-WLTP (for BEVs only),False,WLTP,0,0,0,0,0,0,0,0,0,0,0,0,0,,0,,498,802,0,,,,,,,64.0,30 June 2025,
HYUNDAI,IONIQ 9,IONIQ 9 CALLIGR 307PS AWD MY26,N/A,Electric - Not Applicable,0,Electricity,Battery Electric Vehicle (BEV) / Pure Electric Vehicle / Electric Vehicle (EV),307,226,3,206,600,373,Euro 6-WLTP (for BEVs only),False,WLTP,0,0,0,0,0,0,0,0,0,0,0,0,0,,0,,489,787,0,,,,,,,64.0,08 July 2025,
HYUNDAI,IONIQ 9,IONIQ 9 CALLIGR 6STR 307PS AWD MY26,N/A,Electric - Not Applicable,0,Electricity,Battery Electric Vehicle (BEV) / Pure Electric Vehicle / Electric Vehicle (EV),307,226,3,206,600,373,Euro 6-WLTP (for BEVs only),False,WLTP,0,0,0,0,0,0,0,0,0,0,0,0,0,,0,,489,787,0,,,,,,,64.0,08 July 2025,
HYUNDAI,IONIQ 9,IONIQ 9 CALLIGR 427PS AWD MY26,N/A,Electric - Not Applicable,0,Electricity,Battery Electric Vehicle (BEV) / Pure Electric Vehicle / Electric Vehicle (EV),427,315,3,206,600,373,Euro 6-WLTP (for BEVs only),False,WLTP,0,0,0,0,0,0,0,0,0,0,0,0,0,,0,,469,754,0,,,,,,,65.0,28 July 2025,
HYUNDAI,IONIQ 9,IONIQ 9 ULTIMATE 218PS RWD MY26,N/A,Electric - Not Applicable,0,Electricity,Battery Electric Vehicle (BEV) / Pure Electric Vehicle / Electric Vehicle (EV),218,160,3.1,199,620,385,Euro 6-WLTP (for BEVs only),False,WLTP,0,0,0,0,0,0,0,0,0,0,0,0,0,,0,,526,846,0,,,,,,,65.0,28 July 2025,
HYUNDAI,KONA,KONA EV ADVANCE 48KW 17 MY24,N/A,Electric - Not Applicable,0,Electricity,Battery Electric Vehicle (BEV) / Pure Electric Vehicle / Electric Vehicle (EV),156,115,4.3,146,377,234,Euro 6-WLTP (for BEVs only),False,WLTP,0,0,0,0,0,0,0,0,0,0,0,0,0,,0,,318,512,0,,,,,,,68.0,19 June 2025,
HYUNDAI,KONA,KONA EV ADVANCE 48KWH +CFT MY24,N/A,Electric - Not Applicable,0,Electricity,Battery Electric Vehicle (BEV) / Pure Electric Vehicle / Electric Vehicle (EV),156,115,4.3,146,377,234,Euro 6-WLTP (for BEVs only),False,WLTP,0,0,0,0,0,0,0,0,0,0,0,0,0,,0,,318,512,0,,,,,,,68.0,19 June 2025,
HYUNDAI,KONA,KONA EV ADVANCE 48KWH +CFT MY25,N/A,Electric - Not Applicable,0,Electricity,Battery Electric Vehicle (BEV) / Pure Electric Vehicle / Electric Vehicle (EV),,115,4.3,146,377,234,Euro 6-WLTP (for BEVs only),False,WLTP,0,0,0,0,0,0,0,0,0,0,0,0,0,,0,,318,512,,,,,,,,68.0,19 June 2025,
HYUNDAI,KONA,KONA EV ADVANCE 48KWH +COMFORT PACK MY25,N/A,Electric - Not Applicable,0,Electricity,Battery Electric Vehicle (BEV) / Pure Electric Vehicle / Electric Vehicle (EV),,115,4.3,146,377,234,Euro 6-WLTP (for BEVs only),False,WLTP,0,0,0,0,0,0,0,0,0,0,0,0,0,,0,,318,512,,,,,,,,68.0,19 June 2025,
HYUNDAI,KONA,KONA EV ADVANCE 48KWH MY24,N/A,Electric - Not Applicable,0,Electricity,Battery Electric Vehicle (BEV) / Pure Electric Vehicle / Electric Vehicle (EV),156,115,4.3,146,377,234,Euro 6-WLTP (for BEVs only),False,WLTP,0,0,0,0,0,0,0,0,0,0,0,0,0,,0,,318,512,0,,,,,,,68.0,19 June 2025,
HYUNDAI,KONA,KONA EV ADVANCE 48KWH MY25,N/A,Electric - Not Applicable,0,Electricity,Battery Electric Vehicle (BEV) / Pure Electric Vehicle / Electric Vehicle (EV),156,115,4.3,146,377,234,Euro 6-WLTP (for BEVs only),False,WLTP,0,0,0,0,0,0,0,0,0,0,0,0,0,,0,,318,512,0,,,,,,,68.0,19 June 2025,
HYUNDAI,KONA,KONA EV N LINE 65KWH MY25,N/A,Electric - Not Applicable,0,Electricity,Battery Electric Vehicle (BEV) / Pure Electric Vehicle / Electric Vehicle (EV),218,160,3.7,168,444,276,Euro 6-WLTP (for BEVs only),False,WLTP,0,0,0,0,0,0,0,0,0,0,0,0,0,,0,,354,569,0,,,,,,,69.0,19 June 2025,
HYUNDAI,KONA,KONA EV N LINE S 65KWH +2TR +LUX MY24,N/A,Electric - Not Applicable,0,Electricity,Battery Electric Vehicle (BEV) / Pure Electric Vehicle / Electric Vehicle (EV),,160,3.7,168,444,276,Euro 6-WLTP (for BEVs only),False,WLTP,0,0,0,0,0,0,0,0,0,0,0,0,0,,0,,354,569,,,,,,,,69.0,19 June 2025,
HYUNDAI,KONA,KONA EV N LINE S 65KWH +2TR +LUX MY25,N/A,Electric - Not Applicable,0,Electricity,Battery Electric Vehicle (BEV) / Pure Electric Vehicle / Electric Vehicle (EV),218,160,3.7,168,444,276,Euro 6-WLTP (for BEVs only),False,WLTP,0,0,0,0,0,0,0,0,0,0,0,0,0,,0,,354,569,0,,,,,,,69.0,19 June 2025,
HYUNDAI,KONA,KONA EV ADVANCE 65KWH 17 +CFP MY24,N/A,Electric - Not Applicable,0,Electricity,Battery Electric Vehicle (BEV) / Pure Electric Vehicle / Electric Vehicle (EV),218,160,4.2,148,512,318,Euro 6-WLTP (for BEVs only),False,WLTP,0,0,0,0,0,0,0,0,0,0,0,0,0,,0,,423,680,0,,,,,,,69.0,19 June 2025,
HYUNDAI,KONA,KONA EV ADVANCE 65KWH 17 MY24,N/A,Electric - Not Applicable,0,Electricity,Battery Electric Vehicle (BEV) / Pure Electric Vehicle / Electric Vehicle (EV),,160,4.2,147,512,318,Euro 6-WLTP (for BEVs only),False,WLTP,0,0,0,0,0,0,0,0,0,0,0,0,0,,0,,423,680,,,,,,,,69.0,19 June 2025,
HYUNDAI,KONA,KONA EV ADVANCE 65KWH +CFT MY24,N/A,Electric - Not Applicable,,Electricity,Battery Electric Vehicle (BEV) / Pure Electric Vehicle / Electric Vehicle (EV),,160,4.2,148,512,318,Euro 6-WLTP (for BEVs only),False,WLTP,0,0,0,0,0,0,0,0,0,0,0,0,0,,0,,423,680,,,,,,,,69.0,19 June 2025,
HYUNDAI,KONA,KONA EV ADVANCE 65KWH +COMFORT PACK MY25,N/A,Electric - Not Applicable,0,Electricity,Battery Electric Vehicle (BEV) / Pure Electric Vehicle / Electric Vehicle (EV),,160,4.2,148,512,318,Euro 6-WLTP (for BEVs only),False,WLTP,0,0,0,0,0,0,0,0,0,0,0,0,0,,0,,423,680,,,,,,,,69.0,19 June 2025,
HYUNDAI,KONA,KONA EV 48KWH ADVANCE +COMFORT PACK MY25,N/A,Electric - Not Applicable,0,Electricity,Battery Electric Vehicle (BEV) / Pure Electric Vehicle / Electric Vehicle (EV),156,115,4.3,146,377,234,Euro 6-WLTP (for BEVs only),False,WLTP,0,0,0,0,0,0,0,0,0,0,0,0,0,,0,,318,512,0,,,,,,,68.0,19 June 2025,
HYUNDAI,KONA,KONA EV 48KWH ADVANCE MY25,N/A,Electric - Not Applicable,0,Electricity,Battery Electric Vehicle (BEV) / Pure Electric Vehicle / Electric Vehicle (EV),156,115,4.3,146,377,234,Euro 6-WLTP (for BEVs only),False,WLTP,0,0,0,0,0,0,0,0,0,0,0,0,0,,0,,318,512,0,,,,,,,68.0,19 June 2025,
HYUNDAI,KONA,KONA EV 65KWH ADVANCE +COMFORT PACK MY25,N/A,Electric - Not Applicable,0,Electricity,Battery Electric Vehicle (BEV) / Pure Electric Vehicle / Electric Vehicle (EV),218,160,4.2,148,512,318,Euro 6-WLTP (for BEVs only),False,WLTP,0,0,0,0,0,0,0,0,0,0,0,0,0,,0,,423,680,0,,,,,,,69.0,19 June 2025,
HYUNDAI,KONA,KONA EV ADVANCE 65KWH MY24,N/A,Electric - Not Applicable,0,Electricity,Battery Electric Vehicle (BEV) / Pure Electric Vehicle / Electric Vehicle (EV),218,160,4.2,147,512,318,Euro 6-WLTP (for BEVs only),False,WLTP,0,0,0,0,0,0,0,0,0,0,0,0,0,,0,,423,680,0,,,,,,,69.0,19 June 2025,
HYUNDAI,KONA,KONA EV ADVANCE 65KWH MY25,N/A,Electric - Not Applicable,0,Electricity,Battery Electric Vehicle (BEV) / Pure Electric Vehicle / Electric Vehicle (EV),218,160,4.2,147,512,318,Euro 6-WLTP (for BEVs only),False,WLTP,0,0,0,0,0,0,0,0,0,0,0,0,0,,0,,423,680,0,,,,,,,69.0,19 June 2025,
HYUNDAI,KONA,KONA EV N LINE 65KWH +2TR MY24,N/A,Electric - Not Applicable,0,Electricity,Battery Electric Vehicle (BEV) / Pure Electric Vehicle / Electric Vehicle (EV),218,160,3.7,168,444,276,Euro 6-WLTP (for BEVs only),False,WLTP,0,0,0,0,0,0,0,0,0,0,0,0,0,,0,,354,569,0,,,,,,,69.0,19 June 2025,
HYUNDAI,KONA,KONA EV 65KWH ADVANCE MY25,N/A,Electric - Not Applicable,0,Electricity,Battery Electric Vehicle (BEV) / Pure Electric Vehicle / Electric Vehicle (EV),218,160,4.2,147,512,318,Euro 6-WLTP (for BEVs only),False,WLTP,0,0,0,0,0,0,0,0,0,0,0,0,0,,0,,423,680,0,,,,,,,69.0,19 June 2025,
HYUNDAI,KONA,KONA EV N LINE 65KWH +2TR MY25,N/A,Electric - Not Applicable,0,Electricity,Battery Electric Vehicle (BEV) / Pure Electric Vehicle / Electric Vehicle (EV),218,160,3.7,168,444,276,Euro 6-WLTP (for BEVs only),False,WLTP,0,0,0,0,0,0,0,0,0,0,0,0,0,,0,,354,569,0,,,,,,,69.0,19 June 2025,
HYUNDAI,KONA,KONA EV N LINE S 65KWH +LUX MY25,N/A,Electric - Not Applicable,,Electricity,Battery Electric Vehicle (BEV) / Pure Electric Vehicle / Electric Vehicle (EV),,160,3.7,168,444,276,Euro 6-WLTP (for BEVs only),False,WLTP,0,0,0,0,0,0,0,0,0,0,0,0,0,,0,,354,569,,,,,,,,69.0,19 June 2025,
HYUNDAI,KONA,KONA EV 65KWH N LINE MY24,N/A,Electric - Not Applicable,0,Electricity,Battery Electric Vehicle (BEV) / Pure Electric Vehicle / Electric Vehicle (EV),218,160,3.7,168,444,276,Euro 6-WLTP (for BEVs only),False,WLTP,0,0,0,0,0,0,0,0,0,0,0,0,0,,0,,354,569,0,,,,,,,69.0,19 June 2025,
HYUNDAI,KONA,KONA EV 65KWH N LINE S MY24,N/A,Electric - Not Applicable,0,Electricity,Battery Electric Vehicle (BEV) / Pure Electric Vehicle / Electric Vehicle (EV),218,160,3.7,168,444,276,Euro 6-WLTP (for BEVs only),False,WLTP,0,0,0,0,0,0,0,0,0,0,0,0,0,,0,,354,569,0,,,,,,,69.0,19 June 2025,
HYUNDAI,KONA,KONA EV ADVANCE 65KWH +CFT MY25,N/A,Electric - Not Applicable,0,Electricity,Battery Electric Vehicle (BEV) / Pure Electric Vehicle / Electric Vehicle (EV),218,160,4.2,148,512,318,Euro 6-WLTP (for BEVs only),False,WLTP,0,0,0,0,0,0,0,0,0,0,0,0,0,,0,,423,680,0,,,,,,,69.0,19 June 2025,
HYUNDAI,KONA,KONA EV N LINE 65KWH MY24,N/A,Electric - Not Applicable,0,Electricity,Battery Electric Vehicle (BEV) / Pure Electric Vehicle / Electric Vehicle (EV),218,160,3.7,168,444,276,Euro 6-WLTP (for BEVs only),False,WLTP,0,0,0,0,0,0,0,0,0,0,0,0,0,,0,,354,569,0,,,,,,,69.0,19 June 2025,
HYUNDAI,KONA,KONA EV N LINE S 65KWH +2TR MY24,N/A,Electric - Not Applicable,0,Electricity,Battery Electric Vehicle (BEV) / Pure Electric Vehicle / Electric Vehicle (EV),218,160,3.7,168,444,276,Euro 6-WLTP (for BEVs only),False,WLTP,0,0,0,0,0,0,0,0,0,0,0,0,0,,0,,354,569,0,,,,,,,69.0,19 June 2025,
HYUNDAI,KONA,KONA EV N LINE S 65KWH +2TR MY25,N/A,Electric - Not Applicable,0,Electricity,Battery Electric Vehicle (BEV) / Pure Electric Vehicle / Electric Vehicle (EV),218,160,3.7,168,444,276,Euro 6-WLTP (for BEVs only),False,WLTP,0,0,0,0,0,0,0,0,0,0,0,0,0,,0,,354,569,0,,,,,,,69.0,19 June 2025,
HYUNDAI,KONA,KONA EV N LINE S 65KWH +LUX MY24,N/A,Electric - Not Applicable,0,Electricity,Battery Electric Vehicle (BEV) / Pure Electric Vehicle / Electric Vehicle (EV),218,160,3.7,168,444,276,Euro 6-WLTP (for BEVs only),False,WLTP,0,0,0,0,0,0,0,0,0,0,0,0,0,,0,,354,569,0,,,,,,,69.0,19 June 2025,
HYUNDAI,KONA,KONA EV ULTIMATE 65KWH +LUX+LTH MY24,N/A,Electric - Not Applicable,0,Electricity,Battery Electric Vehicle (BEV) / Pure Electric Vehicle / Electric Vehicle (EV),,160,3.8,162,466,290,Euro 6-WLTP (for BEVs only),False,WLTP,0,0,0,0,0,0,0,0,0,0,0,0,0,,0,,372,599,,,,,,,,69.0,20 June 2025,
HYUNDAI,KONA,KONA EV ULTIMATE 65KWH +LUX+LTH MY25,N/A,Electric - Not Applicable,0,Electricity,Battery Electric Vehicle (BEV) / Pure Electric Vehicle / Electric Vehicle (EV),,160,3.8,162,466,290,Euro 6-WLTP (for BEVs only),False,WLTP,0,0,0,0,0,0,0,0,0,0,0,0,0,,0,,372,599,,,,,,,,69.0,20 June 2025,
HYUNDAI,KONA,KONA EV ULTIMATE 65KWH 17 +LUX MY25,N/A,Electric - Not Applicable,0,Electricity,Battery Electric Vehicle (BEV) / Pure Electric Vehicle / Electric Vehicle (EV),,160,4.1,151,503,313,Euro 6-WLTP (for BEVs only),False,WLTP,0,0,0,0,0,0,0,0,0,0,0,0,0,,0,,412,663,,,,,,,,69.0,20 June 2025,
HYUNDAI,KONA,KONA EV ULTIMATE 65KWH 17 +LUX+LTH MY24,N/A,Electric - Not Applicable,0,Electricity,Battery Electric Vehicle (BEV) / Pure Electric Vehicle / Electric Vehicle (EV),218,160,4.1,151,502,312,Euro 6-WLTP (for BEVs only),False,WLTP,0,0,0,0,0,0,0,0,0,0,0,0,0,,0,,412,663,0,,,,,,,69.0,20 June 2025,
HYUNDAI,KONA,KONA EV ULTIMATE 65KWH 17 +LUX+LTH MY25,N/A,Electric - Not Applicable,0,Electricity,Battery Electric Vehicle (BEV) / Pure Electric Vehicle / Electric Vehicle (EV),218,160,4.1,151,502,312,Euro 6-WLTP (for BEVs only),False,WLTP,0,0,0,0,0,0,0,0,0,0,0,0,0,,0,,412,663,0,,,,,,,69.0,20 June 2025,
HYUNDAI,KONA,KONA EV ULTIMATE 65KWH 17 MY24,N/A,Electric - Not Applicable,0,Electricity,Battery Electric Vehicle (BEV) / Pure Electric Vehicle / Electric Vehicle (EV),218,160,4.1,150,504,313,Euro 6-WLTP (for BEVs only),False,WLTP,0,0,0,0,0,0,0,0,0,0,0,0,0,,0,,413,665,0,,,,,,,69.0,20 June 2025,
HYUNDAI,KONA,KONA EV ULTIMATE 65KWH 17 MY25,N/A,Electric - Not Applicable,0,Electricity,Battery Electric Vehicle (BEV) / Pure Electric Vehicle / Electric Vehicle (EV),218,160,4.1,150,504,313,Euro 6-WLTP (for BEVs only),False,WLTP,0,0,0,0,0,0,0,0,0,0,0,0,0,,0,,413,665,0,,,,,,,69.0,20 June 2025,
HYUNDAI,KONA,KONA EV ULTIMATE 65KWH MY24,N/A,Electric - Not Applicable,0,Electricity,Battery Electric Vehicle (BEV) / Pure Electric Vehicle / Electric Vehicle (EV),218,160,3.8,162,468,291,Euro 6-WLTP (for BEVs only),False,WLTP,0,0,0,0,0,0,0,0,0,0,0,0,0,,0,,374,602,0,,,,,,,69.0,20 June 2025,
HYUNDAI,KONA,KONA EV ULTIMATE 65KWH MY25,N/A,Electric - Not Applicable,0,Electricity,Battery Electric Vehicle (BEV) / Pure Electric Vehicle / Electric Vehicle (EV),,160,3.8,162,468,291,Euro 6-WLTP (for BEVs only),False,WLTP,0,0,0,0,0,0,0,0,0,0,0,0,0,,0,,374,602,,,,,,,,69.0,20 June 2025,
HYUNDAI,KONA,KONA EV ULTIMATE 65KWH +LTH MY24,N/A,Electric - Not Applicable,0,Electricity,Battery Electric Vehicle (BEV) / Pure Electric Vehicle / Electric Vehicle (EV),218,160,3.8,162,467,290,Euro 6-WLTP (for BEVs only),False,WLTP,0,0,0,0,0,0,0,0,0,0,0,0,0,,0,,373,601,0,,,,,,,69.0,20 June 2025,
HYUNDAI,KONA,KONA EV ULTIMATE 65KWH +LTH MY25,N/A,Electric - Not Applicable,0,Electricity,Battery Electric Vehicle (BEV) / Pure Electric Vehicle / Electric Vehicle (EV),,160,3.8,162,467,290,Euro 6-WLTP (for BEVs only),False,WLTP,0,0,0,0,0,0,0,0,0,0,0,0,0,,0,,373,601,,,,,,,,69.0,20 June 2025,
HYUNDAI,KONA,KONA EV ULTIMATE 65KWH 17 +LTH MY24,N/A,Electric - Not Applicable,0,Electricity,Battery Electric Vehicle (BEV) / Pure Electric Vehicle / Electric Vehicle (EV),218,160,4.1,150,504,313,Euro 6-WLTP (for BEVs only),False,WLTP,0,0,0,0,0,0,0,0,0,0,0,0,0,,0,,413,665,0,,,,,,,69.0,20 June 2025,
HYUNDAI,KONA,KONA EV ULTIMATE 65KWH 17 +LTH MY25,N/A,Electric - Not Applicable,0,Electricity,Battery Electric Vehicle (BEV) / Pure Electric Vehicle / Electric Vehicle (EV),218,160,4.1,150,504,313,Euro 6-WLTP (for BEVs only),False,WLTP,0,0,0,0,0,0,0,0,0,0,0,0,0,,0,,413,665,0,,,,,,,69.0,20 June 2025,
HYUNDAI,KONA,KONA EV ULTIMATE 65KWH 17 +LUX MY24,N/A,Electric - Not Applicable,0,Electricity,Battery Electric Vehicle (BEV) / Pure Electric Vehicle / Electric Vehicle (EV),218,160,4.1,151,503,313,Euro 6-WLTP (for BEVs only),False,WLTP,0,0,0,0,0,0,0,0,0,0,0,0,0,,0,,412,663,0,,,,,,,69.0,20 June 2025,
HYUNDAI,KONA,KONA EV N LINE S 65KWH MY24,N/A,Electric - Not Applicable,0,Electricity,Battery Electric Vehicle (BEV) / Pure Electric Vehicle / Electric Vehicle (EV),218,160,3.7,168,444,276,Euro 6-WLTP (for BEVs only),False,WLTP,0,0,0,0,0,0,0,0,0,0,0,0,0,,0,,354,569,0,,,,,,,69.0,20 June 2025,
HYUNDAI,KONA,KONA EV N LINE S 65KWH MY25,N/A,Electric - Not Applicable,0,Electricity,Battery Electric Vehicle (BEV) / Pure Electric Vehicle / Electric Vehicle (EV),,160,3.7,168,444,276,Euro 6-WLTP (for BEVs only),False,WLTP,0,0,0,0,0,0,0,0,0,0,0,0,0,,0,,354,569,,,,,,,,69.0,20 June 2025,
HYUNDAI,KONA,KONA EV PREM 39KWH MY23,N/A,Electric - Not Applicable,0,Electricity,Battery Electric Vehicle (BEV) / Pure Electric Vehicle / Electric Vehicle (EV),136,100,4.4,143,305,190,Euro 6-WLTP (for BEVs only),False,WLTP,0,0,0,0,0,0,0,0,0,0,0,0,0,,0,,270,435,0,,,,,,,68.0,20 June 2025,
HYUNDAI,KONA,KONA EV ULTIMATE 65KWH 17 +LTH +LUX MY24,N/A,Electric - Not Applicable,0,Electricity,Battery Electric Vehicle (BEV) / Pure Electric Vehicle / Electric Vehicle (EV),218,160,4.1,151,502,312,Euro 6-WLTP (for BEVs only),False,WLTP,0,0,0,0,0,0,0,0,0,0,0,0,0,,0,,412,663,0,,,,,,,69.0,20 June 2025,
HYUNDAI,KONA,KONA EV ULTIMATE 65KWH 19 +LTH MY24,N/A,Electric - Not Applicable,0,Electricity,Battery Electric Vehicle (BEV) / Pure Electric Vehicle / Electric Vehicle (EV),218,160,3.8,162,467,290,Euro 6-WLTP (for BEVs only),False,WLTP,0,0,0,0,0,0,0,0,0,0,0,0,0,,0,,373,601,0,,,,,,,69.0,20 June 2025,
HYUNDAI,KONA,KONA EV ULTIMATE 65KWH 19 +LUX MY24,N/A,Electric - Not Applicable,0,Electricity,Battery Electric Vehicle (BEV) / Pure Electric Vehicle / Electric Vehicle (EV),218,160,3.8,162,466,290,Euro 6-WLTP (for BEVs only),False,WLTP,0,0,0,0,0,0,0,0,0,0,0,0,0,,0,,373,600,0,,,,,,,69.0,20 June 2025,
HYUNDAI,KONA,KONA EV PREM 64KWH MY23,N/A,Electric - Not Applicable,0,Electricity,Battery Electric Vehicle (BEV) / Pure Electric Vehicle / Electric Vehicle (EV),204,150,4.2,147,484,301,Euro 6-WLTP (for BEVs only),False,WLTP,0,0,0,0,0,0,0,0,0,0,0,0,0,,0,,410,660,0,,,,,,,68.0,20 June 2025,
HYUNDAI,KONA,KONA EV SE CONNECT 39KWH MY23,N/A,Electric - Not Applicable,0,Electricity,Battery Electric Vehicle (BEV) / Pure Electric Vehicle / Electric Vehicle (EV),,100,4.4,143,305,190,Euro 6-WLTP (for BEVs only),False,WLTP,0,0,0,0,0,0,0,0,0,0,0,0,0,,0,,270,435,,,,,,,,68.0,20 June 2025,
HYUNDAI,KONA,KONA EV ULTIMATE 64KWH MY23,N/A,Electric - Not Applicable,0,Electricity,Battery Electric Vehicle (BEV) / Pure Electric Vehicle / Electric Vehicle (EV),,150,4.2,147,484,301,Euro 6-WLTP (for BEVs only),False,WLTP,0,0,0,0,0,0,0,0,0,0,0,0,0,,0,,410,660,0,,,,,,,68.0,20 June 2025,
HYUNDAI,KONA,KONA EV ULTIMATE 65KWH 17 +LTH MY24,N/A,Electric - Not Applicable,0,Electricity,Battery Electric Vehicle (BEV) / Pure Electric Vehicle / Electric Vehicle (EV),218,160,4.1,150,504,313,Euro 6-WLTP (for BEVs only),False,WLTP,0,0,0,0,0,0,0,0,0,0,0,0,0,,0,,413,665,0,,,,,,,69.0,20 June 2025,
HYUNDAI,KONA,KONA EV ULTIMATE 65KWH 17 +LUX MY24,N/A,Electric - Not Applicable,0,Electricity,Battery Electric Vehicle (BEV) / Pure Electric Vehicle / Electric Vehicle (EV),218,160,4.1,151,503,313,Euro 6-WLTP (for BEVs only),False,WLTP,0,0,0,0,0,0,0,0,0,0,0,0,0,,0,,412,663,0,,,,,,,69.0,20 June 2025,
HYUNDAI,KONA,KONA EV ULTIMATE 65KWH 17 MY24,N/A,Electric - Not Applicable,0,Electricity,Battery Electric Vehicle (BEV) / Pure Electric Vehicle / Electric Vehicle (EV),218,160,4.1,150,504,313,Euro 6-WLTP (for BEVs only),False,WLTP,0,0,0,0,0,0,0,0,0,0,0,0,0,,0,,413,665,0,,,,,,,69.0,20 June 2025,
HYUNDAI,KONA,KONA EV ULTIMATE 65KWH 19 +LTH +LUX MY24,N/A,Electric - Not Applicable,0,Electricity,Battery Electric Vehicle (BEV) / Pure Electric Vehicle / Electric Vehicle (EV),218,160,3.8,162,466,290,Euro 6-WLTP (for BEVs only),False,WLTP,0,0,0,0,0,0,0,0,0,0,0,0,0,,0,,372,599,0,,,,,,,69.0,20 June 2025,
HYUNDAI,KONA,KONA EV ULTIMATE 65KWH 19 MY24,N/A,Electric - Not Applicable,0,Electricity,Battery Electric Vehicle (BEV) / Pure Electric Vehicle / Electric Vehicle (EV),218,160,3.8,162,468,291,Euro 6-WLTP (for BEVs only),False,WLTP,0,0,0,0,0,0,0,0,0,0,0,0,0,,0,,374,602,0,,,,,,,69.0,20 June 2025,
HYUNDAI,KONA,KONA EV ULTIMATE 65KWH +LUX MY24,N/A,Electric - Not Applicable,0,Electricity,Battery Electric Vehicle (BEV) / Pure Electric Vehicle / Electric Vehicle (EV),218,160,3.8,162,466,290,Euro 6-WLTP (for BEVs only),False,WLTP,0,0,0,0,0,0,0,0,0,0,0,0,0,,0,,373,600,0,,,,,,,69.0,20 June 2025,
HYUNDAI,KONA,KONA EV ULTIMATE 65KWH +LUX MY25,N/A,Electric - Not Applicable,0,Electricity,Battery Electric Vehicle (BEV) / Pure Electric Vehicle / Electric Vehicle (EV),218,160,3.8,162,466,290,Euro 6-WLTP (for BEVs only),False,WLTP,0,0,0,0,0,0,0,0,0,0,0,0,0,,0,,373,600,0,,,,,,,69.0,20 June 2025,
HYUNDAI,KONA,KONA ADVANCE 1.0T DCT MY24,DCT,Automatic,998,Petrol,Internal Combustion Engine (ICE),120,88,,,,,Euro 6d,False,WLTP,39.8,49.6,55.4,43.5,47.1,0,7.1,5.7,5.1,6.5,6,0,136,,,,,,262,27,20,,,,,70.0,08 July 2025,
HYUNDAI,KONA,KONA ADVANCE 1.0T MT MY24,MT,Manual,998,Petrol,Internal Combustion Engine (ICE),120,88,,,,,Euro 6d,False,WLTP,39.2,50.4,57.6,46.3,48.7,0,7.2,5.6,4.9,6.1,5.8,0,131,,,,,,253,26,32,,,,,69.0,08 July 2025,
HYUNDAI,KONA,KONA ADVANCE 1.0T MT MY25,MT,Manual,998,Petrol,Internal Combustion Engine (ICE),100,74,,,,,Euro 6 EA,False,WLTP,39.3,50.4,57.6,46.3,48.7,0,7.2,5.6,4.9,6.1,5.8,0,131,,,,,,253,26,32,,,,,69.0,08 July 2025,
HYUNDAI,KONA,KONA ADVANCE 1.0T DCT MY25,DCT,Automatic,998,Petrol,Internal Combustion Engine (ICE),100,74,,,,,Euro 6 EA,False,WLTP,39.8,49.6,55.4,43.5,47.1,0,7.1,5.7,5.1,6.5,6,0,136,,,,,,262,27,20,,,,,70.0,08 July 2025,
HYUNDAI,KONA,KONA ADVANCE 1.6T MT MY25,MT,Manual,1598,Petrol,Internal Combustion Engine (ICE),139,102,,,,,Euro 6 EA,False,WLTP,35.3,46.3,53.3,43.5,45.6,0,8,6.1,5.3,6.5,6.2,0,141,,,,,,342,47,9,,,,,69.0,08 July 2025,
HYUNDAI,KONA,KONA HEV PREMIUM MY22,Automatic,Automatic,1580,Petrol Electric,Hybrid Electric Vehicle (HEV),105,77,,,,,Euro 6d,False,WLTP,61.4,67.3,62.8,46.3,56.5,0,4.6,4.2,4.5,6.1,5,0,114,,,,,,94,14,3,,,,,66.0,08 July 2025,
HYUNDAI,KONA,KONA HEV PREMIUM MY23,Automatic,Automatic,1580,Petrol Electric,Hybrid Electric Vehicle (HEV),105,77,,,,,Euro 6d,False,WLTP,61.4,67.3,62.8,46.3,56.5,0,4.6,4.2,4.5,6.1,5,0,114,,,,,,94,14,3,,,,,66.0,08 July 2025,
HYUNDAI,KONA,KONA HEV SE CONNECT MY23,Automatic,Automatic,1580,Petrol Electric,Hybrid Electric Vehicle (HEV),105,77,,,,,Euro 6d,False,WLTP,62.8,68.9,62.8,47.1,57.6,0,4.5,4.1,4.5,6,4.9,0,112,,,,,,94,14,3,,,,,66.0,08 July 2025,
HYUNDAI,KONA,KONA ADVANCE 1.6T DCT MY25,DCT,Automatic,1598,Petrol,Internal Combustion Engine (ICE),139,102,,,,,Euro 6 EA,False,WLTP,34.4,46.3,52.3,44.1,44.8,0,8.2,6.1,5.4,6.4,6.3,0,141,,,,,,508,48,8,,,,,70.0,08 July 2025,
HYUNDAI,KONA,KONA HYBRID 1.6 N LINE S +LUX MY24,Automatic,Automatic,1580,Petrol Electric,Hybrid Electric Vehicle (HEV),105,77,,,,,Euro 6d,False,WLTP,61.4,64.2,64.2,54.3,60.1,0,4.6,4.4,4.4,5.2,4.7,0,107,,,,,,36,7,3,,,,,68.0,08 July 2025,
HYUNDAI,KONA,KONA HYBRID ADVANCE MY25,Automatic,Automatic,1580,Petrol Electric,Hybrid Electric Vehicle (HEV),94,69,,,,,Euro 6 EA,False,WLTP,65.7,70.6,62.8,54.3,60.1,0,4.3,4,4.5,5.2,4.7,0,106,,,,,,36,7,3,,,,,68.0,08 July 2025,
HYUNDAI,KONA,KONA HYBRID N LINE 1.6 MY24,Automatic,Automatic,1580,Petrol Electric,Hybrid Electric Vehicle (HEV),105,77,,,,,Euro 6d,False,WLTP,64.2,68.9,64.2,54.3,60.1,0,4.4,4.1,4.4,5.2,4.7,0,106,,,,,,36,7,3,,,,,68.0,08 July 2025,
HYUNDAI,KONA,KONA HYBRID N LINE S 1.6 MY24,Automatic,Automatic,1580,Petrol Electric,Hybrid Electric Vehicle (HEV),105,77,,,,,Euro 6d,False,WLTP,62.8,65.7,64.2,54.3,60.1,0,4.5,4.3,4.4,5.2,4.7,0,106,,,,,,36,7,3,,,,,68.0,08 July 2025,
HYUNDAI,KONA,KONA N LINE 1.0T MY25,MT,Manual,998,Petrol,Internal Combustion Engine (ICE),101,74,,,,,Euro 6 EA,False,WLTP,39.2,49.6,56.5,44.8,47.9,0,7.2,5.7,5,6.3,5.9,0,134,,,,,,253,26,32,,,,,69.0,08 July 2025,
HYUNDAI,KONA,KONA N LINE 1.6T MY25,MT,Manual,1598,Petrol,Internal Combustion Engine (ICE),139,102,,,,,Euro 6 EA,False,WLTP,34.4,44.8,51.4,42.2,43.5,0,8.2,6.3,5.5,6.7,6.5,0,147,,,,,,342,47,9,,,,,69.0,08 July 2025,
HYUNDAI,KONA,KONA N LINE 1.0T MT MY24,MT,Manual,998,Petrol,Internal Combustion Engine (ICE),120,88,,,,,Euro 6d,False,WLTP,39.2,49.6,56.5,44.8,47.9,0,7.2,5.7,5,6.3,5.9,0,134,,,,,,253,26,32,,,,,69.0,08 July 2025,
HYUNDAI,KONA,KONA N LINE S 1.0T MT MY24,MT,Manual,998,Petrol,Internal Combustion Engine (ICE),120,88,,,,,Euro 6d,False,WLTP,39.2,49.6,55.4,44.8,47.9,0,7.2,5.7,5.1,6.3,5.9,0,135,,,,,,253,26,32,,,,,69.0,08 July 2025,
HYUNDAI,KONA,KONA HYBRID N LINE S MY25,Automatic,Automatic,1580,Petrol Electric,Hybrid Electric Vehicle (HEV),94,69,,,,,Euro 6 EA,False,WLTP,61.4,64.2,64.2,54.3,60.1,0,4.6,4.4,4.4,5.2,4.7,0,107,,,,,,36,7,3,,,,,68.0,08 July 2025,
HYUNDAI,KONA,KONA N LINE 1.0T DCT MY24,DCT,Automatic,998,Petrol,Internal Combustion Engine (ICE),120,88,,,,,Euro 6d,False,WLTP,38.7,47.1,53.3,40.9,44.8,0,7.3,6,5.3,6.9,6.3,0,142,,,,,,262,27,20,,,,,70.0,08 July 2025,
HYUNDAI,KONA,KONA N LINE S 1.0T MY25,MT,Manual,998,Petrol,Internal Combustion Engine (ICE),101,74,,,,,Euro 6 EA,False,WLTP,39.2,49.6,55.4,44.8,47.9,0,7.2,5.7,5.1,6.3,5.9,0,135,,,,,,253,26,32,,,,,69.0,08 July 2025,
HYUNDAI,KONA,KONA N LINE S 1.6T DCT MY24,DCT,Automatic,1598,Petrol,Internal Combustion Engine (ICE),199,146,,,,,Euro 6d,False,WLTP,33.6,44.8,51.4,42.8,44.1,0,8.4,6.3,5.5,6.6,6.4,0,145,,,,,,463,37,13,,,,,70.0,08 July 2025,
HYUNDAI,KONA,KONA HYBRID ADVANCE 1.6 MY24,Automatic,Automatic,1580,Petrol Electric,Hybrid Electric Vehicle (HEV),105,77,,,,,Euro 6d,False,WLTP,65.7,70.6,62.8,54.3,60.1,0,4.3,4,4.5,5.2,4.7,0,106,,,,,,36,7,3,,,,,68.0,08 July 2025,
HYUNDAI,KONA,KONA HYBRID N LINE MY25,Automatic,Automatic,1580,Petrol Electric,Hybrid Electric Vehicle (HEV),94,69,,,,,Euro 6 EA,False,WLTP,64.2,68.9,64.2,54.3,60.1,0,4.4,4.1,4.4,5.2,4.7,0,106,,,,,,36,7,3,,,,,68.0,08 July 2025,
HYUNDAI,KONA,KONA HYBRID ULTIMATE 1.6 MY24,Automatic,Automatic,1580,Petrol Electric,Hybrid Electric Vehicle (HEV),105,77,,,,,Euro 6d,False,WLTP,62.8,65.7,64.2,54.3,60.1,0,4.5,4.3,4.4,5.2,4.7,0,107,,,,,,36,7,3,,,,,68.0,08 July 2025,
HYUNDAI,KONA,KONA HYBRID ULTIMATE MY25,Automatic,Automatic,1580,Petrol Electric,Hybrid Electric Vehicle (HEV),94,69,,,,,Euro 6 EA,False,WLTP,62.8,65.7,64.2,54.3,60.1,0,4.5,4.3,4.4,5.2,4.7,0,107,,,,,,36,7,3,,,,,68.0,08 July 2025,
HYUNDAI,KONA,KONA N LINE 1.6T DCT MY25,DCT,Automatic,1598,Petrol,Internal Combustion Engine (ICE),139,102,,,,,Euro 6 EA,False,WLTP,34,44.8,51.4,43.5,44.1,0,8.3,6.3,5.5,6.5,6.4,0,145,,,,,,508,48,8,,,,,70.0,08 July 2025,
HYUNDAI,KONA,KONA N LINE S 1.0T DCT MY24,DCT,Automatic,998,Petrol,Internal Combustion Engine (ICE),120,88,,,,,Euro 6d,False,WLTP,38.2,47.1,52.3,40.9,44.8,0,7.4,6,5.4,6.9,6.3,0,143,,,,,,262,27,20,,,,,70.0,08 July 2025,
HYUNDAI,KONA,KONA N LINE S 1.6T DCT MY25,DCT,Automatic,1598,Petrol,Internal Combustion Engine (ICE),139,102,,,,,Euro 6 EA,False,WLTP,33.6,44.8,51.4,43.5,44.1,0,8.4,6.3,5.5,6.5,6.4,0,145,,,,,,508,48,8,,,,,70.0,08 July 2025,
HYUNDAI,KONA,KONA N LINE S 1.6T MT MY24,MT,Manual,1598,Petrol,Internal Combustion Engine (ICE),199,146,,,,,Euro 6d,False,WLTP,33.6,43.5,51.4,42.8,43.5,0,8.4,6.5,5.5,6.6,6.5,0,147,,,,,,419,24,8,,,,,69.0,08 July 2025,
HYUNDAI,KONA,KONA N LINE S 1.6T MY25,MT,Manual,1598,Petrol,Internal Combustion Engine (ICE),139,102,,,,,Euro 6 EA,False,WLTP,34.4,44.1,50.4,42.2,43.5,0,8.2,6.4,5.6,6.7,6.5,0,147,,,,,,342,47,9,,,,,69.0,08 July 2025,
HYUNDAI,KONA,KONA ULTIMATE 1.0T 48V MY23,Automatic,Automatic,998,Petrol Electric,Mild Hybrid Electric Vehicle (MHEV),120,88,,,,,Euro 6d,False,WLTP,38.7,48.7,54.3,43.5,46.3,0,7.3,5.8,5.2,6.5,6.1,0,138,,,,,,223,25,22,,,,,68.0,08 July 2025,
HYUNDAI,KONA,KONA ULTIMATE 1.0T DCT MY24,DCT,Automatic,998,Petrol,Internal Combustion Engine (ICE),120,88,,,,,Euro 6d,False,WLTP,38.2,47.1,53.3,42.2,45.6,0,7.4,6,5.3,6.7,6.2,0,141,,,,,,262,27,20,,,,,70.0,08 July 2025,
HYUNDAI,KONA,KONA SE CONNECT 1.0T 48V MY23,Automatic,Automatic,998,Petrol Electric,Mild Hybrid Electric Vehicle (MHEV),120,88,,,,,Euro 6d,False,WLTP,39.2,49.6,55.4,44.8,47.1,0,7.2,5.7,5.1,6.3,6,0,135,,,,,,223,25,22,,,,,68.0,08 July 2025,
HYUNDAI,KONA,KONA ULTIMATE 1.6T DCT MY24,DCT,Automatic,1598,Petrol,Internal Combustion Engine (ICE),199,146,,,,,Euro 6d,False,WLTP,33.6,44.8,52.3,43.5,44.1,0,8.4,6.3,5.4,6.5,6.4,0,144,,,,,,463,37,13,,,,,70.0,09 July 2025,
HYUNDAI,KONA,KONA ULTIMATE 1.6T DCT MY25,DCT,Automatic,1598,Petrol,Internal Combustion Engine (ICE),139,102,,,,,Euro 6 EA,False,WLTP,33.6,44.8,51.4,43.5,44.1,0,8.4,6.3,5.5,6.5,6.4,0,144,,,,,,508,48,8,,,,,70.0,09 July 2025,
HYUNDAI,KONA,KONA ULTIMATE 1.6T MT MY24,MT,Manual,1598,Petrol,Internal Combustion Engine (ICE),199,146,,,,,Euro 6d,False,WLTP,33.6,43.5,52.3,44.1,44.1,0,8.4,6.5,5.4,6.4,6.4,0,145,,,,,,419,24,8,,,,,69.0,09 July 2025,
HYUNDAI,KONA,KONA ULTIMATE 1.0T MT MY24,MT,Manual,998,Petrol,Internal Combustion Engine (ICE),120,88,,,,,Euro 6d,False,WLTP,38.7,49.6,56.5,45.6,47.9,0,7.3,5.7,5,6.2,5.9,0,133,,,,,,253,26,32,,,,,69.0,09 July 2025,
HYUNDAI,KONA,KONA ULTIMATE 1.0T MY25,MT,Manual,998,Petrol,Internal Combustion Engine (ICE),100,74,,,,,Euro 6 EA,False,WLTP,38.7,49.6,56.5,45.6,47.9,0,7.3,5.7,5,6.2,5.9,0,133,,,,,,253,26,32,,,,,69.0,09 July 2025,
HYUNDAI,KONA,KONA ULTIMATE 1.6T MY25,MT,Manual,1598,Petrol,Internal Combustion Engine (ICE),139,102,,,,,Euro 6 EA,False,WLTP,34,44.1,51.4,43.5,44.1,0,8.3,6.4,5.5,6.5,6.4,0,145,,,,,,342,47,9,,,,,69.0,09 July 2025,
HYUNDAI,SANTA FE,SANTA FE HEV ULT 1.6T A/T 2WD MY23,Automatic,Automatic,1598,Petrol Electric,Hybrid Electric Vehicle (HEV),180,132,,,,,Euro 6d,False,WLTP,41.5,49.6,50.4,35.3,42.2,0,6.8,5.7,5.6,8,6.7,0,152,,0,,,,125,13,10,,,,,67.0,08 July 2025,
HYUNDAI,SANTA FE,SANTA FE PHEV ULT AT6 LUX MY23.1,Automatic,Automatic,1598,Electricity / Petrol,Plug-in Hybrid Electric Vehicle (PHEV),180,132,3.4,181,,,Euro 6d,False,WLTP,34.9,41.5,42.8,32.5,0,176.6,8.1,6.8,6.6,8.7,0,1.6,0,37,36,58,,,129,15,8,,,,,68.0,08 July 2025,
HYUNDAI,SANTA FE,SANTA FE PHEV ULT 1.6T A/T 4WD MY23,Automatic,Automatic,1598,Electricity / Petrol,Plug-in Hybrid Electric Vehicle (PHEV),180,132,3.4,181,,,Euro 6d,False,WLTP,34.9,41.5,42.8,32.5,0,176.6,8.1,6.8,6.6,8.7,0,1.6,0,37,36,58,,,129,15,8,,,,,68.0,30 June 2025,
HYUNDAI,SANTA FE,SANTA FE PHEV ULT AT6 4WD MY23.1,Automatic,Automatic,1598,Electricity / Petrol,Plug-in Hybrid Electric Vehicle (PHEV),180,132,3.4,181,,,Euro 6d,False,WLTP,34.9,41.5,42.8,32.5,0,176.6,8.1,6.8,6.6,8.7,0,1.6,0,37,36,58,,,129,15,8,,,,,68.0,30 June 2025,
HYUNDAI,SANTA FE,SANTA FE PRM 2.2 CRDI 4WD DCT MY23,DCT,Automatic,2151,Diesel,Internal Combustion Engine (ICE),193,142,,,,,Euro 6d,False,WLTP,33.2,42.2,48.7,40.4,41.5,0,8.5,6.7,5.8,7,6.8,0,177,,,,,,54,,37,103,0.15,,,69.0,30 June 2025,
HYUNDAI,SANTA FE,SANTA FE ULT 2.2 CRDI 4WD DCT MY23,DCT,Automatic,2151,Diesel,Internal Combustion Engine (ICE),193,142,,,,,Euro 6d,False,WLTP,32.5,41.5,48.7,40.4,41.5,0,8.7,6.8,5.8,7,6.8,0,178,,,,,,54,,37,103,0.15,,,69.0,30 June 2025,
HYUNDAI,SANTA FE,6s 252HK 4WD 6AT Calligraphy Line MY25,6AT,Automatic,1598,Electricity / Petrol,Plug-in Hybrid Electric Vehicle (PHEV),160,118,3.2,192,,,Euro 6 EA,False,WLTP,31.1,40.4,45.6,33.6,0,166.2,9.1,7,6.2,8.4,0,1.7,0,38,34,54,,,145,20,6,,,,,67.0,30 June 2025,
HYUNDAI,SANTA FE,7s 252HK 4WD 6AT Advanced MY25,6AT,Automatic,1598,Electricity / Petrol,Plug-in Hybrid Electric Vehicle (PHEV),160,118,3.2,192,,,Euro 6 EA,False,WLTP,31.1,40.4,45.6,33.6,0,166.2,9.1,7,6.2,8.4,0,1.7,0,38,34,54,,,145,20,6,,,,,70.0,30 June 2025,
HYUNDAI,SANTA FE,SANTA FE HEV PREMIUM 2WD MY25,Automatic,Automatic,1598,Petrol Electric,Hybrid Electric Vehicle (HEV),160,118,,,,,Euro 6 EA,False,WLTP,35.3,51.4,48.7,34.9,41.5,0,8,5.5,5.8,8.1,6.8,0,155,,0,,,,127,16,4,,,,,67.0,08 July 2025,
HYUNDAI,SANTA FE,SANTA FE PHEV PREMIUM 4WD MY25,Automatic,Automatic,1598,Electricity / Petrol,Plug-in Hybrid Electric Vehicle (PHEV),160,118,3.2,192,,,Euro 6 EA,False,WLTP,31,40.4,45.6,33.6,0,166.2,9.1,7,6.2,8.4,0,1.7,0,38,34,54,,,145,20,6,,,,,67.0,30 June 2025,
HYUNDAI,SANTA FE,SANTA FE PHEV PRM 1.6T A/T 4WD MY23,Automatic,Automatic,1598,Electricity / Petrol,Plug-in Hybrid Electric Vehicle (PHEV),180,132,3.4,181,,,Euro 6d,False,WLTP,34.9,41.5,42.8,32.5,0,176.6,8.1,6.8,6.6,8.7,0,1.6,0,37,36,58,,,129,15,8,,,,,68.0,30 June 2025,
HYUNDAI,SANTA FE,SANTA FE PHEV PRM AT6 4WD MY23.1,Automatic,Automatic,1598,Electricity / Petrol,Plug-in Hybrid Electric Vehicle (PHEV),180,132,3.4,181,,,Euro 6 EA,False,WLTP,34.9,41.5,42.8,32.5,0,176.6,8.1,6.8,6.6,8.7,0,1.6,0,37,36,58,,,129,15,8,,,,,68.0,30 June 2025,
HYUNDAI,SANTA FE,SANTA FE PHEV ULTIMATE 4WD MY25,Automatic,Automatic,1598,Electricity / Petrol,Plug-in Hybrid Electric Vehicle (PHEV),160,118,3.2,192,,,Euro 6 EA,False,WLTP,31,40.4,45.6,33.6,0,166.2,9.1,7,6.2,8.4,0,1.7,0,38,34,54,,,145,20,6,,,,,67.0,30 June 2025,
HYUNDAI,SANTA FE,SANTA FE HEV ULTIMATE 2WD MY25,Automatic,Automatic,1598,Petrol Electric,Hybrid Electric Vehicle (HEV),160,118,,,,,Euro 6 EA,False,WLTP,34.9,49.6,47.9,34.4,40.4,0,8.1,5.7,5.9,8.2,7,0,158,,,,,,127,16,4,,,,,67.0,01 July 2025,
HYUNDAI,SANTA FE,SANTA FE HEV ULTIMATE 4WD MY25,Automatic,Automatic,1598,Petrol Electric,Hybrid Electric Vehicle (HEV),160,118,,,,,Euro 6 EA,False,WLTP,36.2,46.3,44.8,30.7,38.2,0,7.8,6.1,6.3,9.2,7.4,0,168,,,,,,120,16,6,,,,,67.0,01 July 2025,
HYUNDAI,SANTA FE,SANTA FE PHEV CALLIGR 4WD 6STR MY25,Automatic,Automatic,1598,Electricity / Petrol,Plug-in Hybrid Electric Vehicle (PHEV),160,118,3.2,192,,,Euro 6 EA,False,WLTP,31,40.4,45.6,33.6,0,166.2,9.1,7,6.2,8.4,0,1.7,0,38,34,54,,,145,20,6,,,,,67.0,01 July 2025,
HYUNDAI,SANTA FE,SANTA FE PHEV CALLIGR 4WD MY25,Automatic,Automatic,1598,Electricity / Petrol,Plug-in Hybrid Electric Vehicle (PHEV),160,118,3.2,192,,,Euro 6 EA,False,WLTP,31,40.4,45.6,33.6,0,166.2,9.1,7,6.2,8.4,0,1.7,0,38,34,54,,,145,20,6,,,,,67.0,01 July 2025,
HYUNDAI,SANTA FE,SANTA FE HEV CALLIGR 2WD 6STR MY25,Automatic,Automatic,1598,Petrol Electric,Hybrid Electric Vehicle (HEV),160,118,,,,,Euro 6 EA,False,WLTP,34.9,49.6,47.9,34.4,40.4,0,8.1,5.7,5.9,8.2,7,0,158,,,,,,127,16,4,,,,,67.0,09 September 2025,
HYUNDAI,SANTA FE,SANTA FE HEV PRM 1.6T A/T 2WD MY23,Automatic,Automatic,1598,Petrol Electric,Hybrid Electric Vehicle (HEV),180,132,,,,,Euro 6d,False,WLTP,41.5,51.4,53.3,37.2,44.1,0,6.8,5.5,5.3,7.6,6.4,0,145,,,,,,125,13,10,,,,,67.0,01 July 2025,
HYUNDAI,SANTA FE,SANTA FE HEV PRM 1.6T A/T 4WD MY23,Automatic,Automatic,1598,Petrol Electric,Hybrid Electric Vehicle (HEV),180,132,,,,,Euro 6d,False,WLTP,37.2,46.3,47.1,35.3,40.4,0,7.6,6.1,6,8,7,0,158,,,,,,109,12,15,,,,,67.0,01 July 2025,
HYUNDAI,SANTA FE,SANTA FE HEV ULT 1.6T A/T 4WD MY23,Automatic,Automatic,1598,Petrol Electric,Hybrid Electric Vehicle (HEV),180,132,,,,,Euro 6d,False,WLTP,34,44.1,44.8,33.2,38.2,0,8.3,6.4,6.3,8.5,7.4,0,168,,,,,,109,12,15,,,,,67.0,01 July 2025,
HYUNDAI,SANTA FE,7s 252HK 4WD 6AT Calligraphy Line MY25,6AT,Automatic,1598,Electricity / Petrol,Plug-in Hybrid Electric Vehicle (PHEV),160,118,3.2,192,,,Euro 6 EA,False,WLTP,31,40.4,45.6,33.6,0,166.2,9.1,7,6.2,8.4,0,1.7,0,38,34,54,,,145,20,6,,,,,67.0,01 July 2025,
HYUNDAI,SANTA FE,SANTA FE HEV CALLIGR 2WD MY25,Automatic,Automatic,1598,Petrol Electric,Hybrid Electric Vehicle (HEV),160,118,,,,,Euro 6 EA,False,WLTP,34.9,49.6,47.9,34.4,40.4,0,8.1,5.7,5.9,8.2,7,0,159,,,,,,127,16,4,,,,,67.0,01 July 2025,
HYUNDAI,SANTA FE,SANTA FE HEV CALLIGR 4WD 6STR MY25,Automatic,Automatic,1598,Petrol Electric,Hybrid Electric Vehicle (HEV),160,118,,,,,Euro 6 EA,False,WLTP,36.2,47.1,45.6,31.7,38.7,0,7.8,6,6.2,8.9,7.3,0,166,,,,,,120,16,6,,,,,67.0,01 July 2025,
HYUNDAI,SANTA FE,SANTA FE HEV CALLIGR 4WD MY25,Automatic,Automatic,1598,Petrol Electric,Hybrid Electric Vehicle (HEV),160,118,,,,,Euro 6 EA,False,WLTP,36.2,46.3,44.8,31.4,38.2,0,7.8,6.1,6.3,9,7.4,0,167,,,,,,120,16,6,,,,,67.0,01 July 2025,
HYUNDAI,SANTA FE,SANTA FE HEV PREMIUM 4WD MY25,Automatic,Automatic,1598,Petrol Electric,Hybrid Electric Vehicle (HEV),160,118,,,,,Euro 6 EA,False,WLTP,36.2,47.9,45.6,31.7,38.7,0,7.8,5.9,6.2,8.9,7.3,0,165,,,,,,120,16,6,0,,,,67.0,01 July 2025,
HYUNDAI,TUCSON,TUCSON ADVANCE 1.6T MY25,MT,Manual,1598,Petrol,Internal Combustion Engine (ICE),160,118,,,,,Euro 6 EA,False,WLTP,31.4,42.2,48.7,41.5,41.5,0,9,6.7,5.8,6.8,6.8,0,154,,,,,,226,18,13,,,,,68.0,11 July 2025,
HYUNDAI,TUCSON,TUCSON ADVANCE 1.6T 48V DCT MY25,DCT,Automatic,1598,Petrol Electric,Mild Hybrid Electric Vehicle (MHEV),160,118,,,,,Euro 6 EA,False,WLTP,37.2,48.7,52.3,42.2,44.8,0,7.6,5.8,5.4,6.7,6.3,0,142,,,,,,417,30,20,,,,,67.0,11 July 2025,
HYUNDAI,TUCSON,TUCSON ADVANCE 1.6T MT MY25,MT,Manual,1598,Petrol,Internal Combustion Engine (ICE),160,118,,,,,Euro 6 EA,False,WLTP,31.4,42.2,48.7,41.5,41.5,0,9,6.7,5.8,6.8,6.8,0,154,,,,,,226,18,13,,,,,68.0,11 July 2025,
HYUNDAI,TUCSON,TUCSON HEV ADVANCE 1.6T MY25,Automatic,Automatic,1598,Petrol Electric,Hybrid Electric Vehicle (HEV),160,118,,,,,Euro 6 EA,False,WLTP,60.1,74.3,53.3,37.7,49.6,0,4.7,3.8,5.3,7.5,5.7,0,129,,,,,,269,17,8,,,,,67.0,11 July 2025,
HYUNDAI,TUCSON,TUCSON HEV N LINE 1.6T MY25,Automatic,Automatic,1598,Petrol Electric,Hybrid Electric Vehicle (HEV),160,118,,,,,Euro 6 EA,False,WLTP,57.6,70.6,53.3,37.2,48.7,0,4.9,4,5.3,7.6,5.8,0,131,,,,,,269,17,8,,,,,67.0,11 July 2025,
HYUNDAI,TUCSON,TUCSON HEV N LINE S 1.6T 4WD MY25,Automatic,Automatic,1598,Petrol Electric,Hybrid Electric Vehicle (HEV),160,118,,,,,Euro 6 EA,False,WLTP,43.5,50.4,51.4,35.3,42.8,0,6.5,5.6,5.5,8,6.6,0,149,,,,,,269,21,6,,,,,67.0,11 July 2025,
HYUNDAI,TUCSON,TUCSON HEV N LINE 1.6T MY25,Automatic,Automatic,1598,Petrol Electric,Hybrid Electric Vehicle (HEV),160,118,,,,,Euro 6 EA,False,WLTP,57.6,70.6,53.3,37.2,48.7,0,4.9,4,5.3,7.6,5.8,0,131,,,,,,269,17,8,,,,,67.0,14 July 2025,
HYUNDAI,TUCSON,TUCSON HEV N LINE S 1.6T MY25,Automatic,Automatic,1598,Petrol Electric,Hybrid Electric Vehicle (HEV),160,118,,,,,Euro 6 EA,False,WLTP,55.4,64.2,54.3,36.7,47.9,0,5.1,4.4,5.2,7.7,5.9,0,134,,,,,,269,17,8,,,,,67.0,14 July 2025,
HYUNDAI,TUCSON,TUCSON HEV PREM 1.6T 17IN MY25,Automatic,Automatic,1598,Petrol Electric,Hybrid Electric Vehicle (HEV),160,118,,,,,Euro 6 EA,False,WLTP,58.9,72.4,53.3,37.7,49.6,0,4.8,3.9,5.3,7.5,5.7,0,130,,,,,,269,17,8,,,,,67.0,14 July 2025,
HYUNDAI,TUCSON,TUCSON HEV ULTIMATE 1.6T 4WD MY25,Automatic,Automatic,1598,Petrol Electric,Hybrid Electric Vehicle (HEV),160,118,,,,,Euro 6 EA,False,WLTP,43.5,50.4,51.4,35.8,43.5,0,6.5,5.6,5.5,7.9,6.5,0,148,,,,,,269,21,6,,,,,67.0,14 July 2025,
HYUNDAI,TUCSON,TUCSON HEV ULTIMATE 1.6T MY25,Automatic,Automatic,1598,Petrol Electric,Hybrid Electric Vehicle (HEV),160,118,,,,,Euro 6 EA,False,WLTP,56.5,67.3,54.3,36.7,47.9,0,5,4.2,5.2,7.7,5.9,0,133,,,,,,269,17,8,,,,,67.0,14 July 2025,
HYUNDAI,TUCSON,TUCSON HEV PREM 1.6T MY25,Automatic,Automatic,1598,Petrol Electric,Hybrid Electric Vehicle (HEV),160,118,,,,,Euro 6 EA,False,WLTP,58.9,72.4,53.3,37.2,48.7,0,4.8,3.9,5.3,7.6,5.8,0,130,,,,,,269,17,8,,,,,67.0,14 July 2025,
HYUNDAI,TUCSON,TUCSON N LINE S 1.6T DCT 4WD +DK MY25,DCT,Automatic,1598,Petrol Electric,Mild Hybrid Electric Vehicle (MHEV),160,118,,,,,Euro 6 EA,False,WLTP,33.2,42.2,46.3,38.2,40.4,0,8.5,6.7,6.1,7.4,7,0,158,,,,,,438,26,14,,,,,67.0,14 July 2025,
HYUNDAI,TUCSON,TUCSON N LINE S 1.6T MT +DK MY25,MT,Manual,1598,Petrol,Internal Combustion Engine (ICE),160,118,,,,,Euro 6 EA,False,WLTP,31,40.9,47.1,39.8,40.4,0,9.1,6.9,6,7.1,7,0,158,,,,,,226,18,13,,,,,68.0,14 July 2025,
HYUNDAI,TUCSON,TUCSON N LINE 1.6T 48V DCT MY25,DCT,Automatic,1598,Petrol Electric,Mild Hybrid Electric Vehicle (MHEV),160,118,,,,,Euro 6 EA,False,WLTP,37.2,47.9,51.4,40.9,44.1,0,7.6,5.9,5.5,6.9,6.4,0,144,,,,,,417,30,20,,,,,67.0,14 July 2025,
HYUNDAI,TUCSON,TUCSON N LINE 1.6T 48V DCT MY25,DCT,Automatic,1598,Petrol Electric,Mild Hybrid Electric Vehicle (MHEV),160,118,,,,,Euro 6 EA,False,WLTP,37.2,47.9,51.4,40.9,44.1,0,7.6,5.9,5.5,6.9,6.4,0,144,,,,,,417,30,20,,,,,67.0,14 July 2025,
HYUNDAI,TUCSON,TUCSON N LINE S 1.6T 48V DCT MY25,DCT,Automatic,1598,Petrol Electric,Mild Hybrid Electric Vehicle (MHEV),160,118,,,,,Euro 6 EA,False,WLTP,36.7,47.9,50.4,40.9,44.1,0,7.7,5.9,5.6,6.9,6.4,0,145,,,,,,417,30,20,,,,,67.0,14 July 2025,
HYUNDAI,TUCSON,TUCSON N LINE S 1.6T DCT +DK MY25,DCT,Automatic,1598,Petrol Electric,Mild Hybrid Electric Vehicle (MHEV),160,118,,,,,Euro 6 EA,False,WLTP,36.7,47.9,50.4,41.5,44.1,0,7.7,5.9,5.6,6.9,6.4,0,145,,,,,,417,30,20,,,,,67.0,14 July 2025,
HYUNDAI,TUCSON,TUCSON N LINE 1.6T MT MY25,MT,Manual,1598,Petrol,Internal Combustion Engine (ICE),160,118,,,,,Euro 6 EA,False,WLTP,31.4,41.5,47.1,39.8,40.9,0,9,6.8,6,7.1,6.9,0,157,,,,,,226,18,13,,,,,68.0,14 July 2025,
HYUNDAI,TUCSON,TUCSON N LINE S 1.6T 48V DCT 4WD MY25,DCT,Automatic,1598,Petrol Electric,Mild Hybrid Electric Vehicle (MHEV),160,118,,,,,Euro 6 EA,False,WLTP,33.2,42.2,46.3,38.2,40.4,0,8.5,6.7,6.1,7.4,7,0,158,,,,,,438,36,14,,,,,67.0,14 July 2025,
HYUNDAI,TUCSON,TUCSON N LINE S 1.6T 48V DCT MY25,DCT,Automatic,1598,Petrol Electric,Mild Hybrid Electric Vehicle (MHEV),160,118,,,,,Euro 6 EA,False,WLTP,36.7,47.9,50.4,40.9,44.1,0,7.7,5.9,5.6,6.9,6.4,0,145,,,,,,417,30,20,,,,,67.0,14 July 2025,
HYUNDAI,TUCSON,TUCSON N LINE S 1.6T MT MY25,MT,Manual,1598,Petrol,Internal Combustion Engine (ICE),160,118,,,,,Euro 6 EA,False,WLTP,31,40.9,47.1,39.8,40.4,0,9.1,6.9,6,7.1,7,0,158,,,,,,226,18,13,,,,,68.0,14 July 2025,
HYUNDAI,TUCSON,TUCSON PHEV ADVANCE 1.6T MY25,Automatic,Automatic,1598,Electricity / Petrol,Plug-in Hybrid Electric Vehicle (PHEV),160,118,3.6,175,,,Euro 6 EA,False,WLTP,40.9,51.4,53.3,38.7,45.6,282.5,6.9,5.5,5.3,7.3,6.2,1,141,22,43,70,,,442,16,6,,,,,68.0,14 July 2025,
HYUNDAI,TUCSON,TUCSON PHEV N LINE S 1.6T MY25,Automatic,Automatic,1598,Electricity / Petrol,Plug-in Hybrid Electric Vehicle (PHEV),160,118,3.5,179,,,Euro 6 EA,False,WLTP,37.2,49.6,52.3,38.2,43.5,256.8,7.6,5.7,5.4,7.4,6.5,1.1,147,25,42,67,,,442,16,6,,,,,68.0,14 July 2025,
HYUNDAI,TUCSON,TUCSON PHEV N LINE 1.6T MY25,Automatic,Automatic,1598,Electricity / Petrol,Plug-in Hybrid Electric Vehicle (PHEV),160,118,3.5,178,,,Euro 6 EA,False,WLTP,39.2,50.4,52.3,38.2,44.1,256.8,7.2,5.6,5.4,7.4,6.4,1.1,146,24,42,68,,,442,16,6,,,,,68.0,14 July 2025,
HYUNDAI,TUCSON,TUCSON PHEV N LINE S 1.6T 4WD MY25,Automatic,Automatic,1598,Electricity / Petrol,Plug-in Hybrid Electric Vehicle (PHEV),160,118,3.3,191,,,Euro 6 EA,False,WLTP,42.2,54.3,44.1,32.5,40.4,217.3,6.7,5.2,6.4,8.7,7,1.3,159,29,39,63,,,131,18,7,,,,,68.0,14 July 2025,
HYUNDAI,TUCSON,TUCSON PHEV N LINE S 1.6T MY25,Automatic,Automatic,1598,Electricity / Petrol,Plug-in Hybrid Electric Vehicle (PHEV),160,118,3.5,179,,,Euro 6 EA,False,WLTP,37.2,49.6,52.3,38.2,43.5,256.8,7.6,5.7,5.4,7.4,6.5,1.1,147,25,42,67,,,442,16,6,,,,,68.0,14 July 2025,
HYUNDAI,TUCSON,TUCSON PHEV PREM 1.6T 4WD MY25,Automatic,Automatic,1598,Electricity / Petrol,Plug-in Hybrid Electric Vehicle (PHEV),160,118,3.3,188,,,Euro 6 EA,False,WLTP,41.5,55.4,45.6,32.5,40.9,217.3,6.8,5.1,6.2,8.7,6.9,1.3,158,29,40,64,,,131,18,7,,,,,68.0,14 July 2025,
HYUNDAI,TUCSON,TUCSON PHEV PREM 1.6T MY25,Automatic,Automatic,1598,Electricity / Petrol,Plug-in Hybrid Electric Vehicle (PHEV),160,118,3.5,177,,,Euro 6 EA,False,WLTP,39.8,50.4,52.3,38.7,44.1,282.5,7.1,5.6,5.4,7.3,6.4,1,145,24,43,69,,,442,16,6,,,,,68.0,14 July 2025,
HYUNDAI,TUCSON,TUCSON PHEV ULTIMATE 1.6T 4WD MY25,Automatic,Automatic,1598,Electricity / Petrol,Plug-in Hybrid Electric Vehicle (PHEV),160,118,3.3,190,,,Euro 6 EA,False,WLTP,42.2,54.3,44.1,32.5,40.4,217.3,6.7,5.2,6.4,8.7,7,1.3,159,29,39,63,,,131,18,7,,,,,68.0,14 July 2025,
HYUNDAI,TUCSON,TUCSON PHEV ULTIMATE 1.6T MY25,Automatic,Automatic,1598,Electricity / Petrol,Plug-in Hybrid Electric Vehicle (PHEV),160,118,3.5,178,,,Euro 6 EA,False,WLTP,38.2,49.6,52.3,38.2,44.1,256.8,7.4,5.7,5.4,7.4,6.4,1.1,146,25,42,68,,,442,16,6,,,,,68.0,14 July 2025,
HYUNDAI,TUCSON,TUCSON PHEV N LINE 1.6T 4WD MY25,Automatic,Automatic,1598,Electricity / Petrol,Plug-in Hybrid Electric Vehicle (PHEV),160,118,3.3,189,,,Euro 6 EA,False,WLTP,41.5,54.3,44.8,32.5,40.4,217.3,6.8,5.2,6.3,8.7,7,1.3,158,29,39,63,,,131,18,7,,,,,68.0,14 July 2025,
HYUNDAI,TUCSON,TUCSON PHEV PREM 1.6T 4WD 17IN MY25,Automatic,Automatic,1598,Electricity / Petrol,Plug-in Hybrid Electric Vehicle (PHEV),160,118,3.3,186,,,Euro 6 EA,False,WLTP,41.5,55.4,46.3,32.5,40.9,235.4,6.8,5.1,6.1,8.7,6.9,1.2,157,28,40,64,,,131,18,7,,,,,68.0,14 July 2025,
HYUNDAI,TUCSON,TUCSON PREM 1.6T MT MY25,MT,Manual,1598,Petrol,Internal Combustion Engine (ICE),160,118,,,,,Euro 6 EA,False,WLTP,31.4,41.5,47.9,40.4,40.9,0,9,6.8,5.9,7,6.9,0,157,,,,,,226,18,13,,,,,68.0,14 July 2025,
HYUNDAI,TUCSON,TUCSON PREMIUM 1.6T 48V DCT MY25,DCT,Automatic,1598,Petrol Electric,Mild Hybrid Electric Vehicle (MHEV),160,118,,,,,Euro 6 EA,False,WLTP,37.2,47.9,51.4,40.9,44.8,0,7.6,5.9,5.5,6.9,6.3,0,143,,,,,,417,30,20,,,,,67.0,14 July 2025,
HYUNDAI,TUCSON,TUCSON PREMIUM 1.6T MT MY25,MT,Manual,1598,Petrol,Internal Combustion Engine (ICE),160,118,,,,,Euro 6 EA,False,WLTP,31.4,41.5,47.9,40.4,40.9,0,9,6.8,5.9,7,6.9,0,157,,,,,,226,18,13,,,,,68.0,14 July 2025,
HYUNDAI,TUCSON,TUCSON ULTIMATE 1.6T 48V DCT MY25,DCT,Automatic,1598,Petrol Electric,Mild Hybrid Electric Vehicle (MHEV),160,118,,,,,Euro 6 EA,False,WLTP,36.7,47.9,50.4,40.9,44.1,0,7.7,5.9,5.6,6.9,6.4,0,145,,,,,,417,30,20,,,,,67.0,14 July 2025,
HYUNDAI,TUCSON,TUCSON ULTIMATE 1.6T MT MY25,MT,Automatic,1598,Petrol,Internal Combustion Engine (ICE),160,118,,,,,Euro 6 EA,False,WLTP,31,40.9,47.1,39.8,40.4,0,9.1,6.9,6,7.1,7,0,158,,,,,,226,18,13,,,,,68.0,14 July 2025,
HYUNDAI,TUCSON,TUCSON PREM 1.6T 48V DCT MY25,Automatic,Automatic,1598,Petrol Electric,Mild Hybrid Electric Vehicle (MHEV),160,118,,,,,Euro 6 EA,False,WLTP,37.2,47.9,51.4,40.9,44.8,0,7.6,5.9,5.5,6.9,6.3,0,143,,,,,,417,30,20,,,,,67.0,14 July 2025,
HYUNDAI,TUCSON,TUCSON ULTIMATE 1.6T 48V DCT 4WD MY25,DCT,Automatic,1598,Petrol Electric,Mild Hybrid Electric Vehicle (MHEV),160,118,,,,,Euro 6 EA,False,WLTP,33.6,42.8,46.3,38.2,40.4,0,8.4,6.6,6.1,7.4,7,0,158,,,,,,438,26,14,,,,,67.0,14 July 2025,
INEOS Automotive Ltd,Grenadier 23MY,Station Wagon Petrol,8AT,Automatic,2998,Petrol,Internal Combustion Engine (ICE),286,210,0,,,,Euro 6d,False,WLTP,14.4,19.6,25,17.2,19,0,19.6,14.4,11.3,16.4,14.9,0,336,,,,,,260,18,15,,,,,72.0,17 July 2024,
INEOS Automotive Ltd,Grenadier 23MY,Station Wagon Diesel,8AT,Automatic,2993,Diesel,Internal Combustion Engine (ICE),249,183,0,,,,Euro 6d,False,WLTP,17.7,24.1,28,22.1,23.2,0,16,11.7,10.1,12.8,12.2,0,319,,,,,,83,17,24,40,0.68,,,71.0,17 July 2024,
INEOS Automotive Ltd,Grenadier 23MY,Station Wagon Petrol ,8AT,Automatic,2998,Petrol,Internal Combustion Engine (ICE),286,210,0,,,,Euro 6d,False,WLTP,14.4,19.6,25,17.2,19,0,19.6,14.4,11.3,16.4,14.9,0,336,,,,,,260,18,15,,,,,72.0,14 September 2022,
INEOS Automotive Ltd,Grenadier 23MY,Station Wagon Diesel,8AT,Automatic,2993,Diesel,Internal Combustion Engine (ICE),249,183,0,,,,Euro 6d,False,WLTP,17.7,24.1,28,22.1,23.2,0,16,11.7,10.1,12.8,12.2,0,319,,,,,,83,17,24,40,0.68,,,71.0,21 September 2022,
INEOS Automotive Ltd,Grenadier 24MY,Station Wagon Petrol,8AT,Automatic,2998,Petrol,Internal Combustion Engine (ICE),286,210,0,,,,Euro 6d,False,WLTP,14.4,19.6,25,17.2,19,0,19.6,14.4,11.3,16.4,14.9,0,336,,,,,,260,18,15,,2.03,60,60,72.0,17 July 2024,
INEOS Automotive Ltd,Grenadier 24MY,Station Wagon Diesel,8AT,Automatic,2993,Diesel,Internal Combustion Engine (ICE),249,183,0,,,,Euro 6d,False,WLTP,17.7,24.1,28,22.1,23.2,0,16,11.7,10.1,12.8,12.2,0,319,,,,,,83,17,24,40,0.68,80,80,71.0,17 July 2024,
INEOS Automotive Ltd,Grenadier 24MY,Station Wagon Diesel,8AT,Automatic,2993,Diesel,Internal Combustion Engine (ICE),249,183,0,,,,Euro 6d,False,WLTP,17.7,24.1,28,22.1,23.2,0,16,11.7,10.1,12.8,12.2,0,319,,,,,,83,17,24,40,0.68,80,80,71.0,05 July 2023,
INEOS Automotive Ltd,Grenadier 24MY,Station Wagon Petrol,8AT,Automatic,2998,Petrol,Internal Combustion Engine (ICE),286,210,0,,,,Euro 6d,False,WLTP,14.7,20.9,23.3,18.8,19.6,0,19.2,13.5,12.1,15,14.4,0,325,,,,,,260,18,15,,2.03,60,60,72.0,05 July 2023,
INEOS Automotive Ltd,Grenadier 25MY,Station Wagon Petrol,8AT,Automatic,2998,Petrol,Internal Combustion Engine (ICE),286,210,0,,,,Euro 6 EC,False,WLTP,14.7,20.9,23.3,18.8,19.6,0,19.2,13.5,12.1,15,14.4,0,325,,,,,,260,18,15,,2.03,60,60,72.0,17 July 2024,
INEOS Automotive Ltd,Grenadier 25MY,Station Wagon Petrol,8AT,Automatic,2998,Petrol,Internal Combustion Engine (ICE),286,210,0,,,,Euro 6 EC,False,WLTP,14.4,19.6,25,17.2,19,0,19.6,14.4,11.3,16.4,14.9,0,336,,,,,,260,18,15,,2.03,60,60,72.0,17 July 2024,
INEOS Automotive Ltd,Grenadier 25MY,Station Wagon Diesel,8AT,Automatic,2993,Diesel,Internal Combustion Engine (ICE),249,183,0,,,,Euro 6 EC,True,WLTP,20.2,28.3,33.3,24.9,26.8,0,14,10,8.5,11.3,10.5,0,276,,,,,,83,17,24,40,0.68,80,80,71.0,17 July 2024,
INEOS Automotive Ltd,Grenadier 25MY,Station Wagon Diesel,8AT,Automatic,2993,Diesel,Internal Combustion Engine (ICE),249,183,0,,,,Euro 6 EC,True,WLTP,17.7,24.1,28,22.1,23.2,0,16,11.7,10.1,12.8,12.2,0,319,,,,,,83,17,24,40,0.68,80,80,71.0,17 July 2024,
KGM UK Motors Ltd,Korando,e-Motion Ventura,N/A,Electric - Not Applicable,0,Electricity,Battery Electric Vehicle (BEV) / Pure Electric Vehicle / Electric Vehicle (EV),190,140,3.7,168,339,211,Euro 6-WLTP (for BEVs only),False,WLTP,0,0,0,0,0,0,0,0,0,0,0,0,0,,0,,295,474,0,,,,,,,65.0,05 October 2023,
KGM UK Motors Ltd,Korando,1.5 ELX,M6,Manual,1497,Petrol,Internal Combustion Engine (ICE),163,120,0,,,,Euro 6d,False,WLTP,30.8,39.2,42.5,34.4,36.9,0,9.2,7.2,6.7,8.2,7.6,0,175,,,,,,216,18,14,32,,86,86,65.0,05 October 2023,
KGM UK Motors Ltd,Korando,1.5 Ultimate,M6,Manual,1497,Petrol,Internal Combustion Engine (ICE),163,120,0,,,,Euro 6d,False,WLTP,30.8,39.2,42.5,34.4,36.9,0,9.2,7.2,6.7,8.2,7.6,0,175,,,,,,216,18,14,32,,86,86,65.0,05 October 2023,
KGM UK Motors Ltd,Korando,1.5 Ultimate Auto,A6,Automatic,1497,Petrol,Internal Combustion Engine (ICE),163,120,0,,,,Euro 6d,False,WLTP,28.2,37.3,41.3,33.7,35.5,0,10,7.6,6.8,8.4,8,0,182,,,,,,203,17,16,33,,86,86,71.0,05 October 2023,
KGM UK Motors Ltd,Korando,1.5 Ventura,M6,Manual,1497,Petrol,Internal Combustion Engine (ICE),163,120,0,,,,Euro 6d,False,WLTP,30.8,39.2,42.5,34.4,36.9,0,9.2,7.2,6.7,8.2,7.6,0,175,,,,,,216,18,14,32,,86,86,65.0,05 October 2023,
KGM UK Motors Ltd,Korando,1.5 Ventura Auto,A6,Automatic,1497,Petrol,Internal Combustion Engine (ICE),163,120,0,,,,Euro 6d,False,WLTP,28.2,37.3,41.3,33.7,35.5,0,10,7.6,6.8,8.4,8,0,182,,,,,,203,17,16,33,,86,86,71.0,05 October 2023,
KGM UK Motors Ltd,Korando,1.6 Ultimate Auto,A6,Automatic,1597,Diesel,Internal Combustion Engine (ICE),136,100,0,,,,Euro 6d,False,WLTP,36.9,47,53.4,42.1,45.2,0,7.6,6,5.3,6.7,6.3,0,164,,,,,,68,0,10,10,0.22,114,114,70.0,13 October 2023,
KGM UK Motors Ltd,Korando,1.6 Ultimate Auto 4x4,A6,Automatic,1597,Diesel,Internal Combustion Engine (ICE),136,100,0,,,,Euro 6d,False,WLTP,34.1,43.5,49.6,39.6,42.1,0,8.3,6.5,5.7,7.1,6.7,0,176,,,,,,78,0,11,11,0.31,114,114,70.0,05 October 2023,
KGM UK Motors Ltd,Musso,EX,M6,Manual,2157,Diesel,Internal Combustion Engine (ICE),203,149,0,,,,Euro 6d,False,WLTP,29.1,35.8,39,31.2,33.8,0,9.7,7.9,7.2,9.1,8.4,0,220,,,,,,162,44,50,94,0.11,179,179,69.0,13 October 2023,
KGM UK Motors Ltd,Musso,Rebel Auto,A6,Automatic,2157,Diesel,Internal Combustion Engine (ICE),203,149,0,,,,Euro 6d,False,WLTP,24,32.1,36.6,30.8,31.4,0,11.7,8.8,7.7,9.2,9,0,236,,,,,,94,48,19,67,0.12,179,179,71.0,13 October 2023,
KGM UK Motors Ltd,Musso,Rhino LWB Auto,A6,Automatic,2157,Diesel,Internal Combustion Engine (ICE),203,149,0,,,,Euro 6d,False,WLTP,24.1,31.2,34.9,29.1,30.2,0,11.7,9.1,8.1,9.7,9.3,0,245,,,,,,81,48,22,70,0.03,179,179,71.0,13 October 2023,
KGM UK Motors Ltd,Musso,Saracen Auto,A6,Automatic,2157,Diesel,Internal Combustion Engine (ICE),203,149,0,,,,Euro 6d,False,WLTP,24,32.2,36.6,30.8,31.5,0,11.7,8.8,7.7,9.2,9,0,236,,,,,,94,48,19,67,0.12,179,179,71.0,13 October 2023,
KGM UK Motors Ltd,Rexton,2.2 Ultimate Auto,A8,Automatic,2157,Diesel,Internal Combustion Engine (ICE),203,149,0,,,,Euro 6d,False,WLTP,24.1,33.1,38.9,32.8,32.9,0,11.7,8.5,7.3,8.6,8.6,0,225,,,,,,82,55,18,73,2.47,114,114,69.0,13 October 2023,
KGM UK Motors Ltd,Rexton,2.2 Ultimate Auto Plus,A8,Automatic,2157,Diesel,Internal Combustion Engine (ICE),203,149,0,,,,Euro 6d,False,WLTP,23.9,32.8,38.6,32.6,32.6,0,11.8,8.6,7.3,8.7,8.7,0,227,,,,,,82,55,18,73,2.47,114,114,69.0,13 October 2023,
KGM UK Motors Ltd,Rexton,2.2 Ventura Auto,A8,Automatic,2157,Diesel,Internal Combustion Engine (ICE),203,149,0,,,,Euro 6d,False,WLTP,24.1,33.1,38.9,32.8,32.9,0,11.7,8.5,7.3,8.6,8.6,0,225,,,,,,82,55,18,73,2.47,114,114,69.0,13 October 2023,
KGM UK Motors Ltd,Tivoli,1.2P EX,M6,Manual,1197,Petrol,Internal Combustion Engine (ICE),128,94,0,,,,Euro 6d,False,WLTP,33.9,43.9,47.3,36.8,40.4,0,8.3,6.4,6,7.7,7,0,158,,,,,,635,28,23,51,,86,86,68.7,16 October 2023,
KGM UK Motors Ltd,Tivoli,1.2P Ventura,M6,Manual,1197,Petrol,Internal Combustion Engine (ICE),128,94,0,,,,Euro 6d,False,WLTP,33.9,43.9,47.3,36.8,40.4,0,8.3,6.4,6,7.7,7,0,158,,,,,,635,28,23,51,,86,86,68.7,16 October 2023,
KGM UK Motors Ltd,Tivoli,1.5P Ultimate,M6,Manual,1497,Petrol,Internal Combustion Engine (ICE),163,120,0,,,,Euro 6d,False,WLTP,32.9,43.1,46.4,40.1,40.1,0,8.6,6.5,6.1,7,7,0,161,,,,,,272,17,14,31,,86,86,70.5,16 October 2023,
KGM UK Motors Ltd,Tivoli,1.5P Ultimate Auto,A6,Automatic,1497,Petrol,Internal Combustion Engine (ICE),163,120,0,,,,Euro 6d,False,WLTP,29,39.2,43,35.1,36.9,0,9.7,7.2,6.6,8.1,7.7,0,175,,,,,,231,19,25,44,,86,86,70.4,16 October 2023,
KIA,All-new Niro,'2' 1.6 GDi 1.32kWh 139bhp Auto HEV,DCT6,Automatic,1580,Petrol Electric,Hybrid Electric Vehicle (HEV),137,32,0,,,,Euro 6d,False,WLTP,65.7,76.3,74.3,52.3,64.2,0,4.3,3.7,3.8,5.4,4.4,0,100,,,,,,37,7,5,,,60,60,68.0,11 October 2023,
KIA,All-new Niro,'3' 1.6 GDi 1.32kWh 139bhp Auto HEV,DCT6,Automatic,1580,Petrol Electric,Hybrid Electric Vehicle (HEV),137,32,0,,,,Euro 6d,False,WLTP,67.3,68.9,67.3,51.4,61.4,0,4.2,4.1,4.2,5.5,4.6,0,105,,,,,,37,7,5,,,60,60,68.0,11 October 2023,
KIA,All-new Niro,'4' 1.6 GDi 1.32kWh 139bhp Auto HEV,DCT6,Automatic,1580,Petrol Electric,Hybrid Electric Vehicle (HEV),137,32,0,,,,Euro 6d,False,WLTP,68.9,67.3,65.7,51.4,60.1,0,4.1,4.2,4.3,5.5,4.7,0,106,,,,,,37,7,5,,,60,60,68.0,11 October 2023,
KIA,All-new Niro,'2' 64.8kWh 201bhp 1-speed Auto EV,N/A,Electric - Not Applicable,0,Electricity,Battery Electric Vehicle (BEV) / Pure Electric Vehicle / Electric Vehicle (EV),204,150,3.8,162,460,286,Euro 6-WLTP (for BEVs only),False,WLTP,0,0,0,0,0,0,0,0,0,0,0,0,0,,0,,375,604,0,,,,,,,67.0,14 January 2025,
KIA,All-new Niro,'3' 64.8kWh 201bhp 1-speed Auto (Heat Pump) EV,N/A,Electric - Not Applicable,0,Electricity,Battery Electric Vehicle (BEV) / Pure Electric Vehicle / Electric Vehicle (EV),204,150,3.8,162,460,286,Euro 6-WLTP (for BEVs only),False,WLTP,0,0,0,0,0,0,0,0,0,0,0,0,0,,0,,375,604,0,,,,,,,67.0,14 January 2025,
KIA,All-new Niro,'3' 64.8kWh 201bhp 1-speed Auto EV,N/A,Electric - Not Applicable,0,Electricity,Battery Electric Vehicle (BEV) / Pure Electric Vehicle / Electric Vehicle (EV),204,150,3.8,162,460,286,Euro 6-WLTP (for BEVs only),False,WLTP,0,0,0,0,0,0,0,0,0,0,0,0,0,,0,,375,604,0,,,,,,,67.0,14 January 2025,
KIA,All-new Niro,'4' 64.8kWh 201bhp 1-speed Auto (Heat Pump) EV,N/A,Electric - Not Applicable,0,Electricity,Battery Electric Vehicle (BEV) / Pure Electric Vehicle / Electric Vehicle (EV),204,150,3.8,162,460,286,Euro 6-WLTP (for BEVs only),False,WLTP,0,0,0,0,0,0,0,0,0,0,0,0,0,,0,,375,604,0,,,,,,,67.0,14 January 2025,
KIA,All-new Niro,'4' 64.8kWh 201bhp 1-speed Auto EV,N/A,Electric - Not Applicable,0,Electricity,Battery Electric Vehicle (BEV) / Pure Electric Vehicle / Electric Vehicle (EV),204,150,3.8,162,460,286,Euro 6-WLTP (for BEVs only),False,WLTP,0,0,0,0,0,0,0,0,0,0,0,0,0,,0,,375,604,0,,,,,,,67.0,14 January 2025,
KIA,All-new Niro,'2' 1.6 GDi 11.1kWh 180bhp Auto PHEV,DCT6,Automatic,1580,Electricity / Petrol,Plug-in Hybrid Electric Vehicle (PHEV),177,62,4.8,128,65,40,Euro 6d,False,WLTP,0,0,0,0,0,353.1,0,0,0,0,0,0.8,0,18,40,65,52,84,37,8,6,,,60,60,68.0,18 November 2022,
KIA,All-new Niro,'3' 1.6 GDi 11.1kWh 180bhp Auto PHEV,DCT6,Automatic,1580,Electricity / Petrol,Plug-in Hybrid Electric Vehicle (PHEV),177,62,4.5,136,61,38,Euro 6d,False,WLTP,0,0,0,0,0,313.9,0,0,0,0,0,0.9,0,21,38,61,49,79,37,8,6,,,60,60,68.0,18 November 2022,
KIA,All-new Niro,'4' 1.6 GDi 11.1kWh 180bhp Auto PHEV,DCT6,Automatic,1580,Electricity / Petrol,Plug-in Hybrid Electric Vehicle (PHEV),177,62,4.5,137,61,38,Euro 6d,False,WLTP,0,0,0,0,0,282.5,0,0,0,0,0,1,0,22,38,61,48,78,37,8,6,,,60,60,68.0,18 November 2022,
KIA,Ceed SW MY24,2' 1.5 T-GDI 158bhp 6-speed manual ADAP,MT6,Manual,1482,Petrol,Internal Combustion Engine (ICE),160,118,0,,,,Euro 6d,False,WLTP,40.9,51.4,58.9,48.7,50.4,0,6.9,5.5,4.8,5.8,5.6,0,126,0,,,,,353,26,25,,,60,60,66.0,08 September 2023,
KIA,Ceed SW MY24,3' 1.5 T-Gdi 158bhp MT6 ISG,MT6,Manual,1482,Petrol,Internal Combustion Engine (ICE),160,118,0,,,,Euro 6d,False,WLTP,39.8,49.6,56.5,47.1,48.7,0,7.1,5.7,5,6,5.8,0,131,0,,,,,353,26,25,,,60,60,66.0,08 September 2023,
KIA,Ceed SW MY24,3' 1.5 T-GDI 158bhp MT6,MT7,Manual,1482,Petrol,Internal Combustion Engine (ICE),160,118,0,,,,Euro 6d,False,WLTP,39.8,49.6,56.5,47.1,48.7,0,7.1,5.7,5,6,5.8,0,131,0,,,,,353,26,25,,,60,60,66.0,08 September 2023,
KIA,EV3,EV3 Air 58.3 kWh 201bhp lithium-ion AT1 FWD,N/A,Electric - Not Applicable,0,Electricity,Battery Electric Vehicle (BEV) / Pure Electric Vehicle / Electric Vehicle (EV),204,150,4.1,149,436,271,Euro 6-WLTP (for BEVs only),False,WLTP,0,0,0,0,0,0,0,0,0,0,0,0,0,0,0,,363,584,0,,,,,,,67.0,14 January 2025,
KIA,EV3,EV3 Air 81.4kWh 201bhp lithium-ion AT1 FWD,N/A,Electric - Not Applicable,0,Electricity,Battery Electric Vehicle (BEV) / Pure Electric Vehicle / Electric Vehicle (EV),204,150,4.1,149,604,375,Euro 6-WLTP (for BEVs only),False,WLTP,0,0,0,0,0,0,0,0,0,0,0,0,0,0,0,,480,772,0,,,,,,,67.0,14 January 2025,
KIA,EV3,EV3 GTL 81.4kWh 201bhp lithium-ion AT1 FWD,N/A,Electric - Not Applicable,0,Electricity,Battery Electric Vehicle (BEV) / Pure Electric Vehicle / Electric Vehicle (EV),204,150,4.1,149,591,367,Euro 6-WLTP (for BEVs only),False,WLTP,0,0,0,0,0,0,0,0,0,0,0,0,0,0,0,,473,761,0,,,,,,,67.0,14 January 2025,
KIA,EV3,EV3 GTLS 81.4kWh 201bhp lithium-ion AT1 FWD,N/A,Electric - Not Applicable,0,Electricity,Battery Electric Vehicle (BEV) / Pure Electric Vehicle / Electric Vehicle (EV),204,150,4.1,149,583,362,Euro 6-WLTP (for BEVs only),False,WLTP,0,0,0,0,0,0,0,0,0,0,0,0,0,0,0,,469,754,0,,,,,,,67.0,14 January 2025,
KIA,EV3,EV3 GTLS (HP) 81.4kWh 201bhp lithium-ion AT1 FWD,N/A,Electric - Not Applicable,0,Electricity,Battery Electric Vehicle (BEV) / Pure Electric Vehicle / Electric Vehicle (EV),204,150,4.1,149,582,362,Euro 6-WLTP (for BEVs only),False,WLTP,0,0,0,0,0,0,0,0,0,0,0,0,0,0,0,,468,753,0,,,,,,,67.0,14 January 2025,
KIA,EV6 MY24,Air' 77.4kWh lithium-ion 226bhp 1-speed auto RWD,N/A,Electric - Not Applicable,0,Electricity,Battery Electric Vehicle (BEV) / Pure Electric Vehicle / Electric Vehicle (EV),229,168,3.7,165,528,328,Euro 6-WLTP (for BEVs only),False,WLTP,0,0,0,0,0,0,0,0,0,0,0,0,0,0,0,,460,740,0,,,,,,,68.0,14 January 2025,
KIA,EV6 MY24,'GTL' 77.4KWh lithium-ion 226bhp 1-speed auto RWD,N/A,Electric - Not Applicable,0,Electricity,Battery Electric Vehicle (BEV) / Pure Electric Vehicle / Electric Vehicle (EV),229,168,3.7,165,528,328,Euro 6-WLTP (for BEVs only),False,WLTP,0,0,0,0,0,0,0,0,0,0,0,0,0,0,0,,460,740,0,,,,,,,68.0,14 January 2025,
KIA,EV6 MY24,'GTL' 77.4KWh lithium-ion 226bhp 1-speed auto RWD HP,N/A,Electric - Not Applicable,0,Electricity,Battery Electric Vehicle (BEV) / Pure Electric Vehicle / Electric Vehicle (EV),229,168,3.7,165,528,328,Euro 6-WLTP (for BEVs only),False,WLTP,0,0,0,0,0,0,0,0,0,0,0,0,0,0,0,,460,740,0,,,,,,,68.0,14 January 2025,
KIA,EV6 MY24,'GTL' 77.4KWh lithium-ion 321bhp 1-speed auto AWD,N/A,Electric - Not Applicable,0,Electricity,Battery Electric Vehicle (BEV) / Pure Electric Vehicle / Electric Vehicle (EV),325,239,3.6,172,506,314,Euro 6-WLTP (for BEVs only),False,WLTP,0,0,0,0,0,0,0,0,0,0,0,0,0,0,0,,416,670,0,,,,,,,68.0,14 January 2025,
KIA,EV6 MY24,'GTL' 77.4KWh lithium-ion 321bhp 1-speed auto AWD HP,N/A,Electric - Not Applicable,0,Electricity,Battery Electric Vehicle (BEV) / Pure Electric Vehicle / Electric Vehicle (EV),325,239,3.6,172,506,314,Euro 6-WLTP (for BEVs only),False,WLTP,0,0,0,0,0,0,0,0,0,0,0,0,0,0,0,,416,670,0,,,,,,,68.0,14 January 2025,
KIA,EV6 MY24,'GTLS' 77.4KWh lithium-ion 226bhp 1-speed auto RWD,N/A,Electric - Not Applicable,0,Electricity,Battery Electric Vehicle (BEV) / Pure Electric Vehicle / Electric Vehicle (EV),229,168,3.6,172,504,313,Euro 6-WLTP (for BEVs only),False,WLTP,0,0,0,0,0,0,0,0,0,0,0,0,0,0,0,,427,687,0,,,,,,,68.0,14 January 2025,
KIA,EV6 MY24,'GTLS' 77.4KWh lithium-ion 226bhp 1-speed auto RWD HP,N/A,Electric - Not Applicable,0,Electricity,Battery Electric Vehicle (BEV) / Pure Electric Vehicle / Electric Vehicle (EV),229,168,3.6,172,504,313,Euro 6-WLTP (for BEVs only),False,WLTP,0,0,0,0,0,0,0,0,0,0,0,0,0,0,0,,427,687,0,,,,,,,68.0,14 January 2025,
KIA,EV6 MY24,'GTLS' 77.4KWh lithium-ion 321bhp 1-speed auto AWD,N/A,Electric - Not Applicable,0,Electricity,Battery Electric Vehicle (BEV) / Pure Electric Vehicle / Electric Vehicle (EV),325,239,3.4,180,484,301,Euro 6-WLTP (for BEVs only),False,WLTP,0,0,0,0,0,0,0,0,0,0,0,0,0,0,0,,391,630,0,,,,,,,68.0,14 January 2025,
KIA,EV6 MY24,'GTLS' 77.4KWh lithium-ion 321bhp 1-speed auto AWD HP,N/A,Electric - Not Applicable,0,Electricity,Battery Electric Vehicle (BEV) / Pure Electric Vehicle / Electric Vehicle (EV),325,239,3.4,180,484,301,Euro 6-WLTP (for BEVs only),False,WLTP,0,0,0,0,0,0,0,0,0,0,0,0,0,0,0,,391,630,0,,,,,,,68.0,14 January 2025,
KIA,EV6 MY24,'GT' 77.4KWh lithium-ion 577bhp 1-speed auto AWD,N/A,Electric - Not Applicable,0,Electricity,Battery Electric Vehicle (BEV) / Pure Electric Vehicle / Electric Vehicle (EV),585,430,3,206,424,263,Euro 6-WLTP (for BEVs only),False,WLTP,0,0,0,0,0,0,0,0,0,0,0,0,0,0,0,,339,546,0,,,,,,,66.0,14 January 2025,
KIA,EV6 MY25,'Air' 84.0kWh 225bhp RWD 1-speed auto,AT1,Electric - Not Applicable,0,Electricity,Battery Electric Vehicle (BEV) / Pure Electric Vehicle / Electric Vehicle (EV),229,168,3.9,159,582,362,Euro 6-WLTP (for BEVs only),False,WLTP,0,0,0,0,0,0,0,0,0,0,0,0,0,,0,,476,766,,,,,,,,67.0,19 September 2024,
KIA,EV6 MY25,'GT-Line' 84.0kWh 225bhp RWD 1-speed auto,AT1,Electric - Not Applicable,0,Electricity,Battery Electric Vehicle (BEV) / Pure Electric Vehicle / Electric Vehicle (EV),229,168,3.9,159,582,362,Euro 6-WLTP (for BEVs only),False,WLTP,0,0,0,0,0,0,0,0,0,0,0,0,0,,0,,476,766,,,,,,,,67.0,19 September 2024,
KIA,EV6 MY25,'GT-Line' 84.0kWh 320bhp AWD 1-speed auto,AT1,Electric - Not Applicable,0,Electricity,Battery Electric Vehicle (BEV) / Pure Electric Vehicle / Electric Vehicle (EV),325,239,3.6,170,546,339,Euro 6-WLTP (for BEVs only),False,WLTP,0,0,0,0,0,0,0,0,0,0,0,0,0,,0,,443,713,,,,,,,,67.0,19 September 2024,
KIA,EV6 MY25,'GT-Line S' 84.0kWh 225bhp RWD 1-speed auto,AT1,Electric - Not Applicable,0,Electricity,Battery Electric Vehicle (BEV) / Pure Electric Vehicle / Electric Vehicle (EV),229,168,3.6,169,560,348,Euro 6-WLTP (for BEVs only),False,WLTP,0,0,0,0,0,0,0,0,0,0,0,0,0,,0,,467,751,,,,,,,,67.0,19 September 2024,
KIA,EV6 MY25,'GT-Line S' 84.0kWh 225bhp RWD 1-speed auto (Heat Pump),AT1,Electric - Not Applicable,0,Electricity,Battery Electric Vehicle (BEV) / Pure Electric Vehicle / Electric Vehicle (EV),229,168,3.6,169,560,348,Euro 6-WLTP (for BEVs only),False,WLTP,0,0,0,0,0,0,0,0,0,0,0,0,0,,0,,467,751,,,,,,,,67.0,19 September 2024,
KIA,EV6 MY25,'GT-Line S' 84.0kWh 320bhp AWD 1-speed auto,AT1,Electric - Not Applicable,0,Electricity,Battery Electric Vehicle (BEV) / Pure Electric Vehicle / Electric Vehicle (EV),325,239,3.5,177,522,324,Euro 6-WLTP (for BEVs only),False,WLTP,0,0,0,0,0,0,0,0,0,0,0,0,0,,0,,416,669,,,,,,,,67.0,19 September 2024,
KIA,EV6 MY25,'GT-Line S' 84.0kWh 320bhp AWD 1-speed auto (Heat Pump),AT1,Electric - Not Applicable,0,Electricity,Battery Electric Vehicle (BEV) / Pure Electric Vehicle / Electric Vehicle (EV),325,239,3.5,177,522,324,Euro 6-WLTP (for BEVs only),False,WLTP,0,0,0,0,0,0,0,0,0,0,0,0,0,,0,,416,669,,,,,,,,67.0,19 September 2024,
KIA,EV9 MY24,EV9 'Air' 99.8kWh 200bhp 1-Speed Auto (RWD),N/A,Electric - Not Applicable,0,Electricity,Battery Electric Vehicle (BEV) / Pure Electric Vehicle / Electric Vehicle (EV),203,150,3,202,563,350,Euro 6-WLTP (for BEVs only),False,WLTP,0,0,0,0,0,0,0,0,0,0,0,0,0,0,0,,481,774,0,,,,,,,67.0,14 January 2025,
KIA,EV9 MY24,EV9 'GT-Line' 99.8kWh 378bhp 1-Speed Auto (AWD),N/A,Electric - Not Applicable,0,Electricity,Battery Electric Vehicle (BEV) / Pure Electric Vehicle / Electric Vehicle (EV),384,283,2.7,228,505,314,Euro 6-WLTP (for BEVs only),False,WLTP,0,0,0,0,0,0,0,0,0,0,0,0,0,0,0,,415,668,0,,,,,,,68.0,14 January 2025,
KIA,EV9 MY24,EV9 'GT-Line S' 99.8kWh 378bhp 1-Speed Auto (7St) (AWD),N/A,Electric - Not Applicable,0,Electricity,Battery Electric Vehicle (BEV) / Pure Electric Vehicle / Electric Vehicle (EV),384,283,2.7,228,505,314,Euro 6-WLTP (for BEVs only),False,WLTP,0,0,0,0,0,0,0,0,0,0,0,0,0,0,0,,415,668,0,,,,,,,68.0,14 January 2025,
KIA,EV9 MY24,EV9 'GT-Line S' 99.8kWh 378bhp 1-Speed Auto (6St Swivel) (AWD),N/A,Electric - Not Applicable,0,Electricity,Battery Electric Vehicle (BEV) / Pure Electric Vehicle / Electric Vehicle (EV),384,283,2.7,228,505,314,Euro 6-WLTP (for BEVs only),False,WLTP,0,0,0,0,0,0,0,0,0,0,0,0,0,0,0,,415,668,0,,,,,,,68.0,14 January 2025,
KIA,Niro MY24,'2' 1.6 GDi 1.32kWh 139bhp 6-speed DCT,DCT6,Automatic,1580,Petrol Electric,Hybrid Electric Vehicle (HEV),141,104,0,,,,Euro 6d,False,WLTP,65.7,76.3,74.3,52.3,64.2,0,4.3,3.7,3.8,5.4,4.4,0,100,0,,,,,37,7,5,,,60,60,68.0,08 September 2023,
KIA,Niro MY24,'3' 1.6 GDi 1.32kWh 139bhp 6-speed DCT,DCT6,Automatic,1580,Petrol Electric,Hybrid Electric Vehicle (HEV),141,104,0,,,,Euro 6d,False,WLTP,67.3,68.9,67.3,51.4,61.4,0,4.2,4.1,4.2,5.5,4.6,0,105,0,,,,,37,7,5,,,60,60,68.0,08 September 2023,
KIA,Niro MY24,'4' 1.6 GDi 1.32kWh 139bhp 6-speed DCT,DCT6,Automatic,1580,Petrol Electric,Hybrid Electric Vehicle (HEV),141,104,0,,,,Euro 6d,False,WLTP,68.9,67.3,67.3,51.4,61.4,0,4.1,4.2,4.2,5.5,4.6,0,106,0,,,,,37,7,5,,,60,60,68.0,08 September 2023,
KIA,Niro MY24,'4' 1.6 GDi 1.32kWh 139bhp (Black/Grey C-Pillar) 6-speed DCT,DCT6,Automatic,1580,Petrol Electric,Hybrid Electric Vehicle (HEV),141,104,0,,,,Euro 6d,False,WLTP,68.9,67.3,67.3,51.4,61.4,0,4.1,4.2,4.2,5.5,4.6,0,106,0,,,,,37,7,5,,,60,60,68.0,08 September 2023,
KIA,Niro MY24,'2' 64.8kWh 201bhp 1-speed Auto,N/A,Electric - Not Applicable,0,Electricity,Battery Electric Vehicle (BEV) / Pure Electric Vehicle / Electric Vehicle (EV),204,150,3.8,162,460,286,Euro 6-WLTP (for BEVs only),False,WLTP,0,0,0,0,0,0,0,0,0,0,0,0,0,0,0,,375,604,0,,,,,,,67.0,14 January 2025,
KIA,Niro MY24,'3' 64.8kWh 201bhp 1-speed Auto,N/A,Electric - Not Applicable,0,Electricity,Battery Electric Vehicle (BEV) / Pure Electric Vehicle / Electric Vehicle (EV),204,150,3.8,162,460,286,Euro 6-WLTP (for BEVs only),False,WLTP,0,0,0,0,0,0,0,0,0,0,0,0,0,0,0,,375,604,0,,,,,,,67.0,14 January 2025,
KIA,Niro MY24,'3' 64.8kWh 201bhp Heat Pump 1-speed Auto,N/A,Electric - Not Applicable,0,Electricity,Battery Electric Vehicle (BEV) / Pure Electric Vehicle / Electric Vehicle (EV),204,150,3.8,162,460,286,Euro 6-WLTP (for BEVs only),False,WLTP,0,0,0,0,0,0,0,0,0,0,0,0,0,0,0,,375,604,0,,,,,,,67.0,14 January 2025,
KIA,Niro MY24,'4' 64.8kWh 201bhp 1-speed Auto,N/A,Electric - Not Applicable,0,Electricity,Battery Electric Vehicle (BEV) / Pure Electric Vehicle / Electric Vehicle (EV),204,150,3.8,162,460,286,Euro 6-WLTP (for BEVs only),False,WLTP,0,0,0,0,0,0,0,0,0,0,0,0,0,0,0,,375,604,0,,,,,,,67.0,14 January 2025,
KIA,Niro MY24,'4' 64.8kWh 201bhp (Black/Grey C-Pillar) 1-speed Auto,N/A,Electric - Not Applicable,0,Electricity,Battery Electric Vehicle (BEV) / Pure Electric Vehicle / Electric Vehicle (EV),204,150,3.8,162,460,286,Euro 6-WLTP (for BEVs only),False,WLTP,0,0,0,0,0,0,0,0,0,0,0,0,0,0,0,,375,604,0,,,,,,,67.0,14 January 2025,
KIA,Niro MY24,'4' 64.8kWh 201bhp Heat Pump 1-speed Auto,N/A,Electric - Not Applicable,0,Electricity,Battery Electric Vehicle (BEV) / Pure Electric Vehicle / Electric Vehicle (EV),204,150,3.8,162,460,286,Euro 6-WLTP (for BEVs only),False,WLTP,0,0,0,0,0,0,0,0,0,0,0,0,0,0,0,,375,604,0,,,,,,,67.0,14 January 2025,
KIA,Niro MY24,'4' 64.8kWh 201bhp Heat Pump (Black/Grey C-Pillar) 1-speed Auto,N/A,Electric - Not Applicable,0,Electricity,Battery Electric Vehicle (BEV) / Pure Electric Vehicle / Electric Vehicle (EV),204,150,3.8,162,460,286,Euro 6-WLTP (for BEVs only),False,WLTP,0,0,0,0,0,0,0,0,0,0,0,0,0,0,0,,375,604,0,,,,,,,67.0,14 January 2025,
KIA,Niro MY24,'4' 64.8kWh 201bhp (Grey Pack) 1-speed Auto,N/A,Electric - Not Applicable,0,Electricity,Battery Electric Vehicle (BEV) / Pure Electric Vehicle / Electric Vehicle (EV),204,150,3.8,162,460,286,Euro 6-WLTP (for BEVs only),False,WLTP,0,0,0,0,0,0,0,0,0,0,0,0,0,0,0,,375,604,0,,,,,,,67.0,14 January 2025,
KIA,Niro MY24,'4' 64.8kWh 201bhp (Grey Pack) Heat Pump 1-speed Auto,N/A,Electric - Not Applicable,0,Electricity,Battery Electric Vehicle (BEV) / Pure Electric Vehicle / Electric Vehicle (EV),204,150,3.8,162,460,286,Euro 6-WLTP (for BEVs only),False,WLTP,0,0,0,0,0,0,0,0,0,0,0,0,0,0,0,,375,604,0,,,,,,,67.0,14 January 2025,
KIA,Niro MY24,'2' 1.6 GDi 11.1kWh 180bhp 6-speed DCT,DCT6,Automatic,1580,Electricity / Petrol,Plug-in Hybrid Electric Vehicle (PHEV),183,135,4.8,128,65,40,Euro 6d,False,WLTP,0,0,0,0,0,353.1,0,0,0,0,0,0.8,0,18,52,84,52,84,37,8,6,,,60,60,68.0,07 November 2023,
KIA,Niro MY24,'3' 1.6 GDi 11.1kWh 180bhp 6-speed DCT,DCT6,Automatic,1580,Electricity / Petrol,Plug-in Hybrid Electric Vehicle (PHEV),183,135,4.6,135,61,38,Euro 6d,False,WLTP,0,0,0,0,0,313.9,0,0,0,0,0,0.9,0,21,49,79,49,79,37,8,6,,,60,60,68.0,07 November 2023,
KIA,Niro MY24,'4' 1.6 GDi 11.1kWh 180bhp 6-speed DCT,DCT6,Automatic,1580,Electricity / Petrol,Plug-in Hybrid Electric Vehicle (PHEV),183,135,4.5,137,61,38,Euro 6d,False,WLTP,0,0,0,0,0,282.5,0,0,0,0,0,1,0,22,48,78,48,78,37,8,6,,,60,60,68.0,07 November 2023,
KIA,Niro MY24,'Horizon' 64.8kWh 201bhp 1-speed Auto EV,N/A,Electric - Not Applicable,0,Electricity,Battery Electric Vehicle (BEV) / Pure Electric Vehicle / Electric Vehicle (EV),204,150,3.8,162,460,286,Euro 6-WLTP (for BEVs only),False,WLTP,0,0,0,0,0,0,0,0,0,0,0,0,0,,0,,375,604,0,,,,,,,67.0,23 April 2024,
KIA,Niro MY24.5,Niro HEV 2 1.6 Gdi DCT6,DCT6,Automatic,1580,Petrol Electric,Hybrid Electric Vehicle (HEV),141,104,0,,,,Euro 6d,False,WLTP,65.7,76.3,74.3,52.3,64.2,0,4.3,3.7,3.8,5.4,4.4,0,100,0,,,,,37,7,5,,,60,60,68.0,08 September 2023,
KIA,Niro EV MY25,'2' 64.8kWh 201bhp 1-speed Auto,AT1,Electric - Not Applicable,0,Electricity,Battery Electric Vehicle (BEV) / Pure Electric Vehicle / Electric Vehicle (EV),204,150,3.8,162,460,286,Euro 6-WLTP (for BEVs only),False,WLTP,0,0,0,0,0,0,0,0,0,0,0,0,0,0,0,,375,604,,,,,,,,67.0,20 September 2024,
KIA,Niro EV MY25,'3' 64.8kWh 201bhp 1-speed Auto,AT1,Electric - Not Applicable,0,Electricity,Battery Electric Vehicle (BEV) / Pure Electric Vehicle / Electric Vehicle (EV),204,150,3.8,162,460,286,Euro 6-WLTP (for BEVs only),False,WLTP,0,0,0,0,0,0,0,0,0,0,0,0,0,0,0,,375,604,,,,,,,,67.0,20 September 2024,
KIA,Niro EV MY25,'4' 64.8kWh 201bhp 1-speed Auto,AT1,Electric - Not Applicable,0,Electricity,Battery Electric Vehicle (BEV) / Pure Electric Vehicle / Electric Vehicle (EV),204,150,3.8,162,460,286,Euro 6-WLTP (for BEVs only),False,WLTP,0,0,0,0,0,0,0,0,0,0,0,0,0,0,0,,375,604,,,,,,,,67.0,20 September 2024,
KIA,Niro EV MY25,'4' 64.8kWh 201bhp 1-speed Auto (Heat Pump),AT1,Electric - Not Applicable,0,Electricity,Battery Electric Vehicle (BEV) / Pure Electric Vehicle / Electric Vehicle (EV),204,150,3.8,162,458,285,Euro 6-WLTP (for BEVs only),False,WLTP,0,0,0,0,0,0,0,0,0,0,0,0,0,,0,,375,603,,,,,,,,67.0,16 May 2025,
KIA,Niro HEV MY25,'2' 1.6 GDi 127bhp 6-speed Auto,AT6,Automatic,1580,Petrol Electric,Hybrid Electric Vehicle (HEV),129,95,0,,,,Euro 6 EA,False,WLTP,65.7,76.3,74.3,52.3,64.2,0,4.3,3.7,3.8,5.4,4.4,0,100,0,,,,,37,7,5,,,60,60,68.0,19 September 2024,
KIA,Niro HEV MY25,'3' 1.6 GDi 127bhp 6-speed Auto,AT6,Automatic,1580,Petrol Electric,Hybrid Electric Vehicle (HEV),129,95,0,,,,Euro 6 EA,False,WLTP,67.3,68.9,67.3,51.4,61.4,0,4.2,4.1,4.2,5.5,4.6,0,105,0,,,,,37,7,5,,,60,60,68.0,19 September 2024,
KIA,Niro HEV MY25,'4' 1.6 GDi 127bhp 6-speed Auto,AT6,Automatic,1580,Petrol Electric,Hybrid Electric Vehicle (HEV),129,95,0,,,,Euro 6 EA,False,WLTP,68.9,67.3,67.3,51.4,61.4,0,4.1,4.2,4.2,5.5,4.6,0,106,0,,,,,37,7,5,,,60,60,68.0,19 September 2024,
KIA,Niro PHEV MY25,'2' 1.6 GDi 168bhp 6-speed Auto,AT6,Automatic,1580,Electricity / Petrol,Plug-in Hybrid Electric Vehicle (PHEV),171,126,4.8,128,,0,Euro 6 EA,False,WLTP,0,0,0,0,0,353.1,0,0,0,0,0,0.8,0,18,40,65,0,,36,8,5,,,60,60,68.0,19 September 2024,
KIA,Niro PHEV MY25,'3' 1.6 GDi 168bhp 6-speed Auto,AT6,Automatic,1580,Electricity / Petrol,Plug-in Hybrid Electric Vehicle (PHEV),171,126,4.5,136,,0,Euro 6 EA,False,WLTP,0,0,0,0,0,313.9,0,0,0,0,0,0.9,0,21,37,59,0,,36,8,5,,,60,60,68.0,19 September 2024,
KIA,Niro PHEV MY25,'4' 1.6 GDi 168bhp 6-speed Auto,AT6,Automatic,1580,Electricity / Petrol,Plug-in Hybrid Electric Vehicle (PHEV),171,126,4.5,137,,0,Euro 6 EA,False,WLTP,0,0,0,0,0,282.5,0,0,0,0,0,1,0,22,37,59,0,,36,8,5,,,60,60,68.0,19 September 2024,
KIA,Picanto MY25,'2' 1.0 62bhp 5-speed manual,MT5,Manual,998,Petrol,Internal Combustion Engine (ICE),62,46,0,,,,Euro 6 EA,False,WLTP,45.6,58.9,62.8,51.4,54.3,0,6.2,4.8,4.5,5.5,5.2,0,116,0,,,,,548,23,19,,,60,60,74.5,15 July 2024,
KIA,Picanto MY25,'2' 1.0 62bhp 5-speed AMT,AMT5,Automatic,998,Petrol,Internal Combustion Engine (ICE),62,46,0,,,,Euro 6 EA,False,WLTP,43.5,57.6,62.8,49.6,54.3,0,6.5,4.9,4.5,5.7,5.2,0,119,0,,,,,313,29,28,,,60,60,74.5,15 July 2024,
KIA,Picanto MY25,'GT-Line' 1.0 62bhp 5-speed manual,MT5,Manual,998,Petrol,Internal Combustion Engine (ICE),62,46,0,,,,Euro 6 EA,False,WLTP,44.1,56.5,60.1,49.6,52.3,0,6.4,5,4.7,5.7,5.4,0,121,0,,,,,548,23,19,,,60,60,74.5,15 July 2024,
KIA,Picanto MY25,'GT-Line' 1.0 62bhp 5-speed AMT,AMT5,Automatic,998,Petrol,Internal Combustion Engine (ICE),62,46,0,,,,Euro 6 EA,False,WLTP,43.5,56.5,61.4,47.9,52.3,0,6.5,5,4.6,5.9,5.4,0,123,0,,,,,313,29,28,,,60,60,74.5,15 July 2024,
KIA,Picanto MY25,'3' 1.0 62bhp 5-speed manual,MT5,Manual,998,Petrol,Internal Combustion Engine (ICE),62,46,0,,,,Euro 6 EA,False,WLTP,44.1,56.5,60.1,49.6,52.3,0,6.4,5,4.7,5.7,5.4,0,121,0,,,,,548,23,19,,,60,60,74.5,15 July 2024,
KIA,Picanto MY25,'3' 1.0 62bhp 5-speed AMT,AMT5,Automatic,998,Petrol,Internal Combustion Engine (ICE),62,46,0,,,,Euro 6 EA,False,WLTP,43.5,56.5,61.4,47.9,52.3,0,6.5,5,4.6,5.9,5.4,0,122,0,,,,,313,29,28,,,60,60,74.5,15 July 2024,
KIA,Picanto MY25,'GT-Line S' 1.2 77bhp 5-speed manual,MT5,Manual,1197,Petrol,Internal Combustion Engine (ICE),78,57,0,,,,Euro 6 EA,False,WLTP,42.8,54.3,58.9,47.9,51.4,0,6.6,5.2,4.8,5.9,5.5,0,124,0,,,,,400,26,23,,,60,60,74.0,15 July 2024,
KIA,Picanto MY25,'GT-Line S' 1.2 77bhp 5-speed AMT,AMT5,Automatic,1197,Petrol,Internal Combustion Engine (ICE),78,57,0,,,,Euro 6 EA,False,WLTP,40.9,52.3,57.6,47.9,50.4,0,6.9,5.4,4.9,5.9,5.6,0,128,0,,,,,240,29,27,,,60,60,72.0,15 July 2024,
KIA,Picanto MY25,Shadow' 1.2 MPI 77bhp manual,MT,Manual,1197,Petrol,Internal Combustion Engine (ICE),78,57,0,,,,Euro 6 EA,False,WLTP,43.5,55.4,58.9,48.7,51.4,0,6.5,5.1,4.8,5.8,5.5,0,124,0,,,,,0,0,0,,,60,60,74.0,17 September 2024,
KIA,Picanto MY25,Shadow' 1.2 MPI 77bhp AMT,AMT,Automatic,1197,Petrol,Internal Combustion Engine (ICE),78,57,0,,,,Euro 6 EA,False,WLTP,40.9,53.3,57.6,47.9,50.4,0,6.9,5.3,4.9,5.9,5.6,0,127,0,,,,,0,0,0,,,60,60,72.0,17 September 2024,
KIA,Picanto MY25,2' 1.0 62bhp,MT5,Manual,998,Petrol,Internal Combustion Engine (ICE),63,46,,,,,Euro 6 EA,False,WLTP,43.5,57.6,62.7,49.6,54.3,,6.5,4.9,4.5,5.7,5.2,0,118,0,,,,,547,23,13,,,60,60,70.0,02 September 2025,
KIA,Picanto MY25,2' 1.0 62bhp,AMT5,Automatic,998,Petrol,Internal Combustion Engine (ICE),63,46,,,,,Euro 6 EA,False,WLTP,43.5,57.6,62.7,49.6,54.3,,6.5,4.9,4.5,5.7,5.2,0,121,0,,,,,313,29,20,,,60,60,70.0,02 September 2025,
KIA,Picanto MY25,GT-Line' 1.0 62bhp,MT5,Manual,998,Petrol,Internal Combustion Engine (ICE),63,46,,,,,Euro 6 EA,False,WLTP,44.1,56.4,60.1,49.6,52.3,,6.4,5,4.7,5.7,5.4,0,119,0,,,,,547,23,13,,,60,60,70.0,02 September 2025,
KIA,Picanto MY25,GT-Line' 1.0 62bhp,AMT5,Automatic,998,Petrol,Internal Combustion Engine (ICE),63,46,,,,,Euro 6 EA,False,WLTP,44.1,56.4,60.1,49.6,52.3,,6.4,5,4.7,5.7,5.4,0,121,0,,,,,313,29,20,,,60,60,70.0,02 September 2025,
KIA,Picanto MY25,3' 1.0 62bhp,MT5,Manual,998,Petrol,Internal Combustion Engine (ICE),63,46,,,,,Euro 6 EA,False,WLTP,44.1,56.4,60.1,49.6,52.3,,6.4,5,4.7,5.7,5.4,0,119,0,,,,,547,23,13,,,60,60,70.0,02 September 2025,
KIA,Picanto MY25,3' 1.0 62bhp,AMT5,Automatic,998,Petrol,Internal Combustion Engine (ICE),63,46,,,,,Euro 6 EA,False,WLTP,44.1,56.4,60.1,49.6,52.3,,6.4,5,4.7,5.7,5.4,0,121,0,,,,,313,29,20,,,60,60,70.0,02 September 2025,
KIA,Picanto MY25,Shadow' 1.2 77bhp,MT5,Manual,1197,Petrol,Internal Combustion Engine (ICE),77,58,,,,,Euro 6 EA,False,WLTP,42.8,54.3,58.9,47.8,51.4,,6.6,5.2,4.8,5.9,5.5,0,122,0,,,,,472,31,11,,,60,60,68.0,02 September 2025,
KIA,Picanto MY25,Shadow' 1.2 77bhp,AMT5,Automatic,1197,Petrol,Internal Combustion Engine (ICE),77,58,,,,,Euro 6 EA,False,WLTP,42.8,54.3,58.9,47.8,51.4,,6.6,5.2,4.8,5.9,5.5,0,136,0,,,,,239,28,21,,,60,60,68.0,02 September 2025,
KIA,Picanto MY25,GT-Line S' 1.2 77bhp,MT5,Manual,1197,Petrol,Internal Combustion Engine (ICE),77,58,,,,,Euro 6 EA,False,WLTP,42.8,54.3,58.9,47.8,51.4,,6.6,5.2,4.8,5.9,5.5,0,133,0,,,,,472,31,11,,,60,60,68.0,02 September 2025,
KIA,Picanto MY25,GT-Line S' 1.2 77bhp,AMT5,Automatic,1197,Petrol,Internal Combustion Engine (ICE),77,58,,,,,Euro 6 EA,False,WLTP,42.8,54.3,58.9,47.8,51.4,,6.6,5.2,4.8,5.9,5.5,0,134,0,,,,,239,28,21,,,60,60,68.0,02 September 2025,
KIA,Picanto MY26,'Pure' 1.0 GDI MT,MT5,Manual,998,Petrol,Internal Combustion Engine (ICE),68,50,,,,,Euro 6 EB,False,WLTP,43.5,57.6,61.4,47.9,52.3,0,6.5,4.9,4.6,5.9,5.4,0,122,,,,,,200,9,8,,0.32,60,60,66.0,22 September 2025,
KIA,Picanto MY26,'Pure' 1.0 GDI AMT,AMT5,Automatic,998,Petrol,Internal Combustion Engine (ICE),68,50,,,,,Euro 6 EB,False,WLTP,40.9,54.3,58.9,47,51.4,0,6.9,5.2,4.8,6,5.5,0,126,,,,,,136,6,9,,0.38,60,60,66.0,22 September 2025,
KIA,Picanto MY26,'GT-Line' 1.0 GDI MT,MT5,Manual,998,Petrol,Internal Combustion Engine (ICE),68,50,,,,,Euro 6 EB,False,WLTP,40.9,54.3,58.9,45.6,49.6,0,6.9,5.2,4.8,6.2,5.7,0,128,,,,,,200,9,8,,0.32,60,60,66.0,22 September 2025,
KIA,Picanto MY26,'GT-Line' 1.0 GDI AMT,AMT5,Automatic,998,Petrol,Internal Combustion Engine (ICE),68,50,,,,,Euro 6 EB,False,WLTP,39.8,51.4,56.4,45.6,48.7,0,7.1,5.5,5,6.2,5.8,0,131,,,,,,136,6,9,,0.38,60,60,66.0,22 September 2025,
KIA,Picanto MY26,'GT-Line S' 1.0 GDI MT,MT5,Manual,998,Petrol,Internal Combustion Engine (ICE),68,50,,,,,Euro 6 EB,False,WLTP,40.9,54.3,57.6,45.6,49.6,0,6.9,5.2,4.9,6.2,5.7,0,129,,,,,,200,9,8,,0.32,60,60,66.0,22 September 2025,
KIA,Picanto MY26,'GT-Line S' 1.0 GDI AMT,AMT5,Automatic,998,Petrol,Internal Combustion Engine (ICE),68,50,,,,,Euro 6 EB,False,WLTP,39.2,51.4,56.4,45.6,48.7,0,7.2,5.5,5,6.2,5.8,0,132,,,,,,136,6,9,,0.38,60,60,66.0,22 September 2025,
KIA,Sorento MY25,'2' 2.2 CRDi 8-speed DCT AWD,DCT8,Automatic,2151,Diesel,Internal Combustion Engine (ICE),194,142,0,,,,Euro 6d,False,WLTP,33.2,43.5,51.4,42.8,43.5,0,8.5,6.5,5.5,6.6,6.5,0,170,0,,,,,44,0,26,90,0.29,80,80,69.0,13 June 2024,
KIA,Sorento MY25,'3' 2.2 CRDi 8-speed DCT AWD,DCT8,Automatic,2151,Diesel,Internal Combustion Engine (ICE),194,142,0,,,,Euro 6d,False,WLTP,32.8,42.8,50.4,42.2,42.8,0,8.6,6.6,5.6,42.2,42.8,0,173,0,,,,,44,0,26,90,0.29,80,80,69.0,13 June 2024,
KIA,Sorento MY25,'4' 2.2 CRDi 8-speed DCT AWD,DCT8,Automatic,2151,Diesel,Internal Combustion Engine (ICE),194,142,0,,,,Euro 6d,False,WLTP,32.5,42.8,49.6,42.2,42.8,0,8.7,6.6,5.7,6.7,6.6,0,174,0,,,,,44,0,26,90,0.29,80,80,69.0,13 June 2024,
KIA,Sorento MY25,'2' HEV 1.6 T-GDi  6-speed auto AWD,AT6,Automatic,1598,Petrol Electric,Hybrid Electric Vehicle (HEV),160,118,0,,,,Euro 6 EA,False,WLTP,47.9,48.7,48.7,33.6,42.2,0,5.9,5.8,5.8,8.4,6.7,0,153,0,,,,,136,20,7,,0.25,60,60,68.0,13 June 2024,
KIA,Sorento MY25,'3' HEV 1.6 T-GDi  6-speed auto AWD,AT6,Automatic,1598,Petrol Electric,Hybrid Electric Vehicle (HEV),160,118,0,,,,Euro 6 EA,False,WLTP,44.8,47.1,47.1,32.8,40.4,0,6.3,6,6,8.6,7,0,158,0,,,,,136,20,7,,0.25,60,60,68.0,13 June 2024,
KIA,Sorento MY25,'4' HEV 1.6 T-GDi 6-speed auto AWD,AT6,Automatic,1598,Petrol Electric,Hybrid Electric Vehicle (HEV),160,118,0,,,,Euro 6 EA,False,WLTP,43.5,45.6,46.3,32.8,39.8,0,6.5,6.2,6.1,8.6,7.1,0,160,0,,,,,136,20,7,,0.25,60,60,68.0,13 June 2024,
KIA,Sorento MY25,2' PHEV 1.6 T-GDi  6-speed auto AWD,AT6,Automatic,1598,Electricity / Petrol,Plug-in Hybrid Electric Vehicle (PHEV),160,118,3.4,182,60,37,Euro 6 EA,False,WLTP,0,0,0,0,0,176.6,0,0,0,0,0,1.6,0,37,34,55,44,71,130,15,6,,0.21,60,60,67.0,13 June 2024,
KIA,Sorento MY25,3' PHEV 1.6 T-GDi  6-speed auto AWD,AT6,Automatic,1598,Electricity / Petrol,Plug-in Hybrid Electric Vehicle (PHEV),160,118,3.4,182,60,37,Euro 6 EA,False,WLTP,0,0,0,0,0,176.6,0,0,0,0,0,1.6,0,37,34,55,44,71,130,15,6,,0.21,60,60,67.0,13 June 2024,
KIA,Sorento MY25,4' PHEV 1.6 T-GDi 6-speed auto AWD,AT6,Automatic,1598,Electricity / Petrol,Plug-in Hybrid Electric Vehicle (PHEV),160,118,3.4,182,60,37,Euro 6 EA,False,WLTP,0,0,0,0,0,176.6,0,0,0,0,0,1.6,0,37,34,55,44,71,130,15,6,,0.21,60,60,67.0,13 June 2024,
KIA,Sportage MY25,2' 1.6 T-GDi 6-speed MT 48V 2WD,MT6,Manual,1598,Petrol Electric,Mild Hybrid Electric Vehicle (MHEV),160,118,0,,,,Euro 6 EA,False,WLTP,34,45.6,50.4,42.2,43.5,0,8.3,6.2,5.6,6.7,6.5,0,147,0,,,,,255,21,10,,0.20,60,60,68.0,17 June 2024,
KIA,Sportage MY25,'GT-Line' 1.6 T-GDi 6-speed MT 48V 2WD,MT6,Manual,1598,Petrol Electric,Mild Hybrid Electric Vehicle (MHEV),160,118,0,,,,Euro 6 EA,False,WLTP,33.6,44.8,49.6,41.5,42.8,0,8.4,6.3,5.7,6.8,6.6,0,149,0,,,,,255,21,10,,0.20,60,60,68.0,17 June 2024,
KIA,Sportage MY25,'GT-Line' 1.6 T-GDi 7-speed DCT 48V 2WD,DCT7,Automatic,1598,Petrol Electric,Mild Hybrid Electric Vehicle (MHEV),160,118,0,,,,Euro 6 EA,False,WLTP,37.2,47.9,51.4,42.2,44.8,0,7.6,5.9,5.5,6.7,6.3,0,142,0,,,,,417,30,20,,0.11,60,60,67.0,17 June 2024,
KIA,Sportage MY25,'3' 1.6 T-GDi  6-speed MT 48V 2WD,MT6,Manual,1598,Petrol Electric,Mild Hybrid Electric Vehicle (MHEV),160,118,0,,,,Euro 6 EA,False,WLTP,33.6,44.8,49.6,41.5,42.8,0,8.4,6.3,5.7,6.8,6.6,0,149,0,,,,,255,21,10,,0.20,60,60,68.0,17 June 2024,
KIA,Sportage MY25,'3' 1.6 T-GDi  7-speed DCT 48V 2WD,DCT7,Automatic,1598,Petrol Electric,Mild Hybrid Electric Vehicle (MHEV),160,118,0,,,,Euro 6 EA,False,WLTP,37.2,48.7,51.4,42.2,44.8,0,7.6,5.8,5.5,6.7,6.3,0,142,0,,,,,417,30,20,,0.11,60,60,67.0,17 June 2024,
KIA,Sportage MY25,'GT-Line S' 1.6 T-GDi 7-speed DCT 48V 2WD,DCT7,Automatic,1598,Petrol Electric,Mild Hybrid Electric Vehicle (MHEV),160,118,0,,,,Euro 6 EA,False,WLTP,36.7,47.9,51.4,41.5,44.8,0,7.7,5.9,5.5,6.8,6.3,0,144,0,,,,,417,30,20,,0.11,60,60,67.0,17 June 2024,
KIA,Sportage MY25,'GT-Line S' 1.6 T-GDi 7-speed DCT 48V AWD (Two-Tone),DCT7,Automatic,1598,Petrol Electric,Mild Hybrid Electric Vehicle (MHEV),160,118,0,,,,Euro 6 EA,False,WLTP,36.7,47.9,51.4,41.5,44.8,0,7.7,5.9,5.5,6.8,6.3,0,144,0,,,,,417,30,20,,0.11,60,60,67.0,17 June 2024,
KIA,Sportage MY25,'GT-Line' 1.6 T-GDi 1.49kWh 6-speed Auto (2WD),AT6,Automatic,1598,Petrol Electric,Hybrid Electric Vehicle (HEV),160,118,0,,,,Euro 6 EA,False,WLTP,54.3,70.6,57.6,38.2,49.6,0,5.2,4,4.9,7.4,5.7,0,128,0,,,,,127,12,16,,0.21,60,60,67.0,17 June 2024,
KIA,Sportage MY25,'3' 1.6 T-GDi 1.49kWh 6-speed Auto (2WD),AT6,Automatic,1598,Petrol Electric,Hybrid Electric Vehicle (HEV),160,118,0,,,,Euro 6 EA,False,WLTP,54.3,70.6,56.5,38.2,49.6,0,5.2,4,5,7.4,5.7,0,129,0,,,,,127,12,16,,0.21,60,60,67.0,17 June 2024,
KIA,Sportage MY25,'GT-Line S' 1.6 T-GDi 1.49kWh 6-speed Auto (2WD),AT6,Automatic,1598,Petrol Electric,Hybrid Electric Vehicle (HEV),160,118,0,,,,Euro 6 EA,False,WLTP,47.9,68.9,56.5,38.2,48.7,0,5.9,4.1,5,7.4,5.8,0,132,0,,,,,127,12,16,,0.21,60,60,67.0,17 June 2024,
KIA,Sportage MY25,GT-Line S' 1.6 T-GDi 1.49kWh 6-speed Auto (2WD) (Two-Tone),AT6,Automatic,1598,Petrol Electric,Hybrid Electric Vehicle (HEV),160,118,0,,,,Euro 6 EA,False,WLTP,47.9,68.9,56.5,38.2,48.7,0,5.9,4.1,5,7.4,5.8,0,132,0,,,,,127,12,16,,0.21,60,60,67.0,17 June 2024,
KIA,Sportage MY25,'GT-Line S' 1.6 T-GDi 1.49kWh 6-speed Auto (AWD),AT6,Automatic,1598,Petrol Electric,Hybrid Electric Vehicle (HEV),160,118,0,,,,Euro 6 EA,False,WLTP,38.2,52.3,53.3,37.2,44.1,0,7.4,5.4,5.3,7.6,6.4,0,146,0,,,,,123,14,13,,0.23,60,60,67.0,17 June 2024,
KIA,Sportage MY25,GT-Line S' 1.6 T-GDi 1.49kWh 6-speed Auto (AWD) (Two-Tone),AT6,Automatic,1598,Petrol Electric,Hybrid Electric Vehicle (HEV),160,118,0,,,,Euro 6 EA,False,WLTP,38.2,52.3,53.3,37.2,44.1,0,7.4,5.4,5.3,7.6,6.4,0,146,0,,,,,123,14,13,,0.23,60,60,67.0,17 June 2024,
KIA,Sportage MY25,'GT-Line' 1.6 T-GDi 13.8kWh 6-speed Auto (AWD),AT6,Automatic,1598,Electricity / Petrol,Plug-in Hybrid Electric Vehicle (PHEV),160,118,3.3,185,67,42,Euro 6 EA,False,WLTP,0,0,0,0,0,235.4,0,0,0,0,0,1.2,0,27,40,65,53,85,106,13,5,,0.42,60,60,67.0,17 June 2024,
KIA,Sportage MY25,'3' 1.6 T-GDi 13.8kWh 6-speed Auto (AWD),AT6,Automatic,1598,Electricity / Petrol,Plug-in Hybrid Electric Vehicle (PHEV),160,118,3.3,185,67,42,Euro 6 EA,False,WLTP,0,0,0,0,0,235.4,0,0,0,0,0,1.2,0,27,40,65,53,85,106,13,5,,0.42,60,60,67.0,17 June 2024,
KIA,Sportage MY25,'GT-Line S' 1.6 T-GDi 13.8kWh 6-speed Auto (AWD),AT6,Automatic,1598,Electricity / Petrol,Plug-in Hybrid Electric Vehicle (PHEV),160,118,3.3,188,66,41,Euro 6 EA,False,WLTP,0,0,0,0,0,235.4,0,0,0,0,0,1.2,0,28,40,64,52,83,106,13,5,,0.42,60,60,67.0,17 June 2024,
KIA,Sportage MY25,'GT-Line S' (Two-tone) 1.6 T-GDi 13.8kWh 6-speed Auto (AWD),AT6,Automatic,1598,Electricity / Petrol,Plug-in Hybrid Electric Vehicle (PHEV),160,118,3.3,188,66,41,Euro 6 EA,False,WLTP,0,0,0,0,0,235.4,0,0,0,0,0,1.2,0,28,40,64,52,83,106,13,5,,0.42,60,60,67.0,17 June 2024,
KIA,Sportage MY25,'Shadow' 1.6 T-GDi 212 bhp 6-speed auto HEV 2WD,AT,Automatic,1598,Petrol Electric,Hybrid Electric Vehicle (HEV),209,154,0,,,,Euro 6 EA,False,WLTP,53.3,70.6,56.5,38.2,49.6,0,5.3,4,5,7.4,5.7,0,129,0,,,,,0,0,0,,,60,60,76.0,17 September 2024,
KIA,Sportage MY26,'Shadow' 1.6 T-GDi 157bhp 48V 6-speed Manual,MT6,Manual,1598,Petrol Electric,Mild Hybrid Electric Vehicle (MHEV),160,118,0,,,,Euro 6 EA,False,WLTP,33.6,44.8,49.6,41.5,42.8,,8.4,6.3,5.7,6.8,6.6,,149,,,,,,255,20,9,,,60,60,68.0,24 February 2025,
KIA,Sportage MY26,'Shadow’ 1.6 T-GDi 157bhp 48V 7-speed DCT,DCT7,Automatic,1598,Petrol Electric,Mild Hybrid Electric Vehicle (MHEV),160,118,0,,,,Euro 6 EA,False,WLTP,37.2,48.7,51.4,42.2,44.8,,7.6,5.9,5.5,6.7,6.3,,142,,,,,,417,30,2,,,60,60,67.0,24 February 2025,
KIA,Sportage MY26,Pure' 1.6 MT 2WD,MT6,Manual,1598,Petrol,Internal Combustion Engine (ICE),149,,,,,,Euro 6 EB,False,WLTP,30.7,40.9,45.6,38.1,39.8,,9.2,6.9,6.2,7.4,7.1,,162,,,,,,369,15,10,,,60,60,66.0,23 July 2025,
KIA,Sportage MY26,GT-Line' 1.6 MT 2WD,MT6,Manual,1598,Petrol,Internal Combustion Engine (ICE),149,,,,,,Euro 6 EB,False,WLTP,30.7,40.9,45.6,38.1,40.3,,9.2,6.9,6.2,7.4,7.2,,163,,,,,,369,15,10,,,60,60,66.0,23 July 2025,
KIA,Sportage MY26,GT-Line' 1.6 DCT 2WD,DCT7,Automatic,1598,Petrol,Internal Combustion Engine (ICE),149,,,,,,Euro 6 EB,False,WLTP,30,42.2,47.9,38.1,40.4,,9.4,6.7,5.9,7.4,7,,160,,,,,,206,14,9,,,60,60,65.0,23 July 2025,
KIA,Sportage MY26,GT-Line S' 1.6 DCT 2WD,DCT7,Automatic,1598,Petrol,Internal Combustion Engine (ICE),149,,,,,,Euro 6 EB,False,WLTP,29.7,41.5,47.1,38.2,39.8,,9.5,6.8,6,7.4,7.1,,162,,,,,,207,14,9,,,60,60,65.0,23 July 2025,
KIA,Sportage MY26,GT-Line S' 1.6 DCT 2WD Two-Tone,DCT7,Automatic,1598,Petrol,Internal Combustion Engine (ICE),149,,,,,,Euro 6 EB,False,WLTP,29.7,41.5,47.1,38.2,39.8,,9.5,6.8,6,7.4,7.1,,162,,,,,,207,14,9,,,60,60,65.0,23 July 2025,
KIA,Sportage MY26,Pure' 1.6 6-speed AT 2WD,AT6,Automatic,1598,Petrol Electric,Hybrid Electric Vehicle (HEV),238,48,,,,,Euro 6 EB,False,WLTP,30.7,40.9,45.6,38.1,39.8,0,6.1,4.6,4.7,6.6,5.6,0,126,,,,,,345,20,30,,0.18,60,60,75.0,19 September 2025,
KIA,Sportage MY26,GT-Line' 1.6 6-speed AT 2WD,AT6,Automatic,1598,Petrol Electric,Hybrid Electric Vehicle (HEV),238,48,,,,,Euro 6 EB,False,WLTP,30.7,40.9,45.6,38.1,40.3,0,6.1,4.7,4.8,6.7,5.6,0,128,,,,,,345,20,30,,0.18,60,60,75.0,19 September 2025,
KIA,Sportage MY26,GT-Line S' 1.6 6-speed AT 2WD,AT6,Automatic,1598,Petrol Electric,Hybrid Electric Vehicle (HEV),238,48,,,,,Euro 6 EB,False,WLTP,29.7,41.5,47.1,38.2,39.8,0,6.2,4.8,5,6.8,5.8,0,130,,,,,,345,20,30,,0.18,60,60,75.0,19 September 2025,
KIA,Sportage MY26,GT-Line S' 1.6 6-speed AT 2WD two-tone,AT6,Automatic,1598,Petrol Electric,Hybrid Electric Vehicle (HEV),238,48,,,,,Euro 6 EB,False,WLTP,29.7,41.5,47.1,38.2,39.8,0,6.2,4.8,5,6.8,5.8,0,130,,,,,,345,20,30,,0.18,60,60,75.0,19 September 2025,
KIA,Sportage MY26,GT-Line S' 1.6 6-speed AT AWD,AT6,Automatic,1598,Petrol Electric,Hybrid Electric Vehicle (HEV),238,48,,,,,Euro 6 EB,False,WLTP,29.7,41.5,47.1,38.2,39.8,0,7.3,5.6,5.5,7.3,6.4,0,145,,,,,,123,14,13,,0.23,60,60,76.0,19 September 2025,
KIA,Sportage MY26,GT-Line S' 1.6 6-speed AT AWD two-tone,AT6,Automatic,1598,Petrol Electric,Hybrid Electric Vehicle (HEV),238,48,,,,,Euro 6 EB,False,WLTP,29.7,41.5,47.1,38.2,39.8,0,7.3,5.6,5.5,7.3,6.4,0,145,,,,,,123,14,13,,0.23,60,60,76.0,19 September 2025,
KIA,Stonic MY24 ,'2' 1.0 T-GDi 99bhp 6-speed manual,MT6,Manual,998,Petrol,Internal Combustion Engine (ICE),100,74,0,,,,Euro 6d,False,WLTP,40.9,53.3,60.1,48.7,51.4,0,6.9,5.3,4.7,5.8,5.5,0,125,0,,,,,320,22,18,,,60,60,69.0,08 September 2023,
KIA,Stonic MY24 ,'2' 1.0 T-GDi 99bhp 7-speed DCT,DCT7,Automatic,998,Petrol,Internal Combustion Engine (ICE),100,74,0,,,,Euro 6d,False,WLTP,40.4,53.3,60.1,48.7,51.4,0,7,5.3,4.7,5.8,5.5,0,125,0,,,,,145,24,27,,,60,60,70.0,08 September 2023,
KIA,Stonic MY24 ,'3' 1.0 T-GDi 118bhp 48V 6-speed manual,MT6,Manual,998,Petrol Electric,Mild Hybrid Electric Vehicle (MHEV),120,88,0,,,,Euro 6d,False,WLTP,40.4,54.3,61.4,46.4,50.4,0,7,5.2,4.6,6.1,5.6,0,127,0,,,,,79,16,25,,,60,60,69.0,08 September 2023,
KIA,Stonic MY24 ,'GT-Line' 1.0 T-GDi 99bhp 6-speed manual,MT6,Manual,998,Petrol,Internal Combustion Engine (ICE),100,74,0,,,,Euro 6d,False,WLTP,39.2,51.4,56.5,45.6,48.7,0,7.2,5.5,5,6.2,5.8,0,132,0,,,,,321,22,18,,,60,60,69.0,08 September 2023,
KIA,Stonic MY24 ,'GT-Line' 1.0 T-GDi 99bhp 7-speed DCT,DCT7,Automatic,998,Petrol,Internal Combustion Engine (ICE),100,74,0,,,,Euro 6d,False,WLTP,39.2,51.4,55.4,43.5,47.1,0,7.2,5.5,5.1,6.5,6,0,135,0,,,,,300,31,24,,,60,60,70.0,08 September 2023,
KIA,Stonic MY24 ,'GT-Line S' 1.0 T-GDi 118bhp 48V 6-speed manual,MT6,Manual,998,Petrol Electric,Mild Hybrid Electric Vehicle (MHEV),120,88,0,,,,Euro 6d,False,WLTP,40.4,54.3,61.4,46.3,50.4,0,7,5.2,4.7,6.1,5.6,0,127,0,,,,,79,16,25,,,60,60,69.0,08 September 2023,
KIA,Stonic MY24 ,'GT-Line S' 1.0 T-GDi 118bhp 48V 7-speed DCT,DCT7,Automatic,998,Petrol Electric,Mild Hybrid Electric Vehicle (MHEV),120,88,0,,,,Euro 6d,False,WLTP,40.9,53.3,58.9,45.6,49.6,0,6.9,5.3,4.8,6.2,5.7,0,129,0,,,,,89,24,18,,,60,60,70.0,08 September 2023,
KIA,Stonic MY24 ,Stonic '3' 1.0 T-GDi 118bhp DCT 48V,DCT7,Automatic,998,Petrol Electric,Mild Hybrid Electric Vehicle (MHEV),120,88,0,,,,Euro 6d,False,WLTP,40.9,53.3,58.9,45.6,49.6,0,6.9,5.3,4.8,6.2,5.7,0,129,0,,,,,89,24,18,,,60,60,70.0,20 October 2023,
KIA,Stonic MY25,'Shadow' 1.0 T-Gdi 98bhp MT 48V,MT,Manual,998,Petrol Electric,Mild Hybrid Electric Vehicle (MHEV),99,73,0,,,,Euro 6 EA,False,WLTP,40.9,53.3,58.9,46.3,50.4,0,6.9,5.3,4.8,6.1,5.6,0,128,0,,,,,232,24,12,,,60,60,75.0,02 October 2024,
KIA,Stonic MY25,'Shadow' 1.0 T-GDi 98bhp DCT 48V,DCT,Automatic,998,Petrol Electric,Mild Hybrid Electric Vehicle (MHEV),99,73,0,,,,Euro 6 EA,False,WLTP,40.9,53.3,58.9,45.6,49.6,0,6.9,5.3,4.8,6.2,5.7,0,129,0,,,,,80,23,18,,,60,60,74.0,02 October 2024,
KIA,Stonic MY25,'2' 1.0 T-GDi 98bhp MT,MT,Manual,998,Petrol,Internal Combustion Engine (ICE),99,73,0,,,,Euro 6 EA,False,WLTP,40.9,54.3,60.1,48.7,51.4,0,6.9,5.2,4.7,4.7,5.8,0,125,0,,,,,320,21,17,,,60,60,75.0,02 October 2024,
KIA,Stonic MY25,'2' 1.0 T-GDi 98bhp DCT,DCT,Automatic,998,Petrol,Internal Combustion Engine (ICE),99,73,0,,,,Euro 6 EA,False,WLTP,39.8,53.3,60.1,47.1,50.4,0,7.1,5.3,4.7,6,5.6,0,127,0,,,,,310,30,19,,,60,60,74.0,02 October 2024,
KIA,Stonic MY25,'GT-Line' 1.0 T-GDi 98bhp MT,MT,Manual,998,Petrol,Internal Combustion Engine (ICE),99,73,0,,,,Euro 6 EA,False,WLTP,39.2,51.4,56.6,45.6,48.7,0,7.2,5.5,5,6.2,5.8,0,132,0,,,,,320,21,17,,,60,60,75.0,02 October 2024,
KIA,Stonic MY25,'GT-Line' 1.0 T-GDi 98bhp DCT,DCT,Automatic,998,Petrol,Internal Combustion Engine (ICE),99,73,0,,,,Euro 6 EA,False,WLTP,39.2,51.4,55.4,43.5,47.1,0,7.2,5.5,5.1,6.5,6,0,135,0,,,,,300,31,24,,,60,60,74.0,02 October 2024,
KIA,Stonic MY25,'3' 1.0 T-GDi 98bhp MT 48V,MT,Manual,998,Petrol Electric,Mild Hybrid Electric Vehicle (MHEV),99,73,0,,,,Euro 6 EA,False,WLTP,40.9,53.3,58.9,46.3,50.4,0,6.9,5.3,4.8,6.1,5.6,0,128,0,,,,,232,24,22,,,60,60,75.0,02 October 2024,
KIA,Stonic MY25,'3' 1.0 T-GDi 98bhp DCT 48V,DCT,Automatic,998,Petrol Electric,Mild Hybrid Electric Vehicle (MHEV),99,73,0,,,,Euro 6 EA,False,WLTP,40.9,53.3,58.9,45.6,49.6,0,6.9,5.3,4.8,6.2,5.7,0,129,0,,,,,89,23,18,,,60,60,74.0,02 October 2024,
KIA,Stonic MY25,'GT-Line S' 1.0 T-GDi 98bhp MT 48V (Single-tone),MT,Manual,998,Petrol Electric,Mild Hybrid Electric Vehicle (MHEV),99,73,0,,,,Euro 6 EA,False,WLTP,40.9,53.3,58.9,46.3,49.6,0,6.9,5.3,4.8,6.1,5.7,0,128,0,,,,,232,24,22,,,60,60,75.0,02 October 2024,
KIA,Stonic MY25,'GT-Line S' 1.0 T-GDi 98bhp DCT 48V (Single-tone),DCT,Automatic,998,Petrol Electric,Mild Hybrid Electric Vehicle (MHEV),99,73,0,,,,Euro 6 EA,False,WLTP,40.9,53.3,58.9,45.6,49.6,0,6.9,5.3,4.8,6.2,5.7,0,129,0,,,,,89,23,18,,,60,60,74.0,02 October 2024,
KIA,Stonic Shadow,'Shadow' 1.0 T-Gdi 98bhp MT 48V,MT,Manual,998,Petrol Electric,Mild Hybrid Electric Vehicle (MHEV),100,74,0,,,,Euro 6 EA,False,WLTP,40.9,53.3,58.9,46.3,50.4,0,6.9,5.3,4.8,6.1,5.6,0,128,0,,,,,0,0,0,,,60,60,75.0,17 September 2024,
KIA,Stonic Shadow,'Shadow' 1.0 T-GDi 98bhp DCT 48V,DCT,Automatic,998,Petrol Electric,Mild Hybrid Electric Vehicle (MHEV),100,74,0,,,,Euro 6 EA,False,WLTP,40.9,53.3,58.9,45.6,49.6,0,6.9,5.3,4.8,6.2,5.7,0,129,0,,,,,0,0,0,,,60,60,74.0,17 September 2024,
KIA,XCeed MY24,2' 1.5 T-GDi 158bhp 6-speed manual ISG,MT6,Manual,1482,Petrol,Internal Combustion Engine (ICE),160,118,0,,,,Euro 6d,False,WLTP,39.8,48.7,53.3,44.1,47.1,0,7.1,5.8,5.3,6.4,6,0,137,0,,,,,569,43,28,,,60,60,66.0,08 September 2023,
KIA,XCeed MY24,3' 1.5 T-GDi 158bhp 6-speed manual ISG,MT6,Manual,1482,Petrol,Internal Combustion Engine (ICE),160,118,0,,,,Euro 6d,False,WLTP,39.2,47.1,51.4,42.2,44.8,0,7.2,6,5.5,6.7,6.3,0,141,0,,,,,569,43,28,,,60,60,66.0,08 September 2023,
KIA,XCeed MY24,3' 1.6 GDi 8.9kWh lithium-ion 139bhp DCT Plug-in Hybrid,DCT6,Automatic,1580,Electricity / Petrol,Plug-in Hybrid Electric Vehicle (PHEV),141,104,5,123,48,30,Euro 6d,False,WLTP,0,0,0,0,0,201.8,0,0,0,0,0,1.4,0,32,30,48,37,59,64,15,8,,,60,60,77.0,08 September 2023,
KIA,XCeed MY24,'GT-Line' 1.5 T-GDi 158bhp 6-speed manual ISG,MT6,Manual,1482,Petrol,Internal Combustion Engine (ICE),160,118,0,,,,Euro 6d,False,WLTP,39.2,47.1,51.4,42.2,44.8,0,7.2,6,5.5,6.7,6.3,0,141,0,,,,,569,43,28,,,60,60,66.0,08 September 2023,
KIA,XCeed MY24,GT-Line S' 1.5 T-GDi 158bhp 6-speed manual ISG,MT6,Manual,1482,Petrol,Internal Combustion Engine (ICE),160,118,0,,,,Euro 6d,False,WLTP,38.7,47.1,50.4,42.2,44.8,0,7.3,6,5.6,6.7,6.3,0,142,0,,,,,569,43,28,,,60,60,66.0,08 September 2023,
KIA,XCeed MY24,GT-Line S' 1.5 T-GDi 158bhp 7-speed DCT ISG,DCT7,Automatic,1482,Petrol,Internal Combustion Engine (ICE),160,118,0,,,,Euro 6d,False,WLTP,36.7,47.1,52.3,42.2,44.8,0,7.7,6,5.4,6.7,6.3,0,142,0,,,,,473,39,47,,,60,60,66.0,08 September 2023,
KIA,Xceed MY25,'2' 1.5 T-GDI 138bhp MT6,MT6,Manual,1482,Petrol,Internal Combustion Engine (ICE),139,102,0,,,,Euro 6 EA,False,WLTP,38.7,48.7,53.3,43.5,46.3,0,7.3,5.8,5.3,6.5,6.1,0,137,0,,,,,506,29,23,,0.13,60,60,66.0,13 June 2024,
KIA,Xceed MY25,'GT-Line' 1.5 T-GDI 138bhp MT6,MT6,Manual,1482,Petrol,Internal Combustion Engine (ICE),139,102,0,,,,Euro 6 EA,False,WLTP,38.2,47.9,52.3,40.9,44.8,0,7.4,5.9,5.4,6.9,6.3,0,142,0,,,,,506,29,23,,0.13,60,60,66.0,13 June 2024,
KIA,Xceed MY25,'GT-Line' 1.5 T-GDI 138bhp DCT7,DCT7,Automatic,1482,Petrol,Internal Combustion Engine (ICE),139,102,0,,,,Euro 6 EA,False,WLTP,34.4,47.9,53.3,42.8,44.8,0,8.2,5.9,5.3,6.6,6.3,0,142,0,,,,,301,22,35,,0.08,60,60,66.0,13 June 2024,
KIA,Xceed MY25,'3' 1.5 T-GDI 138bhp MT6,MT6,Manual,1482,Petrol,Internal Combustion Engine (ICE),139,102,0,,,,Euro 6 EA,False,WLTP,38.2,47.9,52.3,40.9,44.8,0,7.4,5.9,5.4,6.9,6.3,0,142,0,,,,,506,29,23,,0.13,60,60,66.0,13 June 2024,
KIA,Xceed MY25,'3' 1.5 T-GDI 138bhp DCT7,DCT7,Automatic,1482,Petrol,Internal Combustion Engine (ICE),139,102,0,,,,Euro 6 EA,False,WLTP,34.4,47.9,53.3,42.8,44.8,0,8.2,5.9,5.3,6.6,6.3,0,142,0,,,,,301,22,35,,0.08,60,60,66.0,13 June 2024,
KIA,Xceed MY25,'GT-Line S' 1.5 T-GDI 138bhp DCT7,DCT7,Automatic,1482,Petrol,Internal Combustion Engine (ICE),139,102,0,,,,Euro 6 EA,False,WLTP,34.4,47.1,56.3,42.2,44.8,0,8.2,6,5.3,6.7,6.3,0,144,0,,,,,301,22,35,,0.08,60,60,66.0,13 June 2024,
KIA,XCeed MY26,'Pure' 1.0 T-GDi 113 bhp MT6 MHEV,MT6,Manual,998,Petrol Electric,Mild Hybrid Electric Vehicle (MHEV),115,85,,,,,Euro 6 EB,False,WLTP,38.7,51.3,54.3,44.1,47,0,7.3,5.5,5.2,6.4,6,0,135,,,,,,477,29,24,,,60,60,66.0,27 August 2025,
KIA,XCeed MY26,'Pure' 1.0 T-GDi 113 bhp DCT7 MHEV,DCT7,Automatic,998,Petrol Electric,Mild Hybrid Electric Vehicle (MHEV),115,85,,,,,Euro 6 EB,False,WLTP,38.1,51.3,54.3,42.1,46.3,0,7.4,5.5,5.2,6.7,6.1,0,137,,,,,,406,18,18,,,60,60,66.0,27 August 2025,
KIA,XCeed MY26,'GT-Line' 1.0 T-GDi 113 bhp MT6 MHEV,MT6,Manual,998,Petrol Electric,Mild Hybrid Electric Vehicle (MHEV),115,85,,,,,Euro 6 EB,False,WLTP,38.1,50.4,54.3,43.4,47,0,7.4,5.6,5.2,6.5,6,0,137,,,,,,477,29,24,,,60,60,66.0,27 August 2025,
KIA,XCeed MY26,'GT-Line' 1.0 T-GDi 113 bhp DCT7 MHEV,DCT7,Automatic,998,Petrol Electric,Mild Hybrid Electric Vehicle (MHEV),115,85,,,,,Euro 6 EB,False,WLTP,38.1,50.4,54.3,41.5,46.3,0,7.4,5.6,5.2,6.8,6.1,0,139,,,,,,406,18,18,,,60,60,66.0,27 August 2025,
KIA,XCeed MY26,'GT-Line S' 1.0 T-GDi 113 bhp DCT7 MHEV,DCT7,Automatic,998,Petrol Electric,Mild Hybrid Electric Vehicle (MHEV),115,85,,,,,Euro 6 EB,False,WLTP,38.7,49.5,53.3,40.9,45.5,0,7.3,5.7,5.3,6.9,6.2,0,140,,,,,,406,18,18,,,60,60,66.0,27 August 2025,
KIA,XCeed MY26,'GT-Line S' 1.6 T-GDi 177 bhp DCT7,DCT7,Automatic,1598,Petrol,Internal Combustion Engine (ICE),180,132,,,,,Euro 6 EB,False,WLTP,32.1,44.1,49.5,40.9,42.1,0,8.8,6.4,5.7,6.9,6.7,0,152,,,,,,184,16,16,,,60,60,65.0,27 August 2025,
KIA,EV4,'Air' SR 58.3kWh 201bhp FWD 1-Speed Auto,AT1,Electric - Not Applicable,0,Electricity,Battery Electric Vehicle (BEV) / Pure Electric Vehicle / Electric Vehicle (EV),204,150,4.2,147,440,273,Euro 6-WLTP (for BEVs only),False,WLTP,0,0,0,0,0,0,0,0,0,0,0,0,0,0,0,,337,542,,,,,,,,64.0,23 September 2025,
KIA,EV4,'Air' 81.4kWh 201bhp FWD 1-Speed Auto,AT1,Electric - Not Applicable,0,Electricity,Battery Electric Vehicle (BEV) / Pure Electric Vehicle / Electric Vehicle (EV),204,150,4.3,146,625,388,Euro 6-WLTP (for BEVs only),False,WLTP,0,0,0,0,0,0,0,0,0,0,0,0,0,0,0,,496,799,,,,,,,,64.0,23 September 2025,
KIA,EV4,'GT-Line' 81.4kWh 201bhp FWD 1-Speed Auto,AT1,Electric - Not Applicable,0,Electricity,Battery Electric Vehicle (BEV) / Pure Electric Vehicle / Electric Vehicle (EV),204,150,3.9,158,584,363,Euro 6-WLTP (for BEVs only),False,WLTP,0,0,0,0,0,0,0,0,0,0,0,0,0,0,0,,467,752,,,,,,,,64.0,23 September 2025,
KIA,EV4,'GT-Line S' 81.4kWh 201bhp FWD 1-Speed Auto,AT1,Electric - Not Applicable,0,Electricity,Battery Electric Vehicle (BEV) / Pure Electric Vehicle / Electric Vehicle (EV),204,150,3.9,158,584,363,Euro 6-WLTP (for BEVs only),False,WLTP,0,0,0,0,0,0,0,0,0,0,0,0,0,0,0,,467,752,,,,,,,,64.0,23 September 2025,
KIA,EV4,'GT-Line S' 81.4kWh 201bhp FWD 1-Speed Auto (Heat Pump),AT1,Electric - Not Applicable,0,Electricity,Battery Electric Vehicle (BEV) / Pure Electric Vehicle / Electric Vehicle (EV),204,150,3.9,158,584,363,Euro 6-WLTP (for BEVs only),False,WLTP,0,0,0,0,0,0,0,0,0,0,0,0,0,0,0,,467,752,,,,,,,,64.0,23 September 2025,
KIA,EV4 Fastback ,'GT-Line' 81.4kWh 201bhp FWD 1-Speed Auto,AT1,Electric - Not Applicable,0,Electricity,Battery Electric Vehicle (BEV) / Pure Electric Vehicle / Electric Vehicle (EV),204,150,4.2,149,613,381,Euro 6-WLTP (for BEVs only),False,WLTP,0,0,0,0,0,0,0,0,0,0,0,0,0,0,0,,487,784,,,,,,,,64.0,23 September 2025,
KIA,EV4 Fastback ,'GT-Line S' 81.4kWh 201bhp FWD 1-Speed Auto,AT1,Electric - Not Applicable,0,Electricity,Battery Electric Vehicle (BEV) / Pure Electric Vehicle / Electric Vehicle (EV),204,150,4.2,149,612,380,Euro 6-WLTP (for BEVs only),False,WLTP,0,0,0,0,0,0,0,0,0,0,0,0,0,0,0,,487,784,,,,,,,,64.0,23 September 2025,
KIA,EV4 Fastback ,'GT-Line S' 81.4kWh 201bhp FWD 1-Speed Auto (Heat Pump),AT1,Electric - Not Applicable,0,Electricity,Battery Electric Vehicle (BEV) / Pure Electric Vehicle / Electric Vehicle (EV),204,150,4.2,149,612,380,Euro 6-WLTP (for BEVs only),False,WLTP,0,0,0,0,0,0,0,0,0,0,0,0,0,0,0,,487,784,,,,,,,,64.0,23 September 2025,
LEXUS,ES 300h MY23,"19"" (FWD) ES 300h F SPORT",E-CVT,Automatic,2487,Petrol Electric,Hybrid Electric Vehicle (HEV),218,160,0,,,,Euro 6d,False,WLTP,45.5,61.4,60.1,46.3,52.3,0,6.2,4.6,4.7,6.1,5.4,0,122,0,,,,,177,14,2,16,,60,60,68.0,19 September 2024,
LEXUS,ES 300h MY23,"19"" (FWD) ES 300h F SPORT Takumi Pack",E-CVT,Automatic,2487,Petrol Electric,Hybrid Electric Vehicle (HEV),218,160,0,,,,Euro 6d,False,WLTP,45.5,61.4,60.1,45.5,52.3,0,6.2,4.6,4.7,6.2,5.4,0,123,0,,,,,177,14,2,16,,60,60,68.0,18 October 2023,
LEXUS,ES 300h MY23,"18"" (FWD) ES 300h Takumi with Digital Door Mirrors",E-CVT,Automatic,2487,Petrol Electric,Hybrid Electric Vehicle (HEV),218,160,0,,,,Euro 6d,False,WLTP,46.3,61.4,61.4,47,53.2,0,6.1,4.6,4.6,6,5.3,0,120,0,,,,,177,14,2,16,,60,60,68.0,26 September 2023,
LEXUS,ES 300h MY23,"18"" (FWD) ES 300h Premium Edition",E-CVT,Automatic,2487,Petrol Electric,Hybrid Electric Vehicle (HEV),218,160,0,,,,Euro 6d,False,WLTP,47,61.4,60.1,46.3,53.2,0,6,4.6,4.7,6.1,5.3,0,120,0,,,,,177,14,2,16,,60,60,68.0,26 September 2023,
LEXUS,ES 300h MY23,"18"" (FWD) ES 300h Takumi",E-CVT,Automatic,2487,Petrol Electric,Hybrid Electric Vehicle (HEV),218,160,0,,,,Euro 6d,False,WLTP,46.3,61.4,60.1,46.3,53.2,0,6.1,4.6,4.7,6.1,5.3,0,121,0,,,,,177,14,2,16,,60,60,68.0,26 September 2023,
LEXUS,ES 300h MY23,"18"" (FWD) ES 300h Premium Pack",E-CVT,Automatic,2487,Petrol Electric,Hybrid Electric Vehicle (HEV),218,160,0,,,,Euro 6d,False,WLTP,46.3,61.4,60.1,46.3,53.2,0,6.1,4.6,4.7,6.1,5.3,0,121,0,,,,,177,14,2,16,,60,60,68.0,26 September 2023,
LEXUS,ES 300h MY25,ES Premium,E-CVT,Automatic,2487,Petrol Electric,Hybrid Electric Vehicle (HEV),218,160,0,,,,Euro 6d,False,WLTP,47,61.4,60.1,46.3,53.2,0,6,4.6,4.7,6.1,5.3,0,120,0,,,,,177,14,2,16,,60,60,68.0,19 September 2024,
LEXUS,ES 300h MY25,ES Premium Plus,E-CVT,Automatic,2487,Petrol Electric,Hybrid Electric Vehicle (HEV),218,160,0,,,,Euro 6d,False,WLTP,46.3,61.4,60.1,46.3,53.2,0,6.1,4.6,4.7,6.1,5.3,0,121,0,,,,,177,14,2,16,,60,60,68.0,19 September 2024,
LEXUS,ES 300h MY25,Takumi,E-CVT,Automatic,2487,Petrol Electric,Hybrid Electric Vehicle (HEV),218,160,0,,,,Euro 6d,False,WLTP,46.3,61.4,60.1,46.3,53.2,0,6.1,4.6,4.7,6.1,5.3,0,121,0,,,,,177,14,2,16,,60,60,68.0,19 September 2024,
LEXUS,LBX,Premium,CVT,Automatic,1490,Petrol Electric,Hybrid Electric Vehicle (HEV),136,100,0,,,,Euro 6 EA,False,WLTP,76.3,80.7,70.6,47.8,62.7,0,3.7,3.5,4,5.9,4.5,0,102,,,,,,104,12,9,21,,60,,66.0,01 March 2024,
LEXUS,LBX,Premium Plus,CVT,Automatic,1490,Petrol Electric,Hybrid Electric Vehicle (HEV),136,100,0,,,,Euro 6 EA,False,WLTP,74.3,80.7,70.6,47.8,61.4,0,3.8,3.5,4,5.9,4.6,0,103,,,,,,104,12,9,21,,60,,66.0,01 March 2024,
LEXUS,LBX,Takumi ,CVT,Automatic,1490,Petrol Electric,Hybrid Electric Vehicle (HEV),136,100,0,,,,Euro 6 EA,False,WLTP,74.3,78.4,70.6,47,61.4,0,3.8,3.6,4,6,4.6,0,104,,,,,,104,12,9,21,,60,,66.0,01 March 2024,
LEXUS,LBX,Takumi Design AWD ,CVT,Automatic,1490,Petrol Electric,Hybrid Electric Vehicle (HEV),136,100,0,,,,Euro 6 EA,False,WLTP,65.6,72.4,67.2,45.5,58.8,0,4.3,3.9,4.2,6.2,4.8,0,110,,,,,,105,10,9,19,,60,,66.0,01 March 2024,
LEXUS,LBX,Takumi Design ,CVT,Automatic,1490,Petrol Electric,Hybrid Electric Vehicle (HEV),136,100,0,,,,Euro 6 EA,False,WLTP,74.3,78.4,70.6,47,61.4,0,3.8,3.6,4,6,4.6,0,104,,,,,,104,12,9,21,,60,,66.0,01 March 2024,
LEXUS,LBX,Orginal Edition ,CVT,Automatic,1490,Petrol Electric,Hybrid Electric Vehicle (HEV),136,100,0,,,,Euro 6 EA,False,WLTP,74.3,78.4,70.6,47,61.4,0,3.8,3.6,4,6,4.6,0,104,,,,,,104,12,9,21,,60,,66.0,01 March 2024,
LEXUS,LBX,Premium Plus Design ,CVT,Automatic,1490,Petrol Electric,Hybrid Electric Vehicle (HEV),136,100,0,,,,Euro 6 EA,False,WLTP,74.3,80.7,70.6,47.8,61.4,0,3.8,3.5,4,5.9,4.6,0,103,,,,,,104,12,9,21,,60,,66.0,01 March 2024,
LEXUS,LBX,Takumi AWD,CVT,Automatic,1490,Petrol Electric,Hybrid Electric Vehicle (HEV),136,100,0,,,,Euro 6 EA,False,WLTP,65.6,72.4,67.2,45.5,58.8,0,4.3,3.9,4.2,6.2,4.8,0,110,,,,,,105,10,9,19,,60,,66.0,01 March 2024,
LEXUS,LBX,Urban,CVT,Automatic,1490,Petrol Electric,Hybrid Electric Vehicle (HEV),136,100,0,,,,Euro 6d,False,WLTP,76.3,80.7,70.6,47.8,62.7,0,3.7,3.5,4,5.9,4.5,0,102,,,,,,104,12,9,21,,60,,66.0,03 October 2024,
LEXUS,LBX MY26,LBX Premium (Black),CVT,Automatic,1490,Petrol Electric,Hybrid Electric Vehicle (HEV),136,100,,,,,Euro 6 EA,False,WLTP,76.3,80.7,70.6,47.8,62.7,0,3.7,3.5,4,5.9,4.5,0,102,0,,,,,104,12,9,,,60,60,66.0,23 July 2025,
LEXUS,LBX MY26,LBX Premium Plus,CVT,Automatic,1490,Petrol Electric,Hybrid Electric Vehicle (HEV),136,100,,,,,Euro 6 EA,False,WLTP,74.3,80.7,70.6,47.8,61.4,0,3.8,3.5,4,5.9,4.6,0,103,0,,,,,104,12,9,,,60,60,66.0,23 July 2025,
LEXUS,LBX MY26,LBX Premium Plus (Black),CVT,Automatic,1490,Petrol Electric,Hybrid Electric Vehicle (HEV),136,100,,,,,Euro 6 EA,False,WLTP,74.3,80.7,70.6,47.8,61.4,0,3.8,3.5,4,5.9,4.6,0,103,0,,,,,104,12,9,,,60,60,66.0,23 July 2025,
LEXUS,LBX MY26,LBX Premium Plus Design,CVT,Automatic,1490,Petrol Electric,Hybrid Electric Vehicle (HEV),136,100,,,,,Euro 6 EA,False,WLTP,74.3,80.7,70.6,47.8,61.4,0,3.8,3.5,4,5.9,4.6,0,103,0,,,,,104,12,9,,,60,60,66.0,23 July 2025,
LEXUS,LBX MY26,LBX Takumi,CVT,Automatic,1490,Petrol Electric,Hybrid Electric Vehicle (HEV),136,100,,,,,Euro 6 EA,False,WLTP,74.3,78.4,70.6,47,61.4,0,3.8,3.6,4,6,4.6,0,104,0,,,,,104,12,9,,,60,60,66.0,23 July 2025,
LEXUS,LBX MY26,LBX Takumi  (AWD),CVT,Automatic,1490,Petrol Electric,Hybrid Electric Vehicle (HEV),136,100,,,,,Euro 6 EA,False,WLTP,65.6,72.4,67.2,45.5,58.8,0,4.3,3.9,4.2,6.2,4.8,0,110,0,,,,,105,10,9,,,60,60,66.0,23 July 2025,
LEXUS,LBX MY26,LBX Takumi Design,CVT,Automatic,1490,Petrol Electric,Hybrid Electric Vehicle (HEV),136,100,,,,,Euro 6 EA,False,WLTP,74.3,78.4,70.6,47,61.4,0,3.8,3.6,4,6,4.6,0,104,0,,,,,104,12,9,,,60,60,66.0,23 July 2025,
LEXUS,LBX MY26,LBX Takumi Design (AWD),CVT,Automatic,1490,Petrol Electric,Hybrid Electric Vehicle (HEV),136,100,,,,,Euro 6 EA,False,WLTP,65.6,72.4,67.2,45.5,58.8,0,4.3,3.9,4.2,6.2,4.8,0,110,0,,,,,105,10,9,,,60,60,66.0,23 July 2025,
LEXUS,LBX MY26,LBX Urban,CVT,Automatic,1490,Petrol Electric,Hybrid Electric Vehicle (HEV),136,100,,,,,Euro 6 EA,False,WLTP,76.3,80.7,70.6,47.8,62.7,0,3.7,3.5,4,5.9,4.5,0,102,0,,,,,104,12,9,,,60,60,66.0,23 July 2025,
LEXUS,LBX MY26,LBX Premium,CVT,Automatic,1490,Petrol Electric,Hybrid Electric Vehicle (HEV),136,100,,,,,Euro 6 EA,False,WLTP,76.3,80.7,70.6,47.8,62.7,0,3.7,3.5,4,5.9,4.5,0,102,0,,,,,104,12,9,,,60,60,66.0,23 July 2025,
LEXUS,LBX MY26,LBX Vibrant Edition,CVT,Automatic,1490,Petrol Electric,Hybrid Electric Vehicle (HEV),136,100,,,,,Euro 6 EB,False,WLTP,74.3,78.4,70.6,47.8,61.4,0,3.8,3.6,4,5.9,4.6,0,103,0,,,,,104,12,9,,,60,60,66.0,16 September 2025,
LEXUS,LBX MY26,LBX Vibrant Edition Bi-Tone,CVT,Automatic,1490,Petrol Electric,Hybrid Electric Vehicle (HEV),136,100,,,,,Euro 6 EB,False,WLTP,74.3,78.4,70.6,47.8,61.4,0,3.8,3.6,4,5.9,4.6,0,103,0,,,,,104,12,9,,,60,60,66.0,16 September 2025,
LEXUS,LM (MY26),350 AWD 7 Seat,CVT,Automatic,2487,Petrol Electric,Hybrid Electric Vehicle (HEV),234,152,,,,,Euro 6 EB,False,WLTP,37.1,47,45.4,34.4,39.7,0,7.6,6,6.2,8.2,7.1,0,160,0,,,,,162,13,7,,,60,60,67.0,05 September 2025,
LEXUS,LM (MY26),350 AWD 4 Seat Takumi,CVT,Automatic,2487,Petrol Electric,Hybrid Electric Vehicle (HEV),234,152,,,,,Euro 6 EB,False,WLTP,37.1,47,45.5,34.4,39.7,0,7.6,6,6.2,8.2,7.1,0,160,0,,,,,162,13,7,,,60,60,67.0,05 September 2025,
LEXUS,LM 350h,LM 350h FWD 7 seat,E-CVT,Automatic,2487,Petrol Electric,Hybrid Electric Vehicle (HEV),250,184,0,,,,Euro 6d,False,WLTP,40.3,51.3,48.7,34.8,42.1,0,7,5.5,5.8,8.1,6.7,0,152,0,,,,,171,20,6,26,,,,66.0,19 September 2024,
LEXUS,LM 350h,LM 350h AWD 7 Seat,E-CVT,Automatic,2487,Petrol Electric,Hybrid Electric Vehicle (HEV),250,184,0,,,,Euro 6d,False,WLTP,37.1,46.3,44.8,33.6,39.2,0,7.6,6.1,6.3,8.4,7.2,0,163,0,,,,,137,15,5,20,,,,67.0,19 September 2024,
LEXUS,LM 350h,LM 350h AWD 4 Seat Takumi,E-CVT,Automatic,2487,Petrol Electric,Hybrid Electric Vehicle (HEV),250,184,0,,,,Euro 6d,False,WLTP,37.1,46.3,44.8,33.6,39.2,0,7.6,6.1,6.3,8.4,7.2,0,163,0,,,,,137,15,5,20,,,,67.0,19 September 2024,
LEXUS,LS 500h,"20"" (AWD) LS Premium Pack AWD",E-CVT,Automatic,3456,Petrol Electric,Hybrid Electric Vehicle (HEV),359,264,0,,,,Euro 6d,False,WLTP,21.8,28.8,34,31.3,29.7,0,12.9,9.8,8.3,9,9.5,0,214,0,,,,,263,26,7,33,,,,64.0,26 September 2023,
LEXUS,LS 500h,"20"" (AWD) Takumi L-Aniline",E-CVT,Automatic,3456,Petrol Electric,Hybrid Electric Vehicle (HEV),359,264,0,,,,Euro 6d,False,WLTP,21.8,28.5,34,31,29.7,0,12.9,9.9,8.3,9.1,9.5,0,215,0,,,,,263,26,7,33,,,,64.0,26 September 2023,
LEXUS,LS 500h,"20"" (AWD) Takumi Nishijin & Haku",E-CVT,Automatic,3456,Petrol Electric,Hybrid Electric Vehicle (HEV),359,264,0,,,,Euro 6d,False,WLTP,21.8,28.5,34,31,29.7,0,12.9,9.9,8.3,9.1,9.5,0,215,0,,,,,263,26,7,33,,,,64.0,26 September 2023,
LEXUS,LS 500h,"20"" (AWD) Takumi Pleat",E-CVT,Automatic,3456,Petrol Electric,Hybrid Electric Vehicle (HEV),359,264,0,,,,Euro 6d,False,WLTP,21.8,28.5,33.6,31,29.7,0,12.9,9.9,8.4,9.1,9.5,0,216,0,,,,,263,26,7,33,,,,64.0,26 September 2023,
LEXUS,LS 500h,"20"" (AWD) Takumi Semi-Aniline",E-CVT,Automatic,3456,Petrol Electric,Hybrid Electric Vehicle (HEV),359,264,0,,,,Euro 6d,False,WLTP,21.8,28.5,34,31,29.7,0,12.9,9.9,8.3,9.1,9.5,0,215,0,,,,,263,26,7,33,,,,64.0,26 September 2023,
LEXUS,LS 500h,"20"" (RWD) F SPORT",E-CVT,Automatic,3456,Petrol Electric,Hybrid Electric Vehicle (HEV),359,264,0,,,,Euro 6d,False,WLTP,26.6,35.3,39.2,34.8,34.8,0,10.6,8,7.2,8.1,8.1,0,184,0,,,,,252,22,8,30,,,,63.0,26 September 2023,
LEXUS,LS 500h,"20"" (RWD) LS",E-CVT,Automatic,3456,Petrol Electric,Hybrid Electric Vehicle (HEV),359,264,0,,,,Euro 6d,False,WLTP,26.9,35.7,39.2,35.7,35.3,0,10.5,7.9,7.2,7.9,8,0,182,0,,,,,252,22,8,30,,,,63.0,19 September 2024,
LEXUS,LS 500h,"20"" (RWD) LS Premium Pack",E-CVT,Automatic,3456,Petrol Electric,Hybrid Electric Vehicle (HEV),359,264,0,,,,Euro 6d,False,WLTP,26.4,35.3,38.6,35.3,34.8,0,10.7,8,7.3,8,8.1,0,184,0,,,,,252,22,8,30,,,,63.0,26 September 2023,
LEXUS,NX 350h,NX 350h 2WD,E-CVT,Automatic,2487,Petrol Electric,Hybrid Electric Vehicle (HEV),244,179,0,,,,Euro 6d,False,WLTP,47.8,60.1,57.6,40.9,49.5,0,5.9,4.7,4.9,6.9,5.7,0,129,0,,,,,125,11,2,13,,,,67.0,19 September 2024,
LEXUS,NX 350h,NX 350h Prem Pack 2WD,E-CVT,Automatic,2487,Petrol Electric,Hybrid Electric Vehicle (HEV),244,179,0,,,,Euro 6d,False,WLTP,47.8,60.1,57.6,40.9,49.5,0,5.9,4.7,4.9,6.9,5.7,0,129,0,,,,,125,11,2,13,,,,67.0,19 September 2024,
LEXUS,NX 350h,NX 350h Prem Pack [Pan] 2WD,E-CVT,Automatic,2487,Petrol Electric,Hybrid Electric Vehicle (HEV),244,179,0,,,,Euro 6d,False,WLTP,47,60.1,57.6,40.9,49.5,0,6,4.7,4.9,6.9,5.7,0,130,0,,,,,125,11,2,13,,,,67.0,19 September 2024,
LEXUS,NX 350h,NX 350h Prem Plus Pack 2WD,E-CVT,Automatic,2487,Petrol Electric,Hybrid Electric Vehicle (HEV),244,179,0,,,,Euro 6d,False,WLTP,47,55.8,56.4,40.3,48.7,0,6,4.8,5,7,5.8,0,132,0,,,,,125,11,2,13,,,,67.0,19 September 2024,
LEXUS,NX 350h,NX 350h Prem Plus Pack [Pan] 2WD,E-CVT,Automatic,2487,Petrol Electric,Hybrid Electric Vehicle (HEV),244,179,0,,,,Euro 6d,False,WLTP,46.3,57.6,56.4,39.7,47.8,0,6.1,4.9,5,7.1,5.9,0,133,0,,,,,125,11,2,13,,,,67.0,19 September 2024,
LEXUS,NX 350h,NX 350h Takumi Sun 2WD,E-CVT,Automatic,2487,Petrol Electric,Hybrid Electric Vehicle (HEV),244,179,0,,,,Euro 6d,False,WLTP,46.3,58.8,56.4,40.3,48.7,0,6.1,4.8,5,7,5.8,0,132,0,,,,,125,11,2,13,,,,67.0,19 September 2024,
LEXUS,NX 350h,NX 350h Takumi Pan 2WD,E-CVT,Automatic,2487,Petrol Electric,Hybrid Electric Vehicle (HEV),244,179,0,,,,Euro 6d,False,WLTP,46.3,57.6,56.4,40.3,47.8,0,6.1,4.9,5,7,5.9,0,133,0,,,,,125,11,2,13,,,,67.0,19 September 2024,
LEXUS,NX 350h,NX 350h AWD,E-CVT,Automatic,2487,Petrol Electric,Hybrid Electric Vehicle (HEV),244,179,0,,,,Euro 6d,False,WLTP,45.5,56.4,54.3,39.2,47,0,6.2,5,5.2,7.2,6,0,136,0,,,,,160,14,1,15,,,,67.0,19 September 2024,
LEXUS,NX 350h,NX 350h Prem Pack,E-CVT,Automatic,2487,Petrol Electric,Hybrid Electric Vehicle (HEV),244,179,0,,,,Euro 6d,False,WLTP,45.5,56.4,54.3,39.2,47,0,6.2,5,5.2,7.2,6,0,136,0,,,,,160,14,1,15,,,,67.0,19 September 2024,
LEXUS,NX 350h,"NX 350h Prem Pack  LL Pro (14"") with Elec Seats",E-CVT,Automatic,2487,Petrol Electric,Hybrid Electric Vehicle (HEV),244,179,0,,,,Euro 6d,False,WLTP,45.5,56.4,54.3,39.2,47,0,6.2,5,5.2,7.2,6,0,136,0,,,,,160,14,1,15,,,,67.0,19 September 2024,
LEXUS,NX 350h,NX 350h Prem Pack [Pan],E-CVT,Automatic,2487,Petrol Electric,Hybrid Electric Vehicle (HEV),244,179,0,,,,Euro 6d,False,WLTP,44.8,55.3,54.3,39.2,47,0,6.3,5.1,5.2,7.2,6,0,137,0,,,,,160,14,1,15,,,,67.0,19 September 2024,
LEXUS,NX 350h,"NX 350h Prem Pack [Pan] LL Pro (14"") with Elec Seats",E-CVT,Automatic,2487,Petrol Electric,Hybrid Electric Vehicle (HEV),244,179,0,,,,Euro 6d,False,WLTP,44.8,55.3,54.3,39.2,46.3,0,6.3,5.1,5.2,7.2,6.1,0,137,0,,,,,160,14,1,15,,,,67.0,19 September 2024,
LEXUS,NX 350h,NX 350h Prem Plus Pack,E-CVT,Automatic,2487,Petrol Electric,Hybrid Electric Vehicle (HEV),244,179,0,,,,Euro 6d,False,WLTP,44.1,52.3,51.3,37.6,44.8,0,6.4,5.4,5.5,7.5,6.3,0,144,0,,,,,160,14,1,15,,,,67.0,19 September 2024,
LEXUS,NX 350h,NX 350h Prem Plus Pack [Pan],E-CVT,Automatic,2487,Petrol Electric,Hybrid Electric Vehicle (HEV),244,179,0,,,,Euro 6d,False,WLTP,43.4,51.3,50.4,37.1,44.1,0,6.5,5.5,5.6,7.6,6.4,0,145,0,,,,,160,14,1,15,,,,67.0,19 September 2024,
LEXUS,NX 350h,NX 350h F Sport Prem Plus Pack,E-CVT,Automatic,2487,Petrol Electric,Hybrid Electric Vehicle (HEV),244,179,0,,,,Euro 6d,False,WLTP,44.1,52.3,51.3,37.6,44.8,0,6.4,5.4,5.5,7.5,6.3,0,143,0,,,,,160,14,1,15,,,,67.0,19 September 2024,
LEXUS,NX 350h,NX 350h F Sport Prem Plus Pack [Pan},E-CVT,Automatic,2487,Petrol Electric,Hybrid Electric Vehicle (HEV),244,179,0,,,,Euro 6d,False,WLTP,43.4,51.3,51.3,37.6,44.1,0,6.5,5.5,5.5,7.5,6.4,0,144,0,,,,,160,14,1,15,,,,67.0,19 September 2024,
LEXUS,NX 350h,NX 350h F Sport Takumi Pack [Pan],E-CVT,Automatic,2487,Petrol Electric,Hybrid Electric Vehicle (HEV),244,179,0,,,,Euro 6d,False,WLTP,43.4,51.3,50.4,37.6,44.1,0,6.5,5.5,5.6,7.5,6.4,0,144,0,,,,,160,14,1,15,,,,67.0,19 September 2024,
LEXUS,NX 350h,NX 350h F Sport Takumi Pack [Sun},E-CVT,Automatic,2487,Petrol Electric,Hybrid Electric Vehicle (HEV),244,179,0,,,,Euro 6d,False,WLTP,43.4,52.3,51.3,37.6,44.8,0,6.5,5.4,5.5,7.5,6.3,0,144,0,,,,,160,14,1,15,,,,67.0,19 September 2024,
LEXUS,NX 350h,NX 350h Takumi Pan,E-CVT,Automatic,2487,Petrol Electric,Hybrid Electric Vehicle (HEV),244,179,0,,,,Euro 6d,False,WLTP,43.4,51.3,50.4,37.1,44.1,0,6.5,5.5,5.6,7.6,6.4,0,145,0,,,,,160,14,1,15,,,,67.0,19 September 2024,
LEXUS,NX 350h,NX 350h Takumi Sun,E-CVT,Automatic,2487,Petrol Electric,Hybrid Electric Vehicle (HEV),244,179,0,,,,Euro 6d,False,WLTP,43.4,51.3,51.3,37.6,44.1,0,6.5,5.5,5.5,7.5,6.4,0,144,0,,,,,160,14,1,15,,,,67.0,19 September 2024,
LEXUS,NX 350h MY25,NX350h FWD Urban,E-CVT,Automatic,2487,Petrol Electric,Hybrid Electric Vehicle (HEV),244,179,0,,,,Euro 6d,False,WLTP,47.8,60.1,57.6,40.9,49.5,0,5.9,4.7,4.9,6.9,5.7,0,129,0,,,,,160,14,1,15,,,,67.0,19 September 2024,
LEXUS,NX 350h MY25,NX350h FWD Premium,E-CVT,Automatic,2487,Petrol Electric,Hybrid Electric Vehicle (HEV),244,179,0,,,,Euro 6d,False,WLTP,47.8,60.1,57.6,40.9,49.5,0,5.9,4.7,4.9,6.9,5.7,0,129,0,,,,,160,14,1,15,,,,67.0,19 September 2024,
LEXUS,NX 350h MY25,NX350h FWD Premium Navi,E-CVT,Automatic,2487,Petrol Electric,Hybrid Electric Vehicle (HEV),244,179,0,,,,Euro 6d,False,WLTP,47,60.1,57.6,40.9,49.5,0,6,4.7,4.9,6.9,5.7,0,129,0,,,,,160,14,1,15,,,,67.0,19 September 2024,
LEXUS,NX 350h MY25,NX350h FWD Premium Pan,E-CVT,Automatic,2487,Petrol Electric,Hybrid Electric Vehicle (HEV),244,179,0,,,,Euro 6d,False,WLTP,47,60.1,57.6,40.9,49.5,0,6,4.7,4.9,6.9,5.7,0,130,0,,,,,160,14,1,15,,,,67.0,19 September 2024,
LEXUS,NX 350h MY25,NX350h FWD Premium Navi & Pan,E-CVT,Automatic,2487,Petrol Electric,Hybrid Electric Vehicle (HEV),244,179,0,,,,Euro 6d,False,WLTP,47,60.1,57.6,40.9,49.5,0,6,4.7,4.9,6.9,5.7,0,130,0,,,,,160,14,1,15,,,,67.0,19 September 2024,
LEXUS,NX 350h MY25,NX350h FWD Premium Plus,E-CVT,Automatic,2487,Petrol Electric,Hybrid Electric Vehicle (HEV),244,179,0,,,,Euro 6d,False,WLTP,47,58.8,56.4,40.3,48.7,0,6,4.8,5,7,5.8,0,132,0,,,,,160,14,1,15,,,,67.0,19 September 2024,
LEXUS,NX 350h MY25,NX350h FWD Premium Plus Pan,E-CVT,Automatic,2487,Petrol Electric,Hybrid Electric Vehicle (HEV),244,179,0,,,,Euro 6d,False,WLTP,46.3,57.6,56.4,39.7,47.8,0,6.1,4.9,5,7.1,5.9,0,133,0,,,,,160,14,1,15,,,,67.0,19 September 2024,
LEXUS,NX 350h MY25,NX350h FWD Takumi,E-CVT,Automatic,2487,Petrol Electric,Hybrid Electric Vehicle (HEV),244,179,0,,,,Euro 6d,False,WLTP,46.3,57.6,56.4,40.3,47.8,0,6.1,4.9,5,7,5.9,0,133,0,,,,,160,14,1,15,,,,67.0,19 September 2024,
LEXUS,NX 350h MY25,NX350h AWD Urban,E-CVT,Automatic,2487,Petrol Electric,Hybrid Electric Vehicle (HEV),244,179,0,,,,Euro 6d,False,WLTP,45.5,56.4,54.3,39.2,47,0,6.2,5,5.2,7.2,6,0,135,0,,,,,160,14,1,15,,,,67.0,19 September 2024,
LEXUS,NX 350h MY25,NX350h AWD Premium,E-CVT,Automatic,2487,Petrol Electric,Hybrid Electric Vehicle (HEV),244,179,0,,,,Euro 6d,False,WLTP,45.5,56.4,54.3,39.2,47,0,6.2,5,5.2,7.2,6,0,136,0,,,,,160,14,1,15,,,,67.0,19 September 2024,
LEXUS,NX 350h MY25,NX350h AWD Premium Navi,E-CVT,Automatic,2487,Petrol Electric,Hybrid Electric Vehicle (HEV),244,179,0,,,,Euro 6d,False,WLTP,45.5,56.4,54.3,39.2,47,0,6.2,5,5.2,7.2,6,0,136,0,,,,,160,14,1,15,,,,67.0,19 September 2024,
LEXUS,NX 350h MY25,NX350h AWD Premium Pan,E-CVT,Automatic,2487,Petrol Electric,Hybrid Electric Vehicle (HEV),244,179,0,,,,Euro 6d,False,WLTP,44.8,55.3,54.3,39.2,47,0,6.3,5.1,5.2,7.2,6,0,137,0,,,,,160,14,1,15,,,,67.0,19 September 2024,
LEXUS,NX 350h MY25,NX350h AWD Premium Navi & Pan,E-CVT,Automatic,2487,Petrol Electric,Hybrid Electric Vehicle (HEV),244,179,0,,,,Euro 6d,False,WLTP,44.8,55.3,54.3,39.2,46.3,0,6.3,5.1,5.2,7.2,6.1,0,137,0,,,,,160,14,1,15,,,,67.0,19 September 2024,
LEXUS,NX 350h MY25,NX350h AWD Premium Plus,E-CVT,Automatic,2487,Petrol Electric,Hybrid Electric Vehicle (HEV),244,179,0,,,,Euro 6d,False,WLTP,44.1,52.3,51.3,37.6,44.8,0,6.4,5.4,5.5,7.5,6.3,0,143,0,,,,,160,14,1,15,,,,67.0,19 September 2024,
LEXUS,NX 350h MY25,NX350h AWD Premium Plus Pan,E-CVT,Automatic,2487,Petrol Electric,Hybrid Electric Vehicle (HEV),244,179,0,,,,Euro 6d,False,WLTP,43.4,51.3,50.4,37.1,44.1,0,6.5,5.5,5.6,7.6,6.4,0,145,0,,,,,160,14,1,15,,,,67.0,19 September 2024,
LEXUS,NX 350h MY25,NX350h AWD F Sport,E-CVT,Automatic,2487,Petrol Electric,Hybrid Electric Vehicle (HEV),244,179,0,,,,Euro 6d,False,WLTP,44.1,52.3,51.3,37.6,44.8,0,6.4,5.4,5.5,7.5,6.3,0,143,0,,,,,160,14,1,15,,,,67.0,19 September 2024,
LEXUS,NX 350h MY25,NX350h AWD F Sport Pan,E-CVT,Automatic,2487,Petrol Electric,Hybrid Electric Vehicle (HEV),244,179,0,,,,Euro 6d,False,WLTP,43.4,51.3,51.3,37.6,44.1,0,6.5,5.5,5.5,7.5,6.4,0,144,0,,,,,160,14,1,15,,,,67.0,19 September 2024,
LEXUS,NX 350h MY25,NX350h AWD F Sport Takumi,E-CVT,Automatic,2487,Petrol Electric,Hybrid Electric Vehicle (HEV),244,179,0,,,,Euro 6d,False,WLTP,43.4,51.3,51.3,37.6,44.1,0,6.5,5.5,5.5,7.5,6.4,0,144,0,,,,,160,14,1,15,,,,67.0,19 September 2024,
LEXUS,NX 350h MY25,NX350h AWD Takumi,E-CVT,Automatic,2487,Petrol Electric,Hybrid Electric Vehicle (HEV),244,179,0,,,,Euro 6d,False,WLTP,43.4,51.3,50.4,37.1,44.1,0,6.5,5.5,5.6,7.6,6.4,0,145,0,,,,,160,14,1,15,,,,67.0,19 September 2024,
LEXUS,NX 450h+,"18"" (AWD) NX 450h+ Prem Pack",E-CVT,Automatic,2487,Electricity / Petrol,Plug-in Hybrid Electric Vehicle (PHEV),309,227,3.7,165,,0,Euro 6d,False,WLTP,0,0,0,0,0,313.8,0,0,0,0,0,0.9,143,21,46,74,0,,127,13,6,19,,,,67.0,19 September 2024,
LEXUS,NX 450h+,"18"" (AWD) NX 450h+ Prem Pack [Sun]",E-CVT,Automatic,2487,Electricity / Petrol,Plug-in Hybrid Electric Vehicle (PHEV),309,227,3.7,165,,0,Euro 6d,False,WLTP,0,0,0,0,0,282.4,0,0,0,0,0,1,144,22,45,73,0,,127,13,6,19,,,,67.0,19 September 2024,
LEXUS,NX 450h+,"18"" (AWD) NX 450h+ Prem Pack [Sun] LL Pro (14"")",E-CVT,Automatic,2487,Electricity / Petrol,Plug-in Hybrid Electric Vehicle (PHEV),309,227,3.7,166,,0,Euro 6d,False,WLTP,0,0,0,0,0,282.4,0,0,0,0,0,1,144,22,45,73,0,,127,13,6,19,,,,67.0,19 September 2024,
LEXUS,NX 450h+,"18"" (AWD) NX 450h+ Prem Pack LL Pro (14"")",E-CVT,Automatic,2487,Electricity / Petrol,Plug-in Hybrid Electric Vehicle (PHEV),309,227,3.7,165,,0,Euro 6d,False,WLTP,0,0,0,0,0,282.4,0,0,0,0,0,1,143,22,45,73,0,,127,13,6,19,,,,67.0,19 September 2024,
LEXUS,NX 450h+,"20"" (AWD) NX 450h+ F Sport Prem Plus Pack",E-CVT,Automatic,2487,Electricity / Petrol,Plug-in Hybrid Electric Vehicle (PHEV),309,227,3.5,173,,0,Euro 6d,False,WLTP,0,0,0,0,0,256.8,0,0,0,0,0,1.1,152,25,42,68,0,,127,13,6,19,,,,67.0,26 September 2023,
LEXUS,NX 450h+,"20"" (AWD) NX 450h+ F Sport Prem Plus Pack [Sun}",E-CVT,Automatic,2487,Electricity / Petrol,Plug-in Hybrid Electric Vehicle (PHEV),309,227,3.5,174,,0,Euro 6d,False,WLTP,0,0,0,0,0,256.8,0,0,0,0,0,1.1,153,25,42,68,0,,127,13,6,19,,,,67.0,26 September 2023,
LEXUS,NX 450h+,"20"" (AWD) NX 450h+ F Sport Takumi Pack [Sun]",E-CVT,Automatic,2487,Electricity / Petrol,Plug-in Hybrid Electric Vehicle (PHEV),309,227,3.5,174,,0,Euro 6d,False,WLTP,0,0,0,0,0,256.8,0,0,0,0,0,1.1,153,25,42,68,0,,127,13,6,19,,,,67.0,26 September 2023,
LEXUS,NX 450h+,"20"" (AWD) NX 450h+ Prem Plus  Pack [Sun]",E-CVT,Automatic,2487,Electricity / Petrol,Plug-in Hybrid Electric Vehicle (PHEV),309,227,3.5,174,,0,Euro 6d,False,WLTP,0,0,0,0,0,256.8,0,0,0,0,0,1.1,153,25,42,67,0,,127,13,6,19,,,,67.0,26 September 2023,
LEXUS,NX 450h+,"20"" (AWD) NX 450h+ Prem Plus Pack",E-CVT,Automatic,2487,Electricity / Petrol,Plug-in Hybrid Electric Vehicle (PHEV),309,227,3.5,175,,0,Euro 6d,False,WLTP,0,0,0,0,0,256.8,0,0,0,0,0,1.1,153,25,42,67,0,,127,13,6,19,,,,67.0,26 September 2023,
LEXUS,NX 450h+,"20"" (AWD) NX 450h+ Takumi [Sun]",E-CVT,Automatic,2487,Electricity / Petrol,Plug-in Hybrid Electric Vehicle (PHEV),309,227,3.5,175,,0,Euro 6d,False,WLTP,0,0,0,0,0,256.8,0,0,0,0,0,1.1,153,25,42,67,0,,127,13,6,19,,,,67.0,26 September 2023,
LEXUS,NX 450h+ MY25,NX450h+ Premium,E-CVT,Automatic,2487,Electricity / Petrol,Plug-in Hybrid Electric Vehicle (PHEV),309,227,3.7,165,,0,Euro 6d,False,WLTP,0,0,0,0,0,282.4,0,0,0,0,0,1,0,26,46,74,0,,127,13,6,19,,,,67.0,25 September 2024,
LEXUS,NX 450h+ MY25,NX450h+ Premium Navi,E-CVT,Automatic,2487,Electricity / Petrol,Plug-in Hybrid Electric Vehicle (PHEV),309,227,3.7,165,,0,Euro 6d,False,WLTP,0,0,0,0,0,282.4,0,0,0,0,0,1,0,26,46,74,0,,127,13,6,19,,,,67.0,25 September 2024,
LEXUS,NX 450h+ MY25,NX450h+ Premium Pan,E-CVT,Automatic,2487,Electricity / Petrol,Plug-in Hybrid Electric Vehicle (PHEV),309,227,3.7,166,,0,Euro 6d,False,WLTP,0,0,0,0,0,282.4,0,0,0,0,0,1,0,26,46,74,0,,127,13,6,19,,,,67.0,25 September 2024,
LEXUS,NX 450h+ MY25,NX450h+ Premium Navi & Pan,E-CVT,Automatic,2487,Electricity / Petrol,Plug-in Hybrid Electric Vehicle (PHEV),309,227,3.7,165,,0,Euro 6d,False,WLTP,0,0,0,0,0,282.4,0,0,0,0,0,1,0,26,45,73,0,,127,13,6,19,,,,67.0,25 September 2024,
LEXUS,NX 450h+ MY25,NX450h+ Premium Plus,E-CVT,Automatic,2487,Electricity / Petrol,Plug-in Hybrid Electric Vehicle (PHEV),309,227,3.5,173,,0,Euro 6d,False,WLTP,0,0,0,0,0,256.8,0,0,0,0,0,1.1,0,26,43,69,0,,127,13,6,19,,,,67.0,25 September 2024,
LEXUS,NX 450h+ MY25,NX450h+ Premium Plus Pan,E-CVT,Automatic,2487,Electricity / Petrol,Plug-in Hybrid Electric Vehicle (PHEV),309,227,3.5,174,,0,Euro 6d,False,WLTP,0,0,0,0,0,256.8,0,0,0,0,0,1.1,0,26,42,68,0,,127,13,6,19,,,,67.0,25 September 2024,
LEXUS,NX 450h+ MY25,NX450h+ F Sport,E-CVT,Automatic,2487,Electricity / Petrol,Plug-in Hybrid Electric Vehicle (PHEV),309,227,3.5,174,,0,Euro 6d,False,WLTP,0,0,0,0,0,256.8,0,0,0,0,0,1.1,0,26,43,70,0,,127,13,6,19,,,,67.0,25 September 2024,
LEXUS,NX 450h+ MY25,NX450h+ F Sport Pan,E-CVT,Automatic,2487,Electricity / Petrol,Plug-in Hybrid Electric Vehicle (PHEV),309,227,3.5,174,,0,Euro 6d,False,WLTP,0,0,0,0,0,256.8,0,0,0,0,0,1.1,0,26,43,69,0,,127,13,6,19,,,,67.0,25 September 2024,
LEXUS,NX 450h+ MY25,NX450h+ F Sport Takumi,E-CVT,Automatic,2487,Electricity / Petrol,Plug-in Hybrid Electric Vehicle (PHEV),309,227,3.5,175,,0,Euro 6d,False,WLTP,0,0,0,0,0,256.8,0,0,0,0,0,1.1,0,26,43,69,0,,127,13,6,19,,,,67.0,25 September 2024,
LEXUS,NX 450h+ MY25,NX450h+ Takumi,E-CVT,Automatic,2487,Electricity / Petrol,Plug-in Hybrid Electric Vehicle (PHEV),309,227,3.5,175,,0,Euro 6d,False,WLTP,0,0,0,0,0,256.8,0,0,0,0,0,1.1,0,26,42,68,0,,127,13,6,19,,,,67.0,25 September 2024,
LEXUS,RX MY26,RX 350h Premium,CVT,Automatic,2487,Petrol Electric,Hybrid Electric Vehicle (HEV),207,152,,,,,Euro 6 EB,False,WLTP,41.5,54.3,50.4,37.6,44.1,0,6.8,5.2,5.6,7.5,6.4,0,144,0,,,,,146,17,5,,,60,60,66.0,16 September 2025,
LEXUS,RX MY26,RX 350h Premium with Sunroof,CVT,Automatic,2487,Petrol Electric,Hybrid Electric Vehicle (HEV),207,152,,,,,Euro 6 EB,False,WLTP,41.5,54.3,50.4,37.6,44.1,0,6.8,5.2,5.6,7.5,6.4,0,145,0,,,,,146,17,5,,,60,60,66.0,16 September 2025,
LEXUS,RX MY26,RX 350h Premium Plus,CVT,Automatic,2487,Petrol Electric,Hybrid Electric Vehicle (HEV),207,152,,,,,Euro 6 EB,False,WLTP,41.5,54.3,50.4,37.6,44.1,0,6.8,5.2,5.6,7.5,6.4,0,144,0,,,,,146,17,5,,,60,60,66.0,16 September 2025,
LEXUS,RX MY26,RX 350h Premium Plus with Pan Roof,CVT,Automatic,2487,Petrol Electric,Hybrid Electric Vehicle (HEV),207,152,,,,,Euro 6 EB,False,WLTP,40.9,53.2,50.4,37.6,44.1,0,6.9,5.3,5.6,7.5,6.4,0,145,0,,,,,146,17,5,,,60,60,66.0,16 September 2025,
LEXUS,RX MY26,RX 350h F SPORT Design,CVT,Automatic,2487,Petrol Electric,Hybrid Electric Vehicle (HEV),207,152,,,,,Euro 6 EB,False,WLTP,41.5,54.3,50.4,37.6,44.1,0,6.8,5.2,5.6,7.5,6.4,0,144,0,,,,,146,17,5,,,60,60,66.0,16 September 2025,
LEXUS,RX MY26,RX 350h F SPORT Design with Pan Roof,CVT,Automatic,2487,Petrol Electric,Hybrid Electric Vehicle (HEV),207,152,,,,,Euro 6 EB,False,WLTP,40.9,53.2,50.4,37.6,44.1,0,6.9,5.3,5.6,7.5,6.4,0,145,0,,,,,146,17,5,,,60,60,66.0,16 September 2025,
LEXUS,RX MY26,RX 350h Takumi,CVT,Automatic,2487,Petrol Electric,Hybrid Electric Vehicle (HEV),207,152,,,,,Euro 6 EB,False,WLTP,40.9,53.2,49.5,37.6,44.1,0,6.9,5.3,5.7,7.5,6.4,0,146,0,,,,,146,17,5,,,60,60,66.0,16 September 2025,
LEXUS,RX MY26,RX 500h F SPORT,Automatic,Automatic,2393,Petrol Electric,Hybrid Electric Vehicle (HEV),371,273,,,,,Euro 6 EB,False,WLTP,32.1,37.1,40.9,31.7,35.3,0,8.8,7.6,6.9,8.9,8,0,182,0,,,,,353,21,16,,,60,60,66.0,16 September 2025,
LEXUS,RX MY26,RX 500h F SPORT with Takumi,Automatic,Automatic,2393,Petrol Electric,Hybrid Electric Vehicle (HEV),371,273,,,,,Euro 6 EB,False,WLTP,31.7,36.6,40.3,31.3,34.8,0,8.9,7.7,7,9,8.1,0,184,0,,,,,353,21,16,,,60,60,66.0,16 September 2025,
LEXUS,RX MY26,RX 450h+ Premium,CVT,Automatic,2487,Electricity / Petrol,Plug-in Hybrid Electric Vehicle (PHEV),292,215,5.1,122,67,,Euro 6 EB,False,WLTP,37.1,48.7,47,34.4,40.3,85.6,7.6,5.8,6,8.2,7,3.3,158,75,42,67,,86,129,12,4,,,60,60,66.0,16 September 2025,
LEXUS,RX MY26,RX 450h+ Premium with Sunroof,CVT,Automatic,2487,Electricity / Petrol,Plug-in Hybrid Electric Vehicle (PHEV),292,215,5.1,122,67,,Euro 6 EB,False,WLTP,37.1,48.7,47,34.4,40.3,85.6,7.6,5.8,6,8.2,7,3.3,158,75,42,67,,86,129,12,4,,,60,60,66.0,16 September 2025,
LEXUS,RX MY26,RX 450h+ Premium Plus,CVT,Automatic,2487,Electricity / Petrol,Plug-in Hybrid Electric Vehicle (PHEV),292,215,5.1,122,67,,Euro 6 EB,False,WLTP,37.1,48.7,47,34.4,40.3,85.6,7.6,5.8,6,8.2,7,3.3,158,75,42,67,,86,129,12,4,,,60,60,66.0,16 September 2025,
LEXUS,RX MY26,RX 450h+ Premium Plus with Pan Roof,CVT,Automatic,2487,Electricity / Petrol,Plug-in Hybrid Electric Vehicle (PHEV),292,215,5.1,122,67,,Euro 6 EB,False,WLTP,37.1,48.7,47,34.4,40.3,85.6,7.6,5.8,6,8.2,7,3.3,158,75,42,67,,86,129,12,4,,,60,60,66.0,16 September 2025,
LEXUS,RX MY26,RX 450h+ F SPORT Design,CVT,Automatic,2487,Electricity / Petrol,Plug-in Hybrid Electric Vehicle (PHEV),292,215,5.1,122,67,,Euro 6 EB,False,WLTP,37.1,48.7,47,34.4,40.3,85.6,7.6,5.8,6,8.2,7,3.3,158,75,42,67,,86,129,12,4,,,60,60,66.0,16 September 2025,
LEXUS,RX MY26,RX 450h+ F SPORT Design + Pan Roof,CVT,Automatic,2487,Electricity / Petrol,Plug-in Hybrid Electric Vehicle (PHEV),292,215,5.1,122,67,,Euro 6 EB,False,WLTP,37.1,48.7,47,34.4,40.3,85.6,7.6,5.8,6,8.2,7,3.3,158,75,42,67,,86,129,12,4,,,60,60,66.0,16 September 2025,
LEXUS,RX MY26,RX 450h+ Takumi,CVT,Automatic,2487,Electricity / Petrol,Plug-in Hybrid Electric Vehicle (PHEV),292,215,5.1,122,67,,Euro 6 EB,False,WLTP,37.1,48.7,47,34.4,40.3,85.6,7.6,5.8,6,8.2,7,3.3,158,75,42,67,,86,129,12,4,,,60,60,66.0,16 September 2025,
LEXUS,RX 350h MY23,RX 350h Premium Pack,E-CVT,Automatic,2487,Petrol Electric,Hybrid Electric Vehicle (HEV),250,184,0,,,,Euro 6d,False,WLTP,42.8,54.3,50.4,37.6,44.8,0,6.6,5.2,5.6,7.5,6.3,0,143,0,,,,,146,17,5,22,,60,60,66.0,19 September 2024,
LEXUS,RX 350h MY23,RX 350h Premium Plus Pack with Panoramic Roof,E-CVT,Automatic,2487,Petrol Electric,Hybrid Electric Vehicle (HEV),250,184,0,,,,Euro 6d,False,WLTP,42.1,54.3,50.4,37.6,44.1,0,6.7,5.2,5.6,7.5,6.4,0,144,0,,,,,146,17,5,22,,60,60,66.0,19 September 2024,
LEXUS,RX 350h MY23,RX 350h Takumi,E-CVT,Automatic,2487,Petrol Electric,Hybrid Electric Vehicle (HEV),250,184,0,,,,Euro 6d,False,WLTP,42.1,53.2,49.5,37.1,44.1,0,6.7,5.3,5.7,7.6,6.4,0,145,0,,,,,146,17,5,22,,60,60,66.0,19 September 2024,
LEXUS,RX 350h MY23,RX 350h Premium Pack Sun Roof,E-CVT,Automatic,2487,Petrol Electric,Hybrid Electric Vehicle (HEV),250,184,0,,,,Euro 6d,False,WLTP,42.8,54.3,50.4,37.1,44.8,0,6.6,5.2,5.6,7.6,6.3,0,143,0,,,,,146,17,5,22,,60,60,66.0,19 September 2024,
LEXUS,RX 350h MY23,RX 350h Premium Plus Pack,E-CVT,Automatic,2487,Petrol Electric,Hybrid Electric Vehicle (HEV),250,184,0,,,,Euro 6d,False,WLTP,42.8,54.3,50.4,37.6,44.8,0,6.6,5.2,5.6,7.5,6.3,0,143,0,,,,,146,17,5,22,,60,60,66.0,19 September 2024,
LEXUS,RX 350h MY23,RX 350h F SPORT Design,E-CVT,Automatic,2487,Petrol Electric,Hybrid Electric Vehicle (HEV),250,184,0,,,,Euro 6d,False,WLTP,42.8,54.3,50.4,37.6,44.8,0,6.6,5.2,5.6,7.5,6.3,0,143,0,,,,,146,17,5,22,,60,60,66.0,19 September 2024,
LEXUS,RX 350h MY23,RX 350h F SPORT Design Pan Roof,E-CVT,Automatic,2487,Petrol Electric,Hybrid Electric Vehicle (HEV),250,184,0,,,,Euro 6d,False,WLTP,42.1,54.3,50.4,37.6,44.1,0,6.7,5.2,5.6,7.5,6.4,0,144,0,,,,,146,17,5,22,,60,60,66.0,19 September 2024,
LEXUS,RX 350h MY24,RX350h Premium Plus Pack Pan,E-CVT,Automatic,2487,Petrol Electric,Hybrid Electric Vehicle (HEV),250,184,0,,,,Euro 6d,False,WLTP,42.1,54.3,50.4,37.6,44.1,0,6.7,5.2,5.6,7.5,6.4,0,144,0,,,,,146,17,5,22,,60,60,66.0,19 November 2024,
LEXUS,RX 350h MY24,RX 350h F SPORT Design,E-CVT,Automatic,2487,Petrol Electric,Hybrid Electric Vehicle (HEV),250,184,0,,,,Euro 6d,False,WLTP,42.8,54.3,50.4,37.6,44.8,0,6.6,5.2,5.6,7.5,6.3,0,143,0,,,,,146,17,5,22,,60,60,66.0,19 November 2024,
LEXUS,RX 350h MY24,RX 350h F SPORT Design Pan Roof,E-CVT,Automatic,2487,Petrol Electric,Hybrid Electric Vehicle (HEV),250,184,0,,,,Euro 6d,False,WLTP,42.1,54.3,50.4,37.6,44.1,0,6.7,5.2,5.6,7.5,6.4,0,144,0,,,,,146,17,5,22,,60,60,66.0,19 November 2024,
LEXUS,RX 350h MY24,RX350h Takumi,E-CVT,Automatic,2487,Petrol Electric,Hybrid Electric Vehicle (HEV),250,184,0,,,,Euro 6d,False,WLTP,42.1,53.2,49.5,37.1,44.1,0,6.7,5.3,5.7,7.6,6.4,0,145,0,,,,,146,17,5,22,,60,60,66.0,19 November 2024,
LEXUS,RX 350h MY24,RX350h Premium Pack,E-CVT,Automatic,2487,Petrol Electric,Hybrid Electric Vehicle (HEV),250,184,0,,,,Euro 6d,False,WLTP,42.8,54.3,50.4,37.6,44.8,0,6.6,5.2,5.6,7.5,6.3,0,143,0,,,,,146,17,5,22,,60,60,66.0,19 November 2024,
LEXUS,RX 350h MY24,RX350h Premium Pack Sunroof,E-CVT,Automatic,2487,Petrol Electric,Hybrid Electric Vehicle (HEV),250,184,0,,,,Euro 6d,False,WLTP,42.8,54.3,50.4,37.1,44.8,0,6.6,5.2,5.6,7.6,6.3,0,143,0,,,,,146,17,5,22,,60,60,66.0,19 November 2024,
LEXUS,RX 350h MY24,RX350h Premium Plus Pack,E-CVT,Automatic,2487,Petrol Electric,Hybrid Electric Vehicle (HEV),250,184,0,,,,Euro 6d,False,WLTP,42.8,54.3,50.4,37.6,44.8,0,6.6,5.2,5.6,7.5,6.3,0,143,0,,,,,146,17,5,22,,60,60,66.0,19 November 2024,
LEXUS,RX 350h MY25,RX 350h Premium,E-CVT,Automatic,2487,Petrol Electric,Hybrid Electric Vehicle (HEV),250,184,0,,,,Euro 6d,False,WLTP,42.8,54.3,50.4,37.6,44.8,0,6.6,5.2,5.6,7.5,6.3,0,143,0,,,,,146,17,5,22,,60,60,66.0,13 January 2025,
LEXUS,RX 350h MY25,RX 350h Premium with Sunroof,E-CVT,Automatic,2487,Petrol Electric,Hybrid Electric Vehicle (HEV),250,184,0,,,,Euro 6d,False,WLTP,42.8,54.3,50.4,37.1,44.8,0,6.6,5.2,5.6,7.6,6.3,0,143,0,,,,,146,17,5,22,,60,60,66.0,13 January 2025,
LEXUS,RX 350h MY25,RX 350h Premium Plus,E-CVT,Automatic,2487,Petrol Electric,Hybrid Electric Vehicle (HEV),250,184,0,,,,Euro 6d,False,WLTP,42.8,54.3,50.4,37.6,44.8,0,6.6,5.2,5.6,7.5,6.3,0,143,0,,,,,146,17,5,22,,60,60,66.0,13 January 2025,
LEXUS,RX 350h MY25,RX 350h Premium Plus with Pan Roof,E-CVT,Automatic,2487,Petrol Electric,Hybrid Electric Vehicle (HEV),250,184,0,,,,Euro 6d,False,WLTP,42.1,54.3,50.4,37.6,44.1,0,6.7,5.2,5.6,7.5,6.4,0,144,0,,,,,146,17,5,22,,60,60,66.0,13 January 2025,
LEXUS,RX 350h MY25,RX 350h F SPORT Design,E-CVT,Automatic,2487,Petrol Electric,Hybrid Electric Vehicle (HEV),250,184,0,,,,Euro 6d,False,WLTP,42.8,54.3,50.4,37.6,44.8,0,6.6,5.2,5.6,7.5,6.3,0,143,0,,,,,146,17,5,22,,60,60,66.0,13 January 2025,
LEXUS,RX 350h MY25,RX 350h F SPORT Design with Pan Roof,E-CVT,Automatic,2487,Petrol Electric,Hybrid Electric Vehicle (HEV),250,184,0,,,,Euro 6d,False,WLTP,42.1,54.3,50.4,37.6,44.1,0,6.7,5.2,5.6,7.5,6.4,0,144,0,,,,,146,17,5,22,,60,60,66.0,13 January 2025,
LEXUS,RX 350h MY25,RX 350h Takumi,E-CVT,Automatic,2487,Petrol Electric,Hybrid Electric Vehicle (HEV),250,184,0,,,,Euro 6d,False,WLTP,42.1,53.2,49.5,37.1,44.1,0,6.7,5.3,5.7,7.6,6.4,0,145,0,,,,,146,17,5,22,,60,60,66.0,13 January 2025,
LEXUS,RX 450h+ MY23,RX 450h+ Premium Plus Pack,E-CVT,Automatic,2487,Electricity / Petrol,Plug-in Hybrid Electric Vehicle (PHEV),309,227,3.4,179,,0,Euro 6d,False,WLTP,0,0,0,0,0,256.8,0,0,0,0,0,1.1,25,25,42,68,0,,126,12,4,16,,60,60,66.0,18 October 2023,
LEXUS,RX 450h+ MY23,RX 450h+ Premium Pack,E-CVT,Automatic,2487,Electricity / Petrol,Plug-in Hybrid Electric Vehicle (PHEV),309,227,3.4,179,,0,Euro 6d,False,WLTP,0,0,0,0,0,256.8,0,0,0,0,0,1.1,25,25,42,68,0,,126,12,4,16,,60,60,66.0,18 October 2023,
LEXUS,RX 450h+ MY23,RX 450h+ Premium Plus Pack with Panoramic Roof,E-CVT,Automatic,2487,Electricity / Petrol,Plug-in Hybrid Electric Vehicle (PHEV),309,227,3.4,180,,0,Euro 6d,False,WLTP,0,0,0,0,0,256.8,0,0,0,0,0,1.1,25,25,42,68,0,,126,12,4,16,,60,60,66.0,18 October 2023,
LEXUS,RX 450h+ MY23,RX 450h+ Takumi,E-CVT,Automatic,2487,Electricity / Petrol,Plug-in Hybrid Electric Vehicle (PHEV),309,227,3.4,181,,0,Euro 6d,False,WLTP,0,0,0,0,0,256.8,0,0,0,0,0,1.1,25,25,42,67,0,,126,12,4,16,,60,60,66.0,19 September 2024,
LEXUS,RX 450h+ MY23,RX 450h+ Premium Pack Sunroof,E-CVT,Automatic,2487,Electricity / Petrol,Plug-in Hybrid Electric Vehicle (PHEV),309,227,3.4,179,,0,Euro 6d,False,WLTP,0,0,0,0,0,256.8,0,0,0,0,0,1.1,25,25,42,68,0,,126,12,4,16,,60,60,66.0,18 October 2023,
LEXUS,RX 450h+ MY23,RX 450h+ F SPORT Design,E-CVT,Automatic,2487,Electricity / Petrol,Plug-in Hybrid Electric Vehicle (PHEV),309,227,3.4,179,,0,Euro 6d,False,WLTP,0,0,0,0,0,256.8,0,0,0,0,0,1.1,25,25,42,68,0,,126,12,4,16,,60,60,66.0,18 October 2023,
LEXUS,RX 450h+ MY24,RX 450h+ F SPORT Design Pan Roof,E-CVT,Automatic,2487,Electricity / Petrol,Plug-in Hybrid Electric Vehicle (PHEV),309,227,3.4,178,,0,Euro 6d,False,WLTP,0,0,0,0,0,256.8,0,0,0,0,0,1.1,25,25,42,68,0,,126,12,4,16,,60,60,66.0,18 October 2023,
LEXUS,RX 450h+ MY24,RX450h+ Premium Pack,E-CVT,Automatic,2487,Electricity / Petrol,Plug-in Hybrid Electric Vehicle (PHEV),309,227,3.4,179,,0,Euro 6d,False,WLTP,0,0,0,0,0,256.8,0,0,0,0,0,1.1,0,25,42,68,0,,126,12,4,16,,60,60,66.0,24 January 2025,
LEXUS,RX 450h+ MY24,RX450h+ Premium Pack Sunroof,E-CVT,Automatic,2487,Electricity / Petrol,Plug-in Hybrid Electric Vehicle (PHEV),309,227,3.4,179,,0,Euro 6d,False,WLTP,0,0,0,0,0,256.8,0,0,0,0,0,1.1,0,25,42,68,0,,126,12,4,16,,60,60,66.0,24 January 2025,
LEXUS,RX 450h+ MY24,RX450h+ Premium Plus Pack,E-CVT,Automatic,2487,Electricity / Petrol,Plug-in Hybrid Electric Vehicle (PHEV),309,227,3.4,179,,0,Euro 6d,False,WLTP,0,0,0,0,0,256.8,0,0,0,0,0,1.1,0,25,42,68,0,,126,12,4,16,,60,60,66.0,24 January 2025,
LEXUS,RX 450h+ MY24,RX450h+ Premium Plus Pack Pan,E-CVT,Automatic,2487,Electricity / Petrol,Plug-in Hybrid Electric Vehicle (PHEV),309,227,3.4,180,,0,Euro 6d,False,WLTP,0,0,0,0,0,256.8,0,0,0,0,0,1.1,0,25,42,68,0,,126,12,4,16,,60,60,66.0,24 January 2025,
LEXUS,RX 450h+ MY24,RX450h+ F SPORT Design,E-CVT,Automatic,2487,Electricity / Petrol,Plug-in Hybrid Electric Vehicle (PHEV),309,227,3.4,179,,0,Euro 6d,False,WLTP,0,0,0,0,0,256.8,0,0,0,0,0,1.1,0,25,42,68,0,,126,12,4,16,,60,60,66.0,24 January 2025,
LEXUS,RX 450h+ MY24,RX450h+ Takumi,E-CVT,Automatic,2487,Electricity / Petrol,Plug-in Hybrid Electric Vehicle (PHEV),309,227,3.4,181,,0,Euro 6d,False,WLTP,0,0,0,0,0,256.8,0,0,0,0,0,1.1,0,25,42,67,0,,126,12,4,16,,60,60,66.0,24 January 2025,
LEXUS,RX 450h+ MY25,RX 450h+ Premium,E-CVT,Automatic,2487,Electricity / Petrol,Plug-in Hybrid Electric Vehicle (PHEV),309,227,3.4,179,,0,Euro 6d,False,WLTP,0,0,0,0,0,256.8,0,0,0,0,0,1.1,0,25,42,68,0,,126,12,4,16,,60,60,66.0,13 January 2025,
LEXUS,RX 450h+ MY25,RX 450h+ Premium with Sunroof,E-CVT,Automatic,2487,Electricity / Petrol,Plug-in Hybrid Electric Vehicle (PHEV),309,227,3.4,180,,0,Euro 6d,False,WLTP,0,0,0,0,0,256.8,0,0,0,0,0,1.1,0,25,42,68,0,,126,12,4,16,,60,60,66.0,13 January 2025,
LEXUS,RX 450h+ MY25,RX 450h+ Premium Plus,E-CVT,Automatic,2487,Electricity / Petrol,Plug-in Hybrid Electric Vehicle (PHEV),309,227,3.4,179,,0,Euro 6d,False,WLTP,0,0,0,0,0,256.8,0,0,0,0,0,1.1,0,25,42,68,0,,126,12,4,16,,60,60,66.0,13 January 2025,
LEXUS,RX 450h+ MY25,RX 450h+ Premium Plus with Pan Roof,E-CVT,Automatic,2487,Electricity / Petrol,Plug-in Hybrid Electric Vehicle (PHEV),309,227,3.4,180,,0,Euro 6d,False,WLTP,0,0,0,0,0,256.8,0,0,0,0,0,1.1,0,25,42,68,0,,126,12,4,16,,60,60,66.0,13 January 2025,
LEXUS,RX 450h+ MY25,RX 450h+ F SPORT Design,E-CVT,Automatic,2487,Electricity / Petrol,Plug-in Hybrid Electric Vehicle (PHEV),309,227,3.4,179,,0,Euro 6d,False,WLTP,0,0,0,0,0,256.8,0,0,0,0,0,1.1,0,25,42,68,0,,126,12,4,16,,60,60,66.0,13 January 2025,
LEXUS,RX 450h+ MY25,RX 450h+ F SPORT Design + Pan Roof,E-CVT,Automatic,2487,Electricity / Petrol,Plug-in Hybrid Electric Vehicle (PHEV),309,227,3.4,180,,0,Euro 6d,False,WLTP,0,0,0,0,0,256.8,0,0,0,0,0,1.1,0,25,42,68,0,,126,12,4,16,,60,60,66.0,13 January 2025,
LEXUS,RX 450h+ MY25,RX 450h+ Takumi,E-CVT,Automatic,2487,Electricity / Petrol,Plug-in Hybrid Electric Vehicle (PHEV),309,227,3.4,181,,0,Euro 6d,False,WLTP,0,0,0,0,0,256.8,0,0,0,0,0,1.1,0,25,42,67,0,,126,12,4,16,,60,60,66.0,13 January 2025,
LEXUS,RX 500h MY23,RX 500h F SPORT,6AT,Automatic,2393,Petrol Electric,Hybrid Electric Vehicle (HEV),371,273,0,,,,Euro 6d,False,WLTP,32.1,37.1,40.9,31.7,35.3,0,8.8,7.6,6.9,8.9,8,0,182,0,,,,,353,21,16,37,,60,60,65.0,17 October 2023,
LEXUS,RX 500h MY23,RX 500h F SPORT with Takumi Pack,6AT,Automatic,2393,Petrol Electric,Hybrid Electric Vehicle (HEV),371,273,0,,,,Euro 6d,False,WLTP,31.3,36.6,40.3,31.3,34.8,0,9,7.7,7,9,8.1,0,184,0,,,,,353,21,16,37,,60,60,65.0,17 October 2023,
LEXUS,RX 500h MY24,RX 500h F SPORT,6AT,Automatic,2393,Petrol Electric,Hybrid Electric Vehicle (HEV),371,273,0,,,,Euro 6d,False,WLTP,32.1,37.1,40.9,31.7,35.3,0,8.8,7.6,6.9,8.9,8,0,182,0,,,,,353,21,16,37,,60,60,65.0,19 November 2024,
LEXUS,RX 500h MY24,RX 500h F SPORT Takumi Pack,6AT,Automatic,2393,Petrol Electric,Hybrid Electric Vehicle (HEV),371,273,0,,,,Euro 6d,False,WLTP,31.3,36.6,40.3,31.3,34.8,0,9,7.7,7,9,8.1,0,184,0,,,,,353,21,16,37,,60,60,65.0,19 November 2024,
LEXUS,RX 500h MY25,RX 500h F SPORT,6AT,Automatic,2393,Petrol Electric,Hybrid Electric Vehicle (HEV),371,273,0,,,,Euro 6d,False,WLTP,32.1,37.1,40.9,31.7,35.3,0,8.8,7.6,6.9,8.9,8,0,182,0,,,,,353,21,16,37,,60,60,65.0,13 January 2025,
LEXUS,RX 500h MY25,RX 500h F SPORT with Takumi,6AT,Automatic,2393,Petrol Electric,Hybrid Electric Vehicle (HEV),371,273,0,,,,Euro 6d,False,WLTP,31.7,36.6,40.3,31.3,34.8,0,8.9,7.7,7,9,8.1,0,184,0,,,,,353,21,16,37,,60,60,65.0,13 January 2025,
LEXUS,RZ 300e MY24,"RZ 300e FWD Premium Plus 20""",N/A,Electric - Not Applicable,0,Electricity,Battery Electric Vehicle (BEV) / Pure Electric Vehicle / Electric Vehicle (EV),204,150,3.7,166,431,268,Euro 6-WLTP (for BEVs only),False,WLTP,0,0,0,0,0,0,0,0,0,0,0,0,0,0,0,,367,591,0,0,0,0,,,,63.0,14 January 2025,
LEXUS,RZ 300e MY24,"RZ 300e FWD Premium Plus Bi Tone 20""",N/A,Electric - Not Applicable,0,Electricity,Battery Electric Vehicle (BEV) / Pure Electric Vehicle / Electric Vehicle (EV),204,150,3.7,166,431,268,Euro 6-WLTP (for BEVs only),False,WLTP,0,0,0,0,0,0,0,0,0,0,0,0,0,0,0,,367,591,0,0,0,0,,,,63.0,14 January 2025,
LEXUS,RZ 300e MY24,RZ 300e FWD Takumi (Monotone),N/A,Electric - Not Applicable,0,Electricity,Battery Electric Vehicle (BEV) / Pure Electric Vehicle / Electric Vehicle (EV),204,150,3.7,167,429,267,Euro 6-WLTP (for BEVs only),False,WLTP,0,0,0,0,0,0,0,0,0,0,0,0,0,0,0,,365,587,0,0,0,0,,,,63.0,14 January 2025,
LEXUS,RZ 300e MY24,RZ 300e FWD Takumi (BiTone),N/A,Electric - Not Applicable,0,Electricity,Battery Electric Vehicle (BEV) / Pure Electric Vehicle / Electric Vehicle (EV),204,150,3.7,167,429,267,Euro 6-WLTP (for BEVs only),False,WLTP,0,0,0,0,0,0,0,0,0,0,0,0,0,0,0,,365,587,0,0,0,0,,,,63.0,14 January 2025,
LEXUS,RZ 300e MY24,RZ 300e FWD Urban,N/A,Electric - Not Applicable,0,Electricity,Battery Electric Vehicle (BEV) / Pure Electric Vehicle / Electric Vehicle (EV),204,150,4.1,149,478,297,Euro 6-WLTP (for BEVs only),False,WLTP,0,0,0,0,0,0,0,0,0,0,0,0,0,0,0,,414,667,0,0,0,0,,,,63.0,14 January 2025,
LEXUS,RZ 300e MY24,"RZ 300e FWD Premium18""",N/A,Electric - Not Applicable,0,Electricity,Battery Electric Vehicle (BEV) / Pure Electric Vehicle / Electric Vehicle (EV),204,150,4.1,150,476,296,Euro 6-WLTP (for BEVs only),False,WLTP,0,0,0,0,0,0,0,0,0,0,0,0,0,0,0,,409,659,0,0,0,0,,,,63.0,14 January 2025,
LEXUS,RZ 300e MY24,"RZ 300e FWD Premium 20""",N/A,Electric - Not Applicable,0,Electricity,Battery Electric Vehicle (BEV) / Pure Electric Vehicle / Electric Vehicle (EV),204,150,3.7,166,432,268,Euro 6-WLTP (for BEVs only),False,WLTP,0,0,0,0,0,0,0,0,0,0,0,0,0,0,0,,368,593,0,0,0,0,,,,63.0,14 January 2025,
LEXUS,RZ 300e MY24,"RZ 300e FWD Premium Plus 18""",N/A,Electric - Not Applicable,0,Electricity,Battery Electric Vehicle (BEV) / Pure Electric Vehicle / Electric Vehicle (EV),204,150,4.1,151,474,295,Euro 6-WLTP (for BEVs only),False,WLTP,0,0,0,0,0,0,0,0,0,0,0,0,0,0,0,,408,656,0,0,0,0,,,,63.0,14 January 2025,
LEXUS,RZ 300e MY24,"RZ 300e FWD Premium Plus Bi Tone 18""",N/A,Electric - Not Applicable,0,Electricity,Battery Electric Vehicle (BEV) / Pure Electric Vehicle / Electric Vehicle (EV),204,150,4.1,151,474,295,Euro 6-WLTP (for BEVs only),False,WLTP,0,0,0,0,0,0,0,0,0,0,0,0,0,0,0,,351,565,0,0,0,0,,,,63.0,14 January 2025,
LEXUS,RZ 300e MY25,"RZ 300e FWD Premium Plus Bi Tone 18""",N/A,Electric - Not Applicable,0,Electricity,Battery Electric Vehicle (BEV) / Pure Electric Vehicle / Electric Vehicle (EV),204,150,4.1,151,474,295,Euro 6-WLTP (for BEVs only),False,WLTP,0,0,0,0,0,0,0,0,0,0,0,0,0,0,0,,408,656,0,0,0,0,,,,63.0,17 January 2025,
LEXUS,RZ 300e MY25,"RZ 300e FWD Premium Plus 20""",N/A,Electric - Not Applicable,0,Electricity,Battery Electric Vehicle (BEV) / Pure Electric Vehicle / Electric Vehicle (EV),204,150,3.7,166,431,268,Euro 6-WLTP (for BEVs only),False,WLTP,0,0,0,0,0,0,0,0,0,0,0,0,0,0,0,,367,591,0,0,0,0,,,,63.0,17 January 2025,
LEXUS,RZ 300e MY25,"RZ 300e FWD Premium Plus Bi Tone 20""",N/A,Electric - Not Applicable,0,Electricity,Battery Electric Vehicle (BEV) / Pure Electric Vehicle / Electric Vehicle (EV),204,150,3.7,166,431,268,Euro 6-WLTP (for BEVs only),False,WLTP,0,0,0,0,0,0,0,0,0,0,0,0,0,0,0,,367,591,0,0,0,0,,,,63.0,17 January 2025,
LEXUS,RZ 300e MY25,RZ 300e FWD Takumi (Monotone),N/A,Electric - Not Applicable,0,Electricity,Battery Electric Vehicle (BEV) / Pure Electric Vehicle / Electric Vehicle (EV),204,150,3.7,167,429,267,Euro 6-WLTP (for BEVs only),False,WLTP,0,0,0,0,0,0,0,0,0,0,0,0,0,0,0,,365,587,0,0,0,0,,,,63.0,17 January 2025,
LEXUS,RZ 300e MY25,RZ 300e FWD Takumi (BiTone),N/A,Electric - Not Applicable,0,Electricity,Battery Electric Vehicle (BEV) / Pure Electric Vehicle / Electric Vehicle (EV),204,150,3.7,167,429,267,Euro 6-WLTP (for BEVs only),False,WLTP,0,0,0,0,0,0,0,0,0,0,0,0,0,0,0,,365,587,0,0,0,0,,,,63.0,17 January 2025,
LEXUS,RZ 300e MY25,RZ 300e FWD Urban,N/A,Electric - Not Applicable,0,Electricity,Battery Electric Vehicle (BEV) / Pure Electric Vehicle / Electric Vehicle (EV),204,150,4.1,149,478,297,Euro 6-WLTP (for BEVs only),False,WLTP,0,0,0,0,0,0,0,0,0,0,0,0,0,0,0,,414,667,0,0,0,0,,,,63.0,17 January 2025,
LEXUS,RZ 300e MY25,"RZ 300e FWD Premium18""",N/A,Electric - Not Applicable,0,Electricity,Battery Electric Vehicle (BEV) / Pure Electric Vehicle / Electric Vehicle (EV),204,150,4.1,150,476,296,Euro 6-WLTP (for BEVs only),False,WLTP,0,0,0,0,0,0,0,0,0,0,0,0,0,0,0,,409,659,0,0,0,0,,,,63.0,17 January 2025,
LEXUS,RZ 300e MY25,"RZ 300e FWD Premium 20""",N/A,Electric - Not Applicable,0,Electricity,Battery Electric Vehicle (BEV) / Pure Electric Vehicle / Electric Vehicle (EV),204,150,3.7,166,432,268,Euro 6-WLTP (for BEVs only),False,WLTP,0,0,0,0,0,0,0,0,0,0,0,0,0,0,0,,368,593,0,0,0,0,,,,63.0,17 January 2025,
LEXUS,RZ 300e MY25,"RZ 300e FWD Premium Plus 18""",N/A,Electric - Not Applicable,0,Electricity,Battery Electric Vehicle (BEV) / Pure Electric Vehicle / Electric Vehicle (EV),204,150,4.1,151,474,295,Euro 6-WLTP (for BEVs only),False,WLTP,0,0,0,0,0,0,0,0,0,0,0,0,0,0,0,,408,656,0,0,0,0,,,,63.0,17 January 2025,
LEXUS,RZ 450e MY23,"RZ 450e Premium Pack with 20"" Wheels",N/A,Electric - Not Applicable,0,Electricity,Battery Electric Vehicle (BEV) / Pure Electric Vehicle / Electric Vehicle (EV),313,230,3.4,182,406,252,Euro 6-WLTP (for BEVs only),False,WLTP,0,0,0,0,0,0,0,0,0,0,0,0,0,0,0,,332,534,0,0,0,0,,,,65.0,14 January 2025,
LEXUS,RZ 450e MY23,RZ 450e Premium Plus Pack,N/A,Electric - Not Applicable,0,Electricity,Battery Electric Vehicle (BEV) / Pure Electric Vehicle / Electric Vehicle (EV),313,230,3.4,183,406,252,Euro 6-WLTP (for BEVs only),False,WLTP,0,0,0,0,0,0,0,0,0,0,0,0,0,0,0,,331,533,0,0,0,0,,,,65.0,14 January 2025,
LEXUS,RZ 450e MY23,RZ 450e Premium Plus Pack with Bi-Tone Finish,N/A,Electric - Not Applicable,0,Electricity,Battery Electric Vehicle (BEV) / Pure Electric Vehicle / Electric Vehicle (EV),313,230,3.4,183,406,252,Euro 6-WLTP (for BEVs only),False,WLTP,0,0,0,0,0,0,0,0,0,0,0,0,0,0,0,,331,533,0,0,0,0,,,,65.0,14 January 2025,
LEXUS,RZ 450e MY23,RZ 450e Takumi,N/A,Electric - Not Applicable,0,Electricity,Battery Electric Vehicle (BEV) / Pure Electric Vehicle / Electric Vehicle (EV),313,230,3.4,183,404,251,Euro 6-WLTP (for BEVs only),False,WLTP,0,0,0,0,0,0,0,0,0,0,0,0,0,0,0,,329,530,0,0,0,0,,,,65.0,14 January 2025,
LEXUS,RZ 450e MY23,RZ 450e Takumi with Bi-Tone Finish,N/A,Electric - Not Applicable,0,Electricity,Battery Electric Vehicle (BEV) / Pure Electric Vehicle / Electric Vehicle (EV),313,230,3.4,183,404,251,Euro 6-WLTP (for BEVs only),False,WLTP,0,0,0,0,0,0,0,0,0,0,0,0,0,0,0,,329,530,0,0,0,0,,,,65.0,14 January 2025,
LEXUS,RZ 450e MY23,RZ 450e Premium Pack,N/A,Electric - Not Applicable,0,Electricity,Battery Electric Vehicle (BEV) / Pure Electric Vehicle / Electric Vehicle (EV),313,230,3.6,170,436,271,Euro 6-WLTP (for BEVs only),False,WLTP,0,0,0,0,0,0,0,0,0,0,0,0,0,0,0,,349,561,0,0,0,0,,,,65.0,14 January 2025,
LEXUS,RZ 450e MY24,RZ 450e Urban,N/A,Electric - Not Applicable,0,Electricity,Battery Electric Vehicle (BEV) / Pure Electric Vehicle / Electric Vehicle (EV),313,230,3.7,168,440,273,Euro 6-WLTP (for BEVs only),False,WLTP,0,0,0,0,0,0,0,0,0,0,0,0,0,0,0,,351,565,0,,,,,,,65.0,14 January 2025,
LEXUS,RZ 450e MY24,"RZ 450e Premium18""",N/A,Electric - Not Applicable,0,Electricity,Battery Electric Vehicle (BEV) / Pure Electric Vehicle / Electric Vehicle (EV),313,230,3.6,170,436,271,Euro 6-WLTP (for BEVs only),False,WLTP,0,0,0,0,0,0,0,0,0,0,0,0,0,0,0,,347,559,0,,,,,,,65.0,14 January 2025,
LEXUS,RZ 450e MY24,"RZ 450e Premium 20""",N/A,Electric - Not Applicable,0,Electricity,Battery Electric Vehicle (BEV) / Pure Electric Vehicle / Electric Vehicle (EV),313,230,3.4,182,407,253,Euro 6-WLTP (for BEVs only),False,WLTP,0,0,0,0,0,0,0,0,0,0,0,0,0,0,0,,327,527,0,,,,,,,65.0,14 January 2025,
LEXUS,RZ 450e MY24,"RZ 450e Premium Plus 18""",N/A,Electric - Not Applicable,0,Electricity,Battery Electric Vehicle (BEV) / Pure Electric Vehicle / Electric Vehicle (EV),313,230,3.6,170,435,270,Euro 6-WLTP (for BEVs only),False,WLTP,0,0,0,0,0,0,0,0,0,0,0,0,0,0,0,,346,557,0,,,,,,,65.0,14 January 2025,
LEXUS,RZ 450e MY24,"RZ 450e Premium Plus 20""",N/A,Electric - Not Applicable,0,Electricity,Battery Electric Vehicle (BEV) / Pure Electric Vehicle / Electric Vehicle (EV),313,230,3.4,182,406,252,Euro 6-WLTP (for BEVs only),False,WLTP,0,0,0,0,0,0,0,0,0,0,0,0,0,0,0,,327,526,0,,,,,,,65.0,14 January 2025,
LEXUS,RZ 450e MY24,"RZ 450e Premium Plus Bi Tone 18""",N/A,Electric - Not Applicable,0,Electricity,Battery Electric Vehicle (BEV) / Pure Electric Vehicle / Electric Vehicle (EV),313,230,3.6,170,435,270,Euro 6-WLTP (for BEVs only),False,WLTP,0,0,0,0,0,0,0,0,0,0,0,0,0,0,0,,346,557,0,,,,,,,65.0,14 January 2025,
LEXUS,RZ 450e MY24,"RZ 450e Premium Plus Bi Tone 20""",N/A,Electric - Not Applicable,0,Electricity,Battery Electric Vehicle (BEV) / Pure Electric Vehicle / Electric Vehicle (EV),313,230,3.4,182,406,252,Euro 6-WLTP (for BEVs only),False,WLTP,0,0,0,0,0,0,0,0,0,0,0,0,0,0,0,,327,526,0,,,,,,,65.0,14 January 2025,
LEXUS,RZ 450e MY24,RZ 450e Takumi,N/A,Electric - Not Applicable,0,Electricity,Battery Electric Vehicle (BEV) / Pure Electric Vehicle / Electric Vehicle (EV),313,230,3.4,183,404,251,Euro 6-WLTP (for BEVs only),False,WLTP,0,0,0,0,0,0,0,0,0,0,0,0,0,0,0,,324,522,0,,,,,,,65.0,14 January 2025,
LEXUS,RZ 450e MY24,RZ 450e Takumi Bi-Tone,N/A,Electric - Not Applicable,0,Electricity,Battery Electric Vehicle (BEV) / Pure Electric Vehicle / Electric Vehicle (EV),313,230,3.4,183,404,251,Euro 6-WLTP (for BEVs only),False,WLTP,0,0,0,0,0,0,0,0,0,0,0,0,0,0,0,,324,522,0,,,,,,,65.0,14 January 2025,
LEXUS,RZ 450e MY25,"RZ 450e Premium18""",N/A,Electric - Not Applicable,0,Electricity,Battery Electric Vehicle (BEV) / Pure Electric Vehicle / Electric Vehicle (EV),313,230,3.6,170,436,271,Euro 6-WLTP (for BEVs only),False,WLTP,0,0,0,0,0,0,0,0,0,0,0,0,0,0,0,,347,559,0,0,0,0,,,,65.0,17 January 2025,
LEXUS,RZ 450e MY25,"RZ 450e Premium 20""",N/A,Electric - Not Applicable,0,Electricity,Battery Electric Vehicle (BEV) / Pure Electric Vehicle / Electric Vehicle (EV),313,230,3.4,182,407,253,Euro 6-WLTP (for BEVs only),False,WLTP,0,0,0,0,0,0,0,0,0,0,0,0,0,0,0,,327,527,0,0,0,0,,,,65.0,17 January 2025,
LEXUS,RZ 450e MY25,"RZ 450e Premium Plus 18""",N/A,Electric - Not Applicable,0,Electricity,Battery Electric Vehicle (BEV) / Pure Electric Vehicle / Electric Vehicle (EV),313,230,3.6,170,435,270,Euro 6-WLTP (for BEVs only),False,WLTP,0,0,0,0,0,0,0,0,0,0,0,0,0,0,0,,346,557,0,0,0,0,,,,65.0,17 January 2025,
LEXUS,RZ 450e MY25,"RZ 450e Premium Plus 20""",N/A,Electric - Not Applicable,0,Electricity,Battery Electric Vehicle (BEV) / Pure Electric Vehicle / Electric Vehicle (EV),313,230,3.6,170,435,270,Euro 6-WLTP (for BEVs only),False,WLTP,0,0,0,0,0,0,0,0,0,0,0,0,0,0,0,,346,557,0,0,0,0,,,,65.0,17 January 2025,
LEXUS,RZ 450e MY25,"RZ 450e Premium Plus Bi Tone 18""",N/A,Electric - Not Applicable,0,Electricity,Battery Electric Vehicle (BEV) / Pure Electric Vehicle / Electric Vehicle (EV),313,230,3.4,182,406,252,Euro 6-WLTP (for BEVs only),False,WLTP,0,0,0,0,0,0,0,0,0,0,0,0,0,0,0,,327,526,0,0,0,0,,,,65.0,17 January 2025,
LEXUS,RZ 450e MY25,"RZ 450e Premium Plus Bi Tone 20""",N/A,Electric - Not Applicable,0,Electricity,Battery Electric Vehicle (BEV) / Pure Electric Vehicle / Electric Vehicle (EV),313,230,3.4,182,406,252,Euro 6-WLTP (for BEVs only),False,WLTP,0,0,0,0,0,0,0,0,0,0,0,0,0,0,0,,327,526,0,0,0,0,,,,65.0,17 January 2025,
LEXUS,RZ 450e MY25,RZ 450e Takumi,N/A,Electric - Not Applicable,0,Electricity,Battery Electric Vehicle (BEV) / Pure Electric Vehicle / Electric Vehicle (EV),313,230,3.4,183,404,251,Euro 6-WLTP (for BEVs only),False,WLTP,0,0,0,0,0,0,0,0,0,0,0,0,0,0,0,,324,522,0,0,0,0,,,,65.0,17 January 2025,
LEXUS,RZ 450e MY25,RZ 450e Takumi Bi-Tone,N/A,Electric - Not Applicable,0,Electricity,Battery Electric Vehicle (BEV) / Pure Electric Vehicle / Electric Vehicle (EV),313,230,3.4,183,404,251,Euro 6-WLTP (for BEVs only),False,WLTP,0,0,0,0,0,0,0,0,0,0,0,0,0,0,0,,324,522,0,0,0,0,,,,65.0,17 January 2025,
LEXUS,UX 300e MY23,17'' (FWD) wheel 300e,N/A,Electric - Not Applicable,0,Electricity,Battery Electric Vehicle (BEV) / Pure Electric Vehicle / Electric Vehicle (EV),0,0,3.7,167,449,279,Euro 6-WLTP (for BEVs only),False,WLTP,0,0,0,0,0,0,0,0,0,0,0,0,0,0,0,,378,608,0,0,0,0,,,,62.0,14 January 2025,
LEXUS,UX 300e MY23,"17"" (FWD) wheel 300e Premium Plus Pack",N/A,Electric - Not Applicable,0,Electricity,Battery Electric Vehicle (BEV) / Pure Electric Vehicle / Electric Vehicle (EV),0,0,3.7,167,447,278,Euro 6-WLTP (for BEVs only),False,WLTP,0,0,0,0,0,0,0,0,0,0,0,0,0,0,0,,378,608,0,0,0,0,,,,62.0,14 January 2025,
LEXUS,UX 300e MY23,18'' (FWD) wheel 300e Premium Plus Pack,N/A,Electric - Not Applicable,0,Electricity,Battery Electric Vehicle (BEV) / Pure Electric Vehicle / Electric Vehicle (EV),0,0,3.7,168,446,277,Euro 6-WLTP (for BEVs only),False,WLTP,0,0,0,0,0,0,0,0,0,0,0,0,0,0,0,,378,608,0,0,0,0,,,,62.0,14 January 2025,
LEXUS,UX 300e MY23,"18"" (FWD) wheel 300e Takumi",N/A,Electric - Not Applicable,0,Electricity,Battery Electric Vehicle (BEV) / Pure Electric Vehicle / Electric Vehicle (EV),0,0,3.6,169,442,275,Euro 6-WLTP (for BEVs only),False,WLTP,0,0,0,0,0,0,0,0,0,0,0,0,0,0,0,,378,608,0,0,0,0,,,,62.0,14 January 2025,
LEXUS,UX 300e MY25 ,UX 300e Urban,N/A,Electric - Not Applicable,0,Electricity,Battery Electric Vehicle (BEV) / Pure Electric Vehicle / Electric Vehicle (EV),204,150,3.7,166,453,281,Euro 6-WLTP (for BEVs only),False,WLTP,0,0,0,0,0,0,0,0,0,0,0,0,0,0,0,,375,603,0,,,,,,,62.0,14 January 2025,
LEXUS,UX 300e MY25 ,UX 300e Premium,N/A,Electric - Not Applicable,0,Electricity,Battery Electric Vehicle (BEV) / Pure Electric Vehicle / Electric Vehicle (EV),204,150,3.7,166,452,281,Euro 6-WLTP (for BEVs only),False,WLTP,0,0,0,0,0,0,0,0,0,0,0,0,0,0,0,,373,601,0,,,,,,,62.0,14 January 2025,
LEXUS,UX 300e MY25 ,UX 300e Premium Plus,N/A,Electric - Not Applicable,0,Electricity,Battery Electric Vehicle (BEV) / Pure Electric Vehicle / Electric Vehicle (EV),204,150,3.7,167,450,280,Euro 6-WLTP (for BEVs only),False,WLTP,0,0,0,0,0,0,0,0,0,0,0,0,0,0,0,,373,600,0,,,,,,,62.0,14 January 2025,
LEXUS,UX 300e MY25 ,UX 300e Premium Plus Tech Pack,N/A,Electric - Not Applicable,0,Electricity,Battery Electric Vehicle (BEV) / Pure Electric Vehicle / Electric Vehicle (EV),204,150,3.7,167,449,279,Euro 6-WLTP (for BEVs only),False,WLTP,0,0,0,0,0,0,0,0,0,0,0,0,0,0,0,,372,598,0,,,,,,,62.0,14 January 2025,
LEXUS,UX 300e MY25 ,UX 300e Takumi,N/A,Electric - Not Applicable,0,Electricity,Battery Electric Vehicle (BEV) / Pure Electric Vehicle / Electric Vehicle (EV),204,150,3.7,168,445,277,Euro 6-WLTP (for BEVs only),False,WLTP,0,0,0,0,0,0,0,0,0,0,0,0,0,0,0,,368,593,0,,,,,,,62.0,14 January 2025,
LEXUS,UX 300h MY25,Urban,CVT,Automatic,1987,Petrol Electric,Hybrid Electric Vehicle (HEV),199,146,0,,,,Euro 6d,False,WLTP,65.6,72.4,64.2,44.1,56.4,0,4.3,3.9,4.4,6.4,5,0,113,0,,,,,208,12,2,14,,60,,66.0,19 September 2024,
LEXUS,UX 300h MY25,F SPORT Design,CVT,Automatic,1987,Petrol Electric,Hybrid Electric Vehicle (HEV),199,146,0,,,,Euro 6d,False,WLTP,64.2,68.8,62.7,42.8,54.3,0,4.4,4.1,4.5,6.6,5.2,0,117,0,,,,,208,12,2,14,,60,,66.0,19 September 2024,
LEXUS,UX 300h MY25,F SPORT Design Tech Pack,CVT,Automatic,1987,Petrol Electric,Hybrid Electric Vehicle (HEV),199,146,0,,,,Euro 6d,False,WLTP,62.7,68.8,61.4,42.8,54.3,0,4.5,4.1,4.6,6.6,5.2,0,117,0,,,,,208,12,2,14,,60,,66.0,19 September 2024,
LEXUS,UX 300h MY25,Premium Plus,CVT,Automatic,1987,Petrol Electric,Hybrid Electric Vehicle (HEV),199,146,0,,,,Euro 6d,False,WLTP,62.7,68.8,61.4,42.8,54.3,0,4.5,4.1,4.6,6.6,5.2,0,117,0,,,,,208,12,2,14,,60,,66.0,19 September 2024,
LEXUS,UX 300h MY25,Premium Plus AWD,CVT,Automatic,1987,Petrol Electric,Hybrid Electric Vehicle (HEV),199,146,0,,,,Euro 6d,False,WLTP,57.6,61.4,57.6,40.3,50.4,0,4.9,4.6,4.9,7,5.6,0,126,0,,,,,224,12,2,14,,60,,64.0,19 September 2024,
LEXUS,UX 300h MY25,Premium,CVT,Automatic,1987,Petrol Electric,Hybrid Electric Vehicle (HEV),199,146,0,,,,Euro 6d,False,WLTP,64.2,72.4,64.2,44.1,56.4,0,4.4,3.9,4.4,6.4,5,0,113,0,,,,,208,12,2,14,,60,,66.0,19 September 2024,
LEXUS,UX 300h MY25,F SPORT,CVT,Automatic,1987,Petrol Electric,Hybrid Electric Vehicle (HEV),199,146,0,,,,Euro 6d,False,WLTP,62.7,68.8,61.4,42.8,54.3,0,4.5,4.1,4.6,6.6,5.2,0,118,0,,,,,208,12,2,14,,60,,66.0,19 September 2024,
LEXUS,UX 300h MY25,F SPORT AWD,CVT,Automatic,1987,Petrol Electric,Hybrid Electric Vehicle (HEV),199,146,0,,,,Euro 6d,False,WLTP,57.6,61.4,56.4,40.3,50.4,0,4.9,4.6,5,7,5.6,0,127,0,,,,,224,12,2,14,,60,,64.0,19 September 2024,
LEXUS,UX 300h MY25,F SPORT Takumi,CVT,Automatic,1987,Petrol Electric,Hybrid Electric Vehicle (HEV),199,146,0,,,,Euro 6d,False,WLTP,62.7,67.2,61.4,42.8,54.3,0,4.5,4.2,4.6,6.6,5.2,0,119,0,,,,,208,12,2,14,,60,,66.0,19 September 2024,
LEXUS,UX 300h MY25,FSPORT Takumi AWD,CVT,Automatic,1987,Petrol Electric,Hybrid Electric Vehicle (HEV),199,146,0,,,,Euro 6d,False,WLTP,57.6,60.1,56.4,39.7,49.5,0,4.9,4.7,5,7.1,5.7,0,128,0,,,,,224,12,2,15,,60,,64.0,19 September 2024,
LEXUS,UX 300h MY25,Takumi,CVT,Automatic,1987,Petrol Electric,Hybrid Electric Vehicle (HEV),199,146,0,,,,Euro 6d,False,WLTP,62.7,68.8,61.4,42.8,54.3,0,4.5,4.1,4.6,6.6,5.2,0,118,0,,,,,208,12,2,14,,60,,66.0,19 September 2024,
LEXUS,UX 300h MY25,Takumi AWD,CVT,Automatic,1987,Petrol Electric,Hybrid Electric Vehicle (HEV),199,146,0,,,,Euro 6d,False,WLTP,57.6,61.4,56.4,40.3,50.4,0,4.9,4.6,5,7,5.6,0,127,0,,,,,224,12,2,14,,60,,64.0,19 September 2024,
LOTUS,Elise,Sport 220,M6,Manual,1798,Petrol,Internal Combustion Engine (ICE),220,162,0,,,,Euro 6d,False,WLTP,24.9,37.2,40.9,36.7,35.3,0,11.8,7.6,6.9,7.7,8,0,173,0,,,,,746,53,19,,,,,73.0,19 November 2020,
LOTUS,Elise,Cup 250,M6,Manual,1798,Petrol,Internal Combustion Engine (ICE),248,183,0,,,,Euro 6d,False,WLTP,24.1,37.7,40.1,37.7,36.2,0,11.7,7.5,6.9,7.5,7.8,0,177,0,,,,,517,46,24,,,,,73.0,19 November 2020,
LOTUS,Elise,Sport 240,M6,Manual,1798,Petrol,Internal Combustion Engine (ICE),243,179,0,,,,Euro 6d,False,WLTP,24.1,37.7,40.1,37.7,36.2,0,11.7,7.5,6.9,7.5,7.8,0,177,0,,,,,517,46,24,,,,,73.0,06 May 2021,
LOTUS,Exige,Sport 350,M6,Manual,3456,Petrol,Internal Combustion Engine (ICE),350,258,0,,,,Euro 6d,False,WLTP,17.1,27.7,32.1,31.4,27.9,0,16.5,10.2,8.8,9,10.2,0,230,0,,,,,759,26,33,,,,,75.0,19 November 2020,
LOTUS,Exige,Sport 390,M6,Manual,3456,Petrol,Internal Combustion Engine (ICE),416,306,0,,,,Euro 6d,False,WLTP,16.8,28.5,33.2,30.1,27.4,0,16.8,9.9,8.5,9.4,10.3,0,230,0,,,,,831,35,34,,,,,73.0,06 May 2021,
LOTUS,Exige,Cup 430,M6,Manual,3456,Petrol,Internal Combustion Engine (ICE),436,321,0,,,,Euro 6d,False,WLTP,16.8,28.5,33.2,30.1,27.4,0,16.8,9.9,8.5,9.4,10.3,0,230,0,,,,,831,35,34,,,,,75.0,19 November 2020,
LOTUS,Exige,Sport 420,M6,Manual,3456,Petrol,Internal Combustion Engine (ICE),402,296,0,,,,Euro 6d,False,WLTP,16.8,28.5,33.2,30.1,27.4,0,16.8,9.9,8.5,9.4,10.3,0,230,0,,,,,831,35,34,,,,,75.0,06 May 2021,
LOTUS,Evora,GT410,M6,Manual,3456,Petrol,Internal Combustion Engine (ICE),416,306,0,,,,Euro 6d,False,WLTP,16.5,25.9,30.1,28.8,25.9,0,17.1,10.9,9.4,9.8,10.9,0,245,0,,,,,662,63,28,,,,,75.0,19 November 2020,
LOTUS,Evora,GT410,A6,Automatic,3456,Petrol,Internal Combustion Engine (ICE),416,306,0,,,,Euro 6d,False,WLTP,15.5,25.5,30.1,29.4,25.7,0,18.2,11.1,9.4,9.6,11,0,248,0,,,,,563,36,32,,,,,73.0,19 November 2020,
MASERATI,Ghibli,350 hp GranSport,8AT,Automatic,2979,Petrol,Internal Combustion Engine (ICE),189,257,0,,,,Euro 6d,False,WLTP,14.9,23.7,29.7,29.7,25.2,0,19.2,12.6,10,10.2,11.8,0,268,0,,,,,317,34,24,,,126,126,72.0,10 December 2020,
MASERATI,Ghibli,430 hp GranSport,8AT,Automatic,2979,Petrol,Internal Combustion Engine (ICE),232,316,0,,,,Euro 6d,False,WLTP,15.5,23.5,29.4,29.1,25,0,18.8,12.6,10.2,10.3,11.9,0,268,0,,,,,329,37,32,,,126,126,72.0,10 December 2020,
MASERATI,Quattroporte,350 hp Essence,A8,Automatic,2979,Petrol,Internal Combustion Engine (ICE),189,257,0,,,,Euro 6d,False,WLTP,14.9,23.5,29.4,29.4,25,0,19.3,12.7,10.1,10.2,11.9,0,270,0,,,,,317,34,24,,,126,126,71.0,11 December 2020,
MASERATI,Quattroporte,350 hp GranLusso,A8,Automatic,2979,Petrol,Internal Combustion Engine (ICE),189,257,0,,,,Euro 6d,False,WLTP,14.9,23.5,29.4,29.4,25,0,19.3,12.7,10.1,10.2,11.9,0,270,0,,,,,317,34,24,,,126,126,71.0,11 December 2020,
MASERATI,Quattroporte,350 hp GranSport,A8,Automatic,2979,Petrol,Internal Combustion Engine (ICE),189,257,0,,,,Euro 6d,False,WLTP,14.9,23.5,29.4,29.4,25,0,19.3,12.7,10.1,10.2,11.9,0,270,0,,,,,317,34,24,,,126,126,71.0,11 December 2020,
MASERATI,Quattroporte,430 hp GranLusso,A8,Automatic,2979,Petrol,Internal Combustion Engine (ICE),232,316,0,,,,Euro 6d,False,WLTP,15.4,23.2,29.1,28.8,24.8,0,18.9,12.8,10.3,10.3,12,0,270,0,,,,,329,37,32,,,126,126,71.0,11 December 2020,
MASERATI,Quattroporte,430 hp GranSport,A8,Automatic,2979,Petrol,Internal Combustion Engine (ICE),232,316,0,,,,Euro 6d,False,WLTP,15.4,23.2,29.1,28.8,24.8,0,18.9,12.8,10.3,10.3,12,0,270,0,,,,,329,37,32,,,126,126,71.0,11 December 2020,
MASERATI,Levante,350 hp Essence,A8,Automatic,2979,Petrol,Internal Combustion Engine (ICE),189,257,0,,,,Euro 6d,False,WLTP,14.9,23,26.4,24.6,22.6,0,20.5,13.8,11.5,12.3,13.4,0,303,0,,,,,409,41,31,,,126,126,69.8,16 February 2022,
MASERATI,Levante,350 hp GranLusso,A8,Automatic,2979,Petrol,Internal Combustion Engine (ICE),189,257,0,,,,Euro 6d,False,WLTP,14.9,23,26.4,24.6,22.6,0,20.5,13.8,11.5,12.3,13.4,0,303,0,,,,,409,41,31,,,126,126,69.8,11 December 2020,
MASERATI,Levante,350 hp GranSport,A8,Automatic,2979,Petrol,Internal Combustion Engine (ICE),189,257,0,,,,Euro 6d,False,WLTP,14.9,23,26.4,24.6,22.6,0,20.5,13.8,11.5,12.3,13.4,0,303,0,,,,,409,41,31,,,126,126,69.8,11 December 2020,
MASERATI,Levante,430 hp GranLusso,A8,Automatic,2979,Petrol,Internal Combustion Engine (ICE),232,316,0,,,,Euro 6d,False,WLTP,14.6,22.1,25.9,24.1,22.4,0,19.9,13.7,11.5,12.3,13.3,0,301,0,,,,,309,31,25,,,126,126,70.0,11 December 2020,
MASERATI,Levante,430 hp GranSport,A8,Automatic,2979,Petrol,Internal Combustion Engine (ICE),232,316,0,,,,Euro 6d,False,WLTP,14.6,22.1,25.9,24.1,22.4,0,19.9,13.7,11.5,12.3,13.3,0,301,0,,,,,309,31,25,,,126,126,70.0,11 December 2020,
MAZDA,Mazda2 Hybrid,Mazda2 Hybrid 1.5 116ps Centre-Line Auto / Black Cloth (01/24),CVT,Automatic,1490,Petrol Electric,Hybrid Electric Vehicle (HEV),92,68,,,,,Euro 6 EB,False,WLTP,100.9,97.4,80.7,56.5,74.3,0,2.8,2.9,3.5,5,3.8,0,87,0,,,,,149,25,10,,0.00,60,60,70.0,10 September 2025,
MAZDA,Mazda2 Hybrid,Mazda2 Hybrid 1.5 116ps Exclusive-Line Auto / Black Cloth (01/24),CVT,Automatic,1490,Petrol Electric,Hybrid Electric Vehicle (HEV),92,68,,,,,Euro 6 EB,False,WLTP,100.9,97.4,80.7,56.5,74.3,0,2.8,2.9,3.5,5,3.8,0,87,0,,,,,149,25,10,,0.00,60,60,70.0,10 September 2025,
MAZDA,Mazda2 Hybrid,Mazda2 Hybrid 1.5 116ps Homura Auto / Cloth-Leatherette (01/24),CVT,Automatic,1490,Petrol Electric,Hybrid Electric Vehicle (HEV),92,68,,,,,Euro 6 EB,False,WLTP,100.9,97.4,80.7,56.5,74.3,0,2.8,2.9,3.5,5,3.8,0,87,0,,,,,149,25,10,,0.00,60,60,70.0,10 September 2025,
MAZDA,Mazda2 Hybrid,Mazda2 Hybrid 1.5 116ps Homura Plus Auto / Cloth-Leatherette (01/24),CVT,Automatic,1490,Petrol Electric,Hybrid Electric Vehicle (HEV),92,68,,,,,Euro 6 EB,False,WLTP,100.9,97.4,80.7,56.5,74.3,0,2.8,2.9,3.5,5,3.8,0,87,0,,,,,149,25,10,,0.00,60,60,70.0,10 September 2025,
MAZDA,Mazda2 Hybrid,Mazda2 Hybrid 1.5 116ps Centre-Line Auto / Black Cloth (05/25),CVT,Automatic,1490,Petrol Electric,Hybrid Electric Vehicle (HEV),92,68,,,,,Euro 6 EB,False,WLTP,100.9,97.4,80.7,56.5,74.3,0,2.8,2.9,3.5,5,3.8,0,87,0,,,,,149,25,10,,0.00,60,60,70.0,10 September 2025,
MAZDA,Mazda2 Hybrid,Mazda2 Hybrid 1.5 116ps Exclusive-Line Auto / Black Cloth (05/25),CVT,Automatic,1490,Petrol Electric,Hybrid Electric Vehicle (HEV),92,68,,,,,Euro 6 EB,False,WLTP,100.9,97.4,80.7,56.5,74.3,0,2.8,2.9,3.5,5,3.8,0,87,0,,,,,149,25,10,,0.00,60,60,70.0,10 September 2025,
MAZDA,Mazda2 Hybrid,Mazda2 Hybrid 1.5 116ps Homura Auto / Cloth-Leatherette (05/25),CVT,Automatic,1490,Petrol Electric,Hybrid Electric Vehicle (HEV),92,68,,,,,Euro 6 EB,False,WLTP,100.9,97.4,80.7,56.5,74.3,0,2.8,2.9,3.5,5,3.8,0,87,0,,,,,149,25,10,,0.00,60,60,70.0,10 September 2025,
MAZDA,Mazda2 Hybrid,Mazda2 Hybrid 1.5 116ps Homura Plus Auto / Cloth-Leatherette (05/25),CVT,Automatic,1490,Petrol Electric,Hybrid Electric Vehicle (HEV),92,68,,,,,Euro 6 EB,False,WLTP,100.9,97.4,80.7,56.5,74.3,0,2.8,2.9,3.5,5,3.8,0,87,0,,,,,149,25,10,,0.00,60,60,70.0,10 September 2025,
MAZDA,Mazda2 Hybrid,Mazda2 Hybrid 1.5 116ps Centre-Line Auto / Black Cloth (01/24),CVT,Automatic,1490,Petrol Electric,Hybrid Electric Vehicle (HEV),92,68,,,0,,Euro 6d,False,WLTP,100.9,97.4,80.7,56.5,74.3,0,2.8,2.9,3.5,5,3.8,0,87,0,,0,,0,149,25,10,0,0.00,60,60,70.0,26 September 2025,
MAZDA,Mazda2 Hybrid,Mazda2 Hybrid 1.5 116ps Exclusive-Line Auto / Black Cloth (01/24),CVT,Automatic,1490,Petrol,Hybrid Electric Vehicle (HEV),92,68,,,0,,Euro 6d,False,WLTP,100.9,97.4,80.7,56.5,74.3,0,2.8,2.9,3.5,5,3.8,0,87,0,,0,,0,149,25,10,0,0.00,60,60,70.0,26 September 2025,
MAZDA,Mazda2 Hybrid,Mazda2 Hybrid 1.5 116ps Homura Auto / Cloth-Leatherette (01/24),CVT,Automatic,1490,Petrol,Hybrid Electric Vehicle (HEV),92,68,,,0,,Euro 6d,False,WLTP,100.9,97.4,80.7,56.5,74.3,0,2.8,2.9,3.5,5,3.8,0,87,0,,0,,0,149,25,10,0,0.00,60,60,70.0,26 September 2025,
MAZDA,Mazda2 Hybrid,Mazda2 Hybrid 1.5 116ps Homura Plus Auto / Cloth-Leatherette (01/24),CVT,Automatic,1490,Petrol Electric,Hybrid Electric Vehicle (HEV),92,68,,,0,,Euro 6d,False,WLTP,100.9,97.4,80.7,56.5,74.3,0,2.8,2.9,3.5,5,3.8,0,87,0,,0,,0,149,25,10,0,0.00,60,60,70.0,26 September 2025,
MAZDA,Mazda2 Hybrid,Mazda2 Hybrid 1.5 116ps Centre-Line Auto / Black Cloth (05/25),CVT,Automatic,1490,Petrol Electric,Hybrid Electric Vehicle (HEV),92,68,,,0,,Euro 6d,False,WLTP,100.9,97.4,80.7,56.5,74.3,0,2.8,2.9,3.5,5,3.8,0,87,0,,0,,0,149,25,10,0,0.00,60,60,70.0,26 September 2025,
MAZDA,Mazda2 Hybrid,Mazda2 Hybrid 1.5 116ps Exclusive-Line Auto / Black Cloth (05/25),CVT,Automatic,1490,Petrol Electric,Hybrid Electric Vehicle (HEV),92,68,,,0,,Euro 6d,False,WLTP,100.9,97.4,80.7,56.5,74.3,0,2.8,2.9,3.5,5,3.8,0,87,0,,0,,0,149,25,10,0,0.00,60,60,70.0,26 September 2025,
MAZDA,Mazda2 Hybrid,Mazda2 Hybrid 1.5 116ps Homura Auto / Cloth-Leatherette (05/25),CVT,Automatic,1490,Petrol Electric,Hybrid Electric Vehicle (HEV),92,68,,,0,,Euro 6d,False,WLTP,100.9,97.4,80.7,56.5,74.3,0,2.8,2.9,3.5,5,3.8,0,87,0,,0,,0,149,25,10,0,0.00,60,60,70.0,26 September 2025,
MAZDA,Mazda2 Hybrid,Mazda2 Hybrid 1.5 116ps Homura Plus Auto / Cloth-Leatherette (05/25),CVT,Automatic,1490,Petrol Electric,Hybrid Electric Vehicle (HEV),92,68,,,0,,Euro 6d,False,WLTP,100.9,97.4,80.7,56.5,74.3,0,2.8,2.9,3.5,5,3.8,0,87,0,,0,,0,149,25,10,0,0.00,60,60,70.0,26 September 2025,
MAZDA,Mazda2 Hybrid,1.5 116ps Centre-Line Auto / Black Cloth (01/24),CVT,Automatic,1490,Petrol Electric,Hybrid Electric Vehicle (HEV),92,68,,,0,,Euro 6d,False,WLTP,100.9,97.4,80.7,56.5,74.3,0,2.8,2.9,3.5,5,3.8,0,87,0,,0,,0,149,25,10,0,0.00,60,60,70.0,26 September 2025,
MAZDA,Mazda2 Hybrid,1.5 116ps Exclusive-Line Auto / Black Cloth (01/24),CVT,Automatic,1490,Petrol Electric,Hybrid Electric Vehicle (HEV),92,68,,,0,,Euro 6d,False,WLTP,100.9,97.4,80.7,56.5,74.3,0,2.8,2.9,3.5,5,3.8,0,87,0,,0,,0,149,25,10,0,0.00,60,60,70.0,26 September 2025,
MAZDA,Mazda2 Hybrid,1.5 116ps Homura Auto / Cloth-Leatherette (01/24),CVT,Automatic,1490,Petrol Electric,Hybrid Electric Vehicle (HEV),92,68,,,0,,Euro 6d,False,WLTP,100.9,97.4,80.7,56.5,74.3,0,2.8,2.9,3.5,5,3.8,0,87,0,,0,,0,149,25,10,0,0.00,60,60,70.0,26 September 2025,
MAZDA,Mazda2 Hybrid,1.5 116ps Homura Plus Auto / Cloth-Leatherette (01/24),CVT,Automatic,1490,Petrol Electric,Hybrid Electric Vehicle (HEV),92,68,,,0,,Euro 6d,False,WLTP,100.9,97.4,80.7,56.5,74.3,0,2.8,2.9,3.5,5,3.8,0,87,0,,0,,0,149,25,10,0,0.00,60,60,70.0,26 September 2025,
MAZDA,Mazda2 Hybrid,1.5 116ps Centre-Line Auto / Black Cloth (05/25),CVT,Automatic,1490,Petrol Electric,Hybrid Electric Vehicle (HEV),92,68,,,0,,Euro 6d,False,WLTP,100.9,97.4,80.7,56.5,74.3,0,2.8,2.9,3.5,5,3.8,0,87,0,,0,,0,149,25,10,0,0.00,60,60,70.0,26 September 2025,
MAZDA,Mazda2 Hybrid,1.5 116ps Exclusive-Line Auto / Black Cloth (05/25),CVT,Automatic,1490,Petrol Electric,Hybrid Electric Vehicle (HEV),92,68,,,0,,Euro 6d,False,WLTP,100.9,97.4,80.7,56.5,74.3,0,2.8,2.9,3.5,5,3.8,0,87,0,,0,,0,149,25,10,0,0.00,60,60,70.0,26 September 2025,
MAZDA,Mazda2 Hybrid,1.5 116ps Homura Auto / Cloth-Leatherette (05/25),CVT,Automatic,1490,Petrol Electric,Hybrid Electric Vehicle (HEV),92,68,,,0,,Euro 6d,False,WLTP,100.9,97.4,80.7,56.5,74.3,0,2.8,2.9,3.5,5,3.8,0,87,0,,0,,0,149,25,10,0,0.00,60,60,70.0,26 September 2025,
MAZDA,Mazda2 Hybrid,1.5 116ps Homura Plus Auto / Cloth-Leatherette (05/25),CVT,Automatic,1490,Petrol Electric,Hybrid Electric Vehicle (HEV),92,68,,,0,,Euro 6d,False,WLTP,100.9,97.4,80.7,56.5,74.3,0,2.8,2.9,3.5,5,3.8,0,87,0,,0,,0,149,25,10,0,0.00,60,60,70.0,26 September 2025,
MAZDA,Mazda3,Mazda3 2.0 186ps Takumi Auto / Black Leather (05/24),6AT,Automatic,1998,Petrol Electric,Mild Hybrid Electric Vehicle (MHEV),186,137,,,,,Euro 6 EA,False,WLTP,37.7,47.9,53.3,42.8,45.6,0,7.5,5.9,5.3,6.6,6.2,0,138,0,,,,,114,14,26,,0.09,60,60,66.0,10 September 2025,
MAZDA,Mazda3,Mazda3 Saloon 2.0 186ps Exclusive-Line / Dark Grey Cloth (05/24),6MT,Manual,1998,Petrol Electric,Mild Hybrid Electric Vehicle (MHEV),186,137,,,,,Euro 6 EA,False,WLTP,42.2,52.3,58.9,49.6,51.4,0,6.7,5.4,4.8,5.7,5.5,0,123,0,,,,,124,15,25,,0.10,60,60,65.0,10 September 2025,
MAZDA,Mazda3,Mazda3 Saloon 2.0 186ps Exclusive-Line Auto / Dark Grey Cloth (05/24),6AT,Automatic,1998,Petrol Electric,Mild Hybrid Electric Vehicle (MHEV),186,137,,,,,Euro 6 EA,False,WLTP,37.7,48.7,54.3,44.1,46.3,0,7.5,5.8,5.2,6.4,6.1,0,135,0,,,,,114,14,26,,0.09,60,60,65.0,10 September 2025,
MAZDA,Mazda3,Mazda3 2.5 140ps Prime-Line / Dark Grey Cloth (06/24),6MT,Manual,2488,Petrol Electric,Mild Hybrid Electric Vehicle (MHEV),140,103,,,,,Euro 6 EA,False,WLTP,35.3,49.6,56.5,47.1,47.9,0,8,5.7,5,6,5.9,0,133,0,,,,,112,19,8,,0.04,60,60,63.0,10 September 2025,
MAZDA,Mazda3,Mazda3 2.5 140ps Centre-Line / Dark Grey Cloth (06/24),6MT,Manual,2488,Petrol Electric,Mild Hybrid Electric Vehicle (MHEV),140,103,,,,,Euro 6 EA,False,WLTP,35.3,49.6,56.5,47.1,47.9,0,8,5.7,5,6,5.9,0,133,0,,,,,112,19,8,,0.04,60,60,63.0,10 September 2025,
MAZDA,Mazda3,Mazda3 2.5 140ps Exclusive-Line / Dark Grey Cloth (06/24),6MT,Manual,2488,Petrol Electric,Mild Hybrid Electric Vehicle (MHEV),140,103,,,,,Euro 6 EA,False,WLTP,35.3,49.6,56.5,47.1,47.9,0,8,5.7,5,6,5.9,0,133,0,,,,,112,19,8,,0.04,60,60,63.0,10 September 2025,
MAZDA,Mazda3,Mazda3 2.5 140ps Homura / Black Cloth (06/24),6MT,Manual,2488,Petrol Electric,Mild Hybrid Electric Vehicle (MHEV),140,103,,,,,Euro 6 EA,False,WLTP,35.3,49.6,56.5,47.1,47.9,0,8,5.7,5,6,5.9,0,133,0,,,,,112,19,8,,0.04,60,60,63.0,10 September 2025,
MAZDA,Mazda3,Mazda3 2.5 140ps Takumi / Black Leather (06/24),6MT,Manual,2488,Petrol Electric,Mild Hybrid Electric Vehicle (MHEV),140,103,,,,,Euro 6 EA,False,WLTP,35.3,49.6,56.5,47.1,47.9,0,8,5.7,5,6,5.9,0,133,0,,,,,112,19,8,,0.04,60,60,63.0,10 September 2025,
MAZDA,Mazda3,Mazda3 2.5 140ps Homura Auto / Black Cloth (06/24),6AT,Automatic,2488,Petrol Electric,Mild Hybrid Electric Vehicle (MHEV),140,103,,,,,Euro 6 EA,False,WLTP,33.6,47.1,53.3,44.1,44.8,0,8.4,6,5.3,6.4,6.3,0,141,0,,,,,96,18,12,,0.10,60,60,63.0,10 September 2025,
MAZDA,Mazda3,Mazda3 2.5 140ps Exclusive-Line Auto / Dark Grey Cloth (06/24),6AT,Automatic,2488,Petrol Electric,Mild Hybrid Electric Vehicle (MHEV),140,103,,,,,Euro 6 EA,False,WLTP,33.6,47.1,53.3,44.1,44.8,0,8.4,6,5.3,6.4,6.3,0,141,0,,,,,96,18,12,,0.10,60,60,63.0,10 September 2025,
MAZDA,Mazda3,Mazda3 2.5 140ps Takumi Auto / Black Leather (06/24),6AT,Automatic,2488,Petrol Electric,Mild Hybrid Electric Vehicle (MHEV),140,103,,,,,Euro 6 EA,False,WLTP,33.6,47.1,53.3,44.1,44.8,0,8.4,6,5.3,6.4,6.3,0,141,0,,,,,96,18,12,,0.10,60,60,63.0,10 September 2025,
MAZDA,Mazda3,Mazda3 2.0 186ps Centre-Line / Dark Grey Cloth (05/24),6MT,Manual,1998,Petrol Electric,Mild Hybrid Electric Vehicle (MHEV),186,137,,,,,Euro 6 EA,False,WLTP,42.2,52.3,58.9,49.6,51.4,0,6.7,5.4,4.8,5.7,5.5,0,123,0,,,,,124,15,25,,0.10,60,60,66.0,10 September 2025,
MAZDA,Mazda3,Mazda3 2.0 186ps Homura / Black Cloth (05/24),6MT,Manual,1998,Petrol Electric,Mild Hybrid Electric Vehicle (MHEV),186,137,,,,,Euro 6 EA,False,WLTP,42.2,52.3,58.9,49.6,51.4,0,6.7,5.4,4.8,5.7,5.5,0,123,0,,,,,124,15,25,,0.10,60,60,66.0,10 September 2025,
MAZDA,Mazda3,Mazda3 2.0 186ps Takumi / Black Leather (05/24),6MT,Manual,1998,Petrol Electric,Mild Hybrid Electric Vehicle (MHEV),186,137,,,,,Euro 6 EA,False,WLTP,42.2,52.3,58.9,49.6,51.4,0,6.7,5.4,4.8,5.7,5.5,0,123,0,,,,,124,15,25,,0.10,60,60,66.0,10 September 2025,
MAZDA,Mazda3,Mazda3 2.0 186ps Exclusive-Line / Dark Grey Cloth (05/24),6MT,Manual,1998,Petrol Electric,Mild Hybrid Electric Vehicle (MHEV),186,137,,,,,Euro 6 EA,False,WLTP,42.2,52.3,58.9,49.6,51.4,0,6.7,5.4,4.8,5.7,5.5,0,123,0,,,,,124,15,25,,0.10,60,60,66.0,10 September 2025,
MAZDA,Mazda3,Mazda3 2.0 186ps Homura Auto / Black Cloth (05/24),6AT,Automatic,1998,Petrol Electric,Mild Hybrid Electric Vehicle (MHEV),186,137,,,,,Euro 6 EA,False,WLTP,37.7,47.9,53.3,42.8,45.6,0,7.5,5.9,5.3,6.6,6.2,0,138,0,,,,,114,14,26,,0.09,60,60,66.0,10 September 2025,
MAZDA,Mazda3,Mazda3 2.0 186ps Exclusive-Line Auto / Dark Grey Cloth (05/24),6AT,Automatic,1998,Petrol Electric,Mild Hybrid Electric Vehicle (MHEV),186,137,,,,,Euro 6 EA,False,WLTP,37.7,47.9,53.3,42.8,45.6,0,7.5,5.9,5.3,6.6,6.2,0,138,0,,,,,114,14,26,,0.09,60,60,66.0,10 September 2025,
MAZDA,Mazda3,2.5 140ps Prime-Line / Dark Grey Cloth (06/24),6MT,Manual,2488,Petrol Electric,Mild Hybrid Electric Vehicle (MHEV),140,103,,,0,,Euro 6d,False,WLTP,35.3,49.6,56.5,47.1,47.9,0,8,5.7,5,6,5.9,0,133,0,,0,,0,112,19,8,0,0.04,60,60,63.0,26 September 2025,
MAZDA,Mazda3,2.5 140ps Centre-Line / Dark Grey Cloth (06/24),6MT,Manual,2488,Petrol Electric,Mild Hybrid Electric Vehicle (MHEV),140,103,,,0,,Euro 6d,False,WLTP,35.3,49.6,56.5,47.1,47.9,0,8,5.7,5,6,5.9,0,133,0,,0,,0,112,19,8,0,0.04,60,60,63.0,26 September 2025,
MAZDA,Mazda3,2.5 140ps Exclusive-Line / Dark Grey Cloth (06/24),6MT,Manual,2488,Petrol Electric,Mild Hybrid Electric Vehicle (MHEV),140,103,,,0,,Euro 6d,False,WLTP,35.3,49.6,56.5,47.1,47.9,0,8,5.7,5,6,5.9,0,133,0,,0,,0,112,19,8,0,0.04,60,60,63.0,26 September 2025,
MAZDA,Mazda3,2.5 140ps Homura / Black Cloth (06/24),6MT,Manual,2488,Petrol Electric,Mild Hybrid Electric Vehicle (MHEV),140,103,,,0,,Euro 6d,False,WLTP,35.3,49.6,56.5,47.1,47.9,0,8,5.7,5,6,5.9,0,133,0,,0,,0,112,19,8,0,0.04,60,60,63.0,26 September 2025,
MAZDA,Mazda3,2.5 140ps Takumi / Black Leather (06/24),6MT,Manual,2488,Petrol Electric,Mild Hybrid Electric Vehicle (MHEV),140,103,,,0,,Euro 6d,False,WLTP,35.3,49.6,56.5,47.1,47.9,0,8,5.7,5,6,5.9,0,133,0,,0,,0,112,19,8,0,0.04,60,60,63.0,26 September 2025,
MAZDA,Mazda3,2.5 140ps Homura Auto / Black Cloth (06/24),6AT,Automatic,2488,Petrol Electric,Mild Hybrid Electric Vehicle (MHEV),140,103,,,0,,Euro 6d,False,WLTP,33.6,47.1,53.3,44.1,44.8,0,8.4,6,5.3,6.4,6.3,0,141,0,,0,,0,96,18,12,0,0.10,60,60,63.0,26 September 2025,
MAZDA,Mazda3,2.5 140ps Exclusive-Line Auto / Dark Grey Cloth (06/24),6AT,Automatic,2488,Petrol Electric,Mild Hybrid Electric Vehicle (MHEV),140,103,,,0,,Euro 6d,False,WLTP,33.6,47.1,53.3,44.1,44.8,0,8.4,6,5.3,6.4,6.3,0,141,0,,0,,0,96,18,12,0,0.10,60,60,63.0,26 September 2025,
MAZDA,Mazda3,2.5 140ps Takumi Auto / Black Leather (06/24),6AT,Automatic,2488,Petrol Electric,Mild Hybrid Electric Vehicle (MHEV),140,103,,,0,,Euro 6d,False,WLTP,33.6,47.1,53.3,44.1,44.8,0,8.4,6,5.3,6.4,6.3,0,141,0,,0,,0,96,18,12,0,0.10,60,60,63.0,26 September 2025,
MAZDA,Mazda3,2.0 186ps Centre-Line / Dark Grey Cloth (05/24),6MT,Manual,1998,Petrol Electric,Mild Hybrid Electric Vehicle (MHEV),186,137,,,0,,Euro 6d,False,WLTP,42.2,52.3,58.9,49.6,51.4,0,6.7,5.4,4.8,5.7,5.5,0,123,0,,0,,0,124,15,25,0,0.10,60,60,66.0,26 September 2025,
MAZDA,Mazda3,2.0 186ps Homura / Black Cloth (05/24),6MT,Manual,1998,Petrol Electric,Mild Hybrid Electric Vehicle (MHEV),186,137,,,0,,Euro 6d,False,WLTP,42.2,52.3,58.9,49.6,51.4,0,6.7,5.4,4.8,5.7,5.5,0,123,0,,0,,0,124,15,25,0,0.10,60,60,66.0,26 September 2025,
MAZDA,Mazda3,2.0 186ps Takumi / Black Leather (05/24),6MT,Manual,1998,Petrol Electric,Mild Hybrid Electric Vehicle (MHEV),186,137,,,0,,Euro 6d,False,WLTP,42.2,52.3,58.9,49.6,51.4,0,6.7,5.4,4.8,5.7,5.5,0,123,0,,0,,0,124,15,25,0,0.10,60,60,66.0,26 September 2025,
MAZDA,Mazda3,2.0 186ps Exclusive-Line / Dark Grey Cloth (05/24),6MT,Manual,1998,Petrol Electric,Mild Hybrid Electric Vehicle (MHEV),186,137,,,0,,Euro 6d,False,WLTP,42.2,52.3,58.9,49.6,51.4,0,6.7,5.4,4.8,5.7,5.5,0,123,0,,0,,0,124,15,25,0,0.10,60,60,66.0,26 September 2025,
MAZDA,Mazda3,2.0 186ps Homura Auto / Black Cloth (05/24),6AT,Automatic,1998,Petrol Electric,Mild Hybrid Electric Vehicle (MHEV),186,137,,,0,,Euro 6d,False,WLTP,37.7,47.9,53.3,42.8,45.6,0,7.5,5.9,5.3,6.6,6.2,0,138,0,,0,,0,114,14,26,0,0.09,60,60,66.0,26 September 2025,
MAZDA,Mazda3,2.0 186ps Exclusive-Line Auto / Dark Grey Cloth (05/24),6AT,Automatic,1998,Petrol Electric,Mild Hybrid Electric Vehicle (MHEV),186,137,,,0,,Euro 6d,False,WLTP,37.7,47.9,53.3,42.8,45.6,0,7.5,5.9,5.3,6.6,6.2,0,138,0,,0,,0,114,14,26,0,0.09,60,60,66.0,26 September 2025,
MAZDA,Mazda3,2.0 186ps Takumi Auto / Black Leather (05/24),6AT,Automatic,1998,Petrol Electric,Mild Hybrid Electric Vehicle (MHEV),186,137,,,0,,Euro 6d,False,WLTP,37.7,47.9,53.3,42.8,45.6,0,7.5,5.9,5.3,6.6,6.2,0,138,0,,0,,0,114,14,26,0,0.09,60,60,66.0,26 September 2025,
MAZDA,Mazda3,Saloon 2.0 186ps Exclusive-Line / Dark Grey Cloth (05/24),6MT,Manual,1998,Petrol Electric,Mild Hybrid Electric Vehicle (MHEV),186,137,,,0,,Euro 6d,False,WLTP,42.2,52.3,58.9,49.6,51.4,0,6.7,5.4,4.8,5.7,5.5,0,123,0,,0,,0,124,15,25,0,0.10,60,60,65.0,26 September 2025,
MAZDA,Mazda3,Mazda3 2.5 140ps Prime-Line / Dark Grey Cloth (06/24),6MT,Manual,2488,Petrol Electric,Mild Hybrid Electric Vehicle (MHEV),140,103,,,0,,Euro 6d,False,WLTP,35.3,49.6,56.5,47.1,47.9,0,8,5.7,5,6,5.9,0,133,0,,0,,0,112,19,8,0,0.04,60,60,63.0,26 September 2025,
MAZDA,Mazda3,Mazda3 2.5 140ps Centre-Line / Dark Grey Cloth (06/24),6MT,Manual,2488,Petrol Electric,Mild Hybrid Electric Vehicle (MHEV),140,103,,,0,,Euro 6d,False,WLTP,35.3,49.6,56.5,47.1,47.9,0,8,5.7,5,6,5.9,0,133,0,,0,,0,112,19,8,0,0.04,60,60,63.0,26 September 2025,
MAZDA,Mazda3,Mazda3 2.0 186ps Exclusive-Line / Dark Grey Cloth (05/24),6MT,Manual,1998,Petrol Electric,Mild Hybrid Electric Vehicle (MHEV),186,137,,,0,,Euro 6d,False,WLTP,42.2,52.3,58.9,49.6,51.4,0,6.7,5.4,4.8,5.7,5.5,0,123,0,,0,,0,124,15,25,0,0.10,60,60,66.0,26 September 2025,
MAZDA,Mazda3,Mazda3 2.0 186ps Homura Auto / Black Cloth (05/24),6AT,Automatic,1998,Petrol Electric,Mild Hybrid Electric Vehicle (MHEV),186,137,,,0,,Euro 6d,False,WLTP,37.7,47.9,53.3,42.8,45.6,0,7.5,5.9,5.3,6.6,6.2,0,138,0,,0,,0,114,14,26,0,0.09,60,60,66.0,26 September 2025,
MAZDA,Mazda3,Mazda3 2.0 186ps Exclusive-Line Auto / Dark Grey Cloth (05/24),6AT,Automatic,1998,Petrol Electric,Mild Hybrid Electric Vehicle (MHEV),186,137,,,0,,Euro 6d,False,WLTP,37.7,47.9,53.3,42.8,45.6,0,7.5,5.9,5.3,6.6,6.2,0,138,0,,0,,0,114,14,26,0,0.09,60,60,66.0,26 September 2025,
MAZDA,Mazda3,Mazda3 2.0 186ps Takumi Auto / Black Leather (05/24),6AT,Automatic,1998,Petrol Electric,Mild Hybrid Electric Vehicle (MHEV),186,137,,,0,,Euro 6d,False,WLTP,37.7,47.9,53.3,42.8,45.6,0,7.5,5.9,5.3,6.6,6.2,0,138,0,,0,,0,114,14,26,0,0.09,60,60,66.0,26 September 2025,
MAZDA,Mazda3,Mazda3 Saloon 2.0 186ps Exclusive-Line / Dark Grey Cloth (05/24),6MT,Manual,1998,Petrol Electric,Mild Hybrid Electric Vehicle (MHEV),186,137,,,0,,Euro 6d,False,WLTP,42.2,52.3,58.9,49.6,51.4,0,6.7,5.4,4.8,5.7,5.5,0,123,0,,0,,0,124,15,25,0,0.10,60,60,65.0,26 September 2025,
MAZDA,Mazda3,Mazda3 Saloon 2.0 186ps Exclusive-Line Auto / Dark Grey Cloth (05/24),6AT,Automatic,1998,Petrol Electric,Mild Hybrid Electric Vehicle (MHEV),186,137,,,0,,Euro 6d,False,WLTP,37.7,48.7,54.3,44.1,46.3,0,7.5,5.8,5.2,6.4,6.1,0,135,0,,0,,0,114,14,26,0,0.09,60,60,65.0,26 September 2025,
MAZDA,Mazda3,Saloon 2.0 186ps Exclusive-Line Auto / Dark Grey Cloth (05/24),6AT,Automatic,1998,Petrol Electric,Mild Hybrid Electric Vehicle (MHEV),186,137,,,0,,Euro 6d,False,WLTP,37.7,48.7,54.3,44.1,46.3,0,7.5,5.8,5.2,6.4,6.1,0,135,0,,0,,0,114,14,26,0,0.09,60,60,65.0,26 September 2025,
MAZDA,Mazda3,Mazda3 2.5 140ps Exclusive-Line / Dark Grey Cloth (06/24),6MT,Manual,2488,Petrol Electric,Mild Hybrid Electric Vehicle (MHEV),140,103,,,0,,Euro 6d,False,WLTP,35.3,49.6,56.5,47.1,47.9,0,8,5.7,5,6,5.9,0,133,0,,0,,0,112,19,8,0,0.04,60,60,63.0,26 September 2025,
MAZDA,Mazda3,Mazda3 2.5 140ps Homura / Black Cloth (06/24),6MT,Manual,2488,Petrol Electric,Mild Hybrid Electric Vehicle (MHEV),140,103,,,0,,Euro 6d,False,WLTP,35.3,49.6,56.5,47.1,47.9,0,8,5.7,5,6,5.9,0,133,0,,0,,0,112,19,8,0,0.04,60,60,63.0,26 September 2025,
MAZDA,Mazda3,Mazda3 2.5 140ps Takumi / Black Leather (06/24),6MT,Manual,2488,Petrol Electric,Mild Hybrid Electric Vehicle (MHEV),140,103,,,0,,Euro 6d,False,WLTP,35.3,49.6,56.5,47.1,47.9,0,8,5.7,5,6,5.9,0,133,0,,0,,0,112,19,8,0,0.04,60,60,63.0,26 September 2025,
MAZDA,Mazda3,Mazda3 2.5 140ps Homura Auto / Black Cloth (06/24),6AT,Automatic,2488,Petrol Electric,Mild Hybrid Electric Vehicle (MHEV),140,103,,,0,,Euro 6d,False,WLTP,33.6,47.1,53.3,44.1,44.8,0,8.4,6,5.3,6.4,6.3,0,141,0,,0,,0,96,18,12,0,0.10,60,60,63.0,26 September 2025,
MAZDA,Mazda3,Mazda3 2.5 140ps Exclusive-Line Auto / Dark Grey Cloth (06/24),6AT,Automatic,2488,Petrol Electric,Mild Hybrid Electric Vehicle (MHEV),140,103,,,0,,Euro 6d,False,WLTP,33.6,47.1,53.3,44.1,44.8,0,8.4,6,5.3,6.4,6.3,0,141,0,,0,,0,96,18,12,0,0.10,60,60,63.0,26 September 2025,
MAZDA,Mazda3,Mazda3 2.5 140ps Takumi Auto / Black Leather (06/24),6AT,Automatic,2488,Petrol Electric,Mild Hybrid Electric Vehicle (MHEV),140,103,,,0,,Euro 6d,False,WLTP,33.6,47.1,53.3,44.1,44.8,0,8.4,6,5.3,6.4,6.3,0,141,0,,0,,0,96,18,12,0,0.10,60,60,63.0,26 September 2025,
MAZDA,Mazda3,Mazda3 2.0 186ps Centre-Line / Dark Grey Cloth (05/24),6MT,Manual,1998,Petrol Electric,Mild Hybrid Electric Vehicle (MHEV),186,137,,,0,,Euro 6d,False,WLTP,42.2,52.3,58.9,49.6,51.4,0,6.7,5.4,4.8,5.7,5.5,0,123,0,,0,,0,124,15,25,0,0.10,60,60,66.0,26 September 2025,
MAZDA,Mazda3,Mazda3 2.0 186ps Homura / Black Cloth (05/24),6MT,Manual,1998,Petrol Electric,Mild Hybrid Electric Vehicle (MHEV),186,137,,,0,,Euro 6d,False,WLTP,42.2,52.3,58.9,49.6,51.4,0,6.7,5.4,4.8,5.7,5.5,0,123,0,,0,,0,124,15,25,0,0.10,60,60,66.0,26 September 2025,
MAZDA,Mazda3,Mazda3 2.0 186ps Takumi / Black Leather (05/24),6MT,Manual,1998,Petrol Electric,Mild Hybrid Electric Vehicle (MHEV),186,137,,,0,,Euro 6d,False,WLTP,42.2,52.3,58.9,49.6,51.4,0,6.7,5.4,4.8,5.7,5.5,0,123,0,,0,,0,124,15,25,0,0.10,60,60,66.0,26 September 2025,
MAZDA,Mazda CX-5,Mazda CX-5 2.2D 184ps 2WD Exclusive-Line / Black Leather (09/24),6MT,Manual,2191,Diesel Electric,Mild Hybrid Electric Vehicle (MHEV),184,135,,,0,,Euro 6d,False,WLTP,45.6,53.3,60.1,44.8,50.4,0,6.2,5.3,4.7,6.3,5.6,0,147,0,,0,,0,71,0,62,73,0.10,80,80,67.0,26 September 2025,
MAZDA,Mazda CX-5,Mazda CX-5 2.2D 184ps 2WD Exclusive-Line Auto / Black Leather (09/24),6AT,Automatic,2191,Diesel Electric,Mild Hybrid Electric Vehicle (MHEV),184,135,,,0,,Euro 6d,False,WLTP,37.7,47.9,54.3,43.5,46.3,0,7.5,5.9,5.2,6.5,6.1,0,160,0,,0,,0,56,0,35,47,0.13,80,80,67.0,26 September 2025,
MAZDA,Mazda CX-5,Mazda CX-5 2.2D 184ps AWD Takumi Auto / Brown Nappa Leather (09/24),6AT,Automatic,2191,Diesel Electric,Mild Hybrid Electric Vehicle (MHEV),184,135,,,0,,Euro 6d,False,WLTP,35.8,43.5,52.3,39.2,42.8,0,7.9,6.5,5.4,7.2,6.6,0,173,0,,0,,0,67,0,64,76,0.08,80,80,67.0,26 September 2025,
MAZDA,Mazda CX-5,Mazda CX-5 2.0 165ps 2WD Newground / Black Leatherette (12/22),6MT,Manual,1998,Petrol Electric,Mild Hybrid Electric Vehicle (MHEV),165,121,,,,,Euro 6d,False,WLTP,35.3,44.8,50.4,41.5,43.5,0,8,6.3,5.6,6.8,6.5,0,146,0,,,,,146,32,15,,0.02,60,60,66.0,10 September 2025,
MAZDA,Mazda CX-5,Mazda CX-5 2.0 165ps 2WD Exclusive-Line / Black Leather (12/22),6MT,Manual,1998,Petrol Electric,Mild Hybrid Electric Vehicle (MHEV),165,121,,,,,Euro 6d,False,WLTP,35.3,44.8,50.4,41.5,43.5,0,8,6.3,5.6,6.8,6.5,0,146,0,,,,,146,32,15,,0.02,60,60,66.0,10 September 2025,
MAZDA,Mazda CX-5,Mazda CX-5 2.0 165ps 2WD Exclusive-Line / Black Leather / Drv Assist (12/22),6MT,Manual,1998,Petrol Electric,Mild Hybrid Electric Vehicle (MHEV),165,121,,,,,Euro 6d,False,WLTP,35.3,44.8,50.4,41.5,43.5,0,8,6.3,5.6,6.8,6.5,0,146,0,,,,,146,32,15,,0.02,60,60,66.0,10 September 2025,
MAZDA,Mazda CX-5,Mazda CX-5 2.0 165ps 2WD Homura / Black Leather (12/22),6MT,Manual,1998,Petrol Electric,Mild Hybrid Electric Vehicle (MHEV),165,121,,,,,Euro 6d,False,WLTP,35.3,44.8,50.4,41.5,43.5,0,8,6.3,5.6,6.8,6.5,0,146,0,,,,,146,32,15,,0.02,60,60,66.0,10 September 2025,
MAZDA,Mazda CX-5,Mazda CX-5 2.0 165ps 2WD Takumi / Brown Nappa Leather (12/22),6MT,Manual,1998,Petrol Electric,Mild Hybrid Electric Vehicle (MHEV),165,121,,,,,Euro 6d,False,WLTP,35.3,44.8,50.4,41.5,43.5,0,8,6.3,5.6,6.8,6.5,0,146,0,,,,,146,32,15,,0.02,60,60,66.0,10 September 2025,
MAZDA,Mazda CX-5,Mazda CX-5 2.0 165ps 2WD Centre-Line / Black Cloth (09/24),6MT,Manual,1998,Petrol Electric,Mild Hybrid Electric Vehicle (MHEV),165,121,,,,,Euro 6d,False,WLTP,35.3,44.8,50.4,41.5,43.5,0,8,6.3,5.6,6.8,6.5,0,146,0,,,,,146,32,15,,0.02,60,60,66.0,10 September 2025,
MAZDA,Mazda CX-5,Mazda CX-5 2.0 165ps 2WD Newground / Black Leatherette (09/24),6MT,Manual,1998,Petrol Electric,Mild Hybrid Electric Vehicle (MHEV),165,121,,,,,Euro 6d,False,WLTP,35.3,44.8,50.4,41.5,43.5,0,8,6.3,5.6,6.8,6.5,0,146,0,,,,,146,32,15,,0.02,60,60,66.0,10 September 2025,
MAZDA,Mazda CX-5,Mazda CX-5 2.0 165ps 2WD Exclusive-Line / Black Leather (09/24),6MT,Manual,1998,Petrol Electric,Mild Hybrid Electric Vehicle (MHEV),165,121,,,,,Euro 6d,False,WLTP,35.3,44.8,50.4,41.5,43.5,0,8,6.3,5.6,6.8,6.5,0,146,0,,,,,146,32,15,,0.02,60,60,66.0,10 September 2025,
MAZDA,Mazda CX-5,Mazda CX-5 2.0 165ps 2WD Exclusive-Line / Black Leather / Drv Assist (09/24),6MT,Manual,1998,Petrol Electric,Mild Hybrid Electric Vehicle (MHEV),165,121,,,,,Euro 6d,False,WLTP,35.3,44.8,50.4,41.5,43.5,0,8,6.3,5.6,6.8,6.5,0,146,0,,,,,146,32,15,,0.02,60,60,66.0,10 September 2025,
MAZDA,Mazda CX-5,Mazda CX-5 2.0 165ps 2WD Homura / Black Leather (09/24),6MT,Manual,1998,Petrol Electric,Mild Hybrid Electric Vehicle (MHEV),165,121,,,,,Euro 6d,False,WLTP,35.3,44.8,50.4,41.5,43.5,0,8,6.3,5.6,6.8,6.5,0,146,0,,,,,146,32,15,,0.02,60,60,66.0,10 September 2025,
MAZDA,Mazda CX-5,Mazda CX-5 2.0 165ps 2WD Takumi / Brown Nappa Leather (09/24),6MT,Manual,1998,Petrol Electric,Mild Hybrid Electric Vehicle (MHEV),165,121,,,,,Euro 6d,False,WLTP,35.3,44.8,50.4,41.5,43.5,0,8,6.3,5.6,6.8,6.5,0,146,0,,,,,146,32,15,,0.02,60,60,66.0,10 September 2025,
MAZDA,Mazda CX-5,Mazda CX-5 2.0 165ps 2WD Exclusive-Line Auto / Black Leather (12/22),6AT,Automatic,1998,Petrol Electric,Mild Hybrid Electric Vehicle (MHEV),165,121,,,,,Euro 6d,False,WLTP,32.8,42.8,47.9,38.7,40.9,0,8.6,6.6,5.9,7.3,6.9,0,156,0,,,,,101,25,10,,0.07,60,60,66.0,10 September 2025,
MAZDA,Mazda CX-5,Mazda CX-5 2.0 165ps 2WD Homura Auto / Black Leather (12/22),6AT,Automatic,1998,Petrol Electric,Mild Hybrid Electric Vehicle (MHEV),165,121,,,,,Euro 6d,False,WLTP,32.8,42.8,47.9,38.7,40.9,0,8.6,6.6,5.9,7.3,6.9,0,156,0,,,,,101,25,10,,0.07,60,60,66.0,10 September 2025,
MAZDA,Mazda CX-5,Mazda CX-5 2.0 165ps 2WD Centre-Line / Black Cloth (09/24),6MT,Manual,1998,Petrol Electric,Mild Hybrid Electric Vehicle (MHEV),165,121,,,,,Euro 6d,False,WLTP,35.3,44.8,50.4,41.5,43.5,0,8,6.3,5.6,6.8,6.5,0,146,0,,,,,146,32,15,,0.02,60,60,66.0,10 September 2025,
MAZDA,Mazda CX-5,Mazda CX-5 2.0 165ps 2WD Newground / Black Leatherette (09/24),6MT,Manual,1998,Petrol Electric,Mild Hybrid Electric Vehicle (MHEV),165,121,,,,,Euro 6d,False,WLTP,35.3,44.8,50.4,41.5,43.5,0,8,6.3,5.6,6.8,6.5,0,146,0,,,,,146,32,15,,0.02,60,60,66.0,10 September 2025,
MAZDA,Mazda CX-5,Mazda CX-5 2.0 165ps 2WD Exclusive-Line / Black Leather (09/24),6MT,Manual,1998,Petrol Electric,Mild Hybrid Electric Vehicle (MHEV),165,121,,,,,Euro 6d,False,WLTP,35.3,44.8,50.4,41.5,43.5,0,8,6.3,5.6,6.8,6.5,0,146,0,,,,,146,32,15,,0.02,60,60,66.0,10 September 2025,
MAZDA,Mazda CX-5,Mazda CX-5 2.0 165ps 2WD Exclusive-Line / Black Leather / Drv Assist (09/24),6MT,Manual,1998,Petrol Electric,Mild Hybrid Electric Vehicle (MHEV),165,121,,,,,Euro 6d,False,WLTP,35.3,44.8,50.4,41.5,43.5,0,8,6.3,5.6,6.8,6.5,0,146,0,,,,,146,32,15,,0.02,60,60,66.0,10 September 2025,
MAZDA,Mazda CX-5,Mazda CX-5 2.0 165ps 2WD Homura / Black Leather (09/24),6MT,Manual,1998,Petrol Electric,Mild Hybrid Electric Vehicle (MHEV),165,121,,,,,Euro 6d,False,WLTP,35.3,44.8,50.4,41.5,43.5,0,8,6.3,5.6,6.8,6.5,0,146,0,,,,,146,32,15,,0.02,60,60,66.0,10 September 2025,
MAZDA,Mazda CX-5,Mazda CX-5 2.0 165ps 2WD Takumi / Brown Nappa Leather (09/24),6MT,Manual,1998,Petrol Electric,Mild Hybrid Electric Vehicle (MHEV),165,121,,,,,Euro 6d,False,WLTP,35.3,44.8,50.4,41.5,43.5,0,8,6.3,5.6,6.8,6.5,0,146,0,,,,,146,32,15,,0.02,60,60,66.0,10 September 2025,
MAZDA,Mazda CX-5,Mazda CX-5 2.0 165ps 2WD Centre-Line Auto / Black Cloth (09/24),6AT,Automatic,1998,Petrol Electric,Mild Hybrid Electric Vehicle (MHEV),165,121,,,,,Euro 6d,False,WLTP,32.5,43.5,47.9,38.7,40.9,0,8.7,6.5,5.9,7.3,6.9,0,155,0,,,,,112,24,9,,0.04,60,60,66.0,10 September 2025,
MAZDA,Mazda CX-5,Mazda CX-5 2.0 165ps 2WD Newground Auto / Black Leatherette (09/24),6AT,Automatic,1998,Petrol Electric,Mild Hybrid Electric Vehicle (MHEV),165,121,,,,,Euro 6d,False,WLTP,32.5,43.5,47.9,38.7,40.9,0,8.7,6.5,5.9,7.3,6.9,0,155,0,,,,,112,24,9,,0.04,60,60,66.0,10 September 2025,
MAZDA,Mazda CX-5,Mazda CX-5 2.0 165ps 2WD Exclusive-Line Auto / Black Leather (09/24),6AT,Automatic,1998,Petrol Electric,Mild Hybrid Electric Vehicle (MHEV),165,121,,,,,Euro 6d,False,WLTP,32.5,43.5,47.9,38.7,40.9,0,8.7,6.5,5.9,7.3,6.9,0,155,0,,,,,112,24,9,,0.04,60,60,66.0,10 September 2025,
MAZDA,Mazda CX-5,Mazda CX-5 2.0 165ps 2WD Exclusive-Line Auto / Black Leather / Drv Assist (09/24),6AT,Automatic,1998,Petrol Electric,Mild Hybrid Electric Vehicle (MHEV),165,121,,,,,Euro 6d,False,WLTP,32.5,43.5,47.9,38.7,40.9,0,8.7,6.5,5.9,7.3,6.9,0,155,0,,,,,112,24,9,,0.04,60,60,66.0,10 September 2025,
MAZDA,Mazda CX-5,Mazda CX-5 2.0 165ps 2WD Homura Auto / Black Leather (09/24),6AT,Automatic,1998,Petrol Electric,Mild Hybrid Electric Vehicle (MHEV),165,121,,,,,Euro 6d,False,WLTP,32.5,43.5,47.9,38.7,40.9,0,8.7,6.5,5.9,7.3,6.9,0,155,0,,,,,112,24,9,,0.04,60,60,66.0,10 September 2025,
MAZDA,Mazda CX-5,Mazda CX-5 2.0 165ps 2WD Takumi Auto / Brown Nappa Leather (09/24),6AT,Automatic,1998,Petrol Electric,Mild Hybrid Electric Vehicle (MHEV),165,121,,,,,Euro 6d,False,WLTP,32.5,43.5,47.9,38.7,40.9,0,8.7,6.5,5.9,7.3,6.9,0,155,0,,,,,112,24,9,,0.04,60,60,66.0,10 September 2025,
MAZDA,Mazda CX-5,Mazda CX-5 2.5 194ps AWD Takumi Auto / Brown Nappa Leather (09/24),6AT,Automatic,2488,Petrol Electric,Mild Hybrid Electric Vehicle (MHEV),194,143,,,,,Euro 6d,False,WLTP,28.2,39.2,42.8,36.2,37.2,0,10,7.2,6.6,7.8,7.6,0,171,0,,,,,84,19,12,,0.40,60,60,66.0,10 September 2025,
MAZDA,Mazda CX-5,2.0 165ps 2WD Newground / Black Leatherette (12/22),6MT,Manual,1998,Petrol Electric,Mild Hybrid Electric Vehicle (MHEV),165,121,,,0,,Euro 6d,False,WLTP,35.3,44.8,50.4,41.5,43.5,0,8,6.3,5.6,6.8,6.5,0,146,0,,0,,0,146,32,15,0,0.02,60,60,66.0,26 September 2025,
MAZDA,Mazda CX-5,2.0 165ps 2WD Homura / Black Leather (09/24),6MT,Manual,1998,Petrol Electric,Mild Hybrid Electric Vehicle (MHEV),165,121,,,0,,Euro 6d,False,WLTP,35.3,44.8,50.4,41.5,43.5,0,8,6.3,5.6,6.8,6.5,0,146,0,,0,,0,146,32,15,0,0.02,60,60,66.0,26 September 2025,
MAZDA,Mazda CX-5,2.0 165ps 2WD Takumi / Brown Nappa Leather (09/24),6MT,Manual,1998,Petrol Electric,Mild Hybrid Electric Vehicle (MHEV),165,121,,,0,,Euro 6d,False,WLTP,35.3,44.8,50.4,41.5,43.5,0,8,6.3,5.6,6.8,6.5,0,146,0,,0,,0,146,32,15,0,0.02,60,60,66.0,26 September 2025,
MAZDA,Mazda CX-5,2.0 165ps 2WD Exclusive-Line Auto / Black Leather (12/22),6AT,Automatic,1998,Petrol Electric,Mild Hybrid Electric Vehicle (MHEV),165,121,,,0,,Euro 6d,False,WLTP,32.8,42.8,47.9,38.7,40.9,0,8.6,6.6,5.9,7.3,6.9,0,156,0,,0,,0,101,25,10,0,0.07,60,60,66.0,26 September 2025,
MAZDA,Mazda CX-5,2.0 165ps 2WD Homura Auto / Black Leather (12/22),6AT,Automatic,1998,Petrol Electric,Mild Hybrid Electric Vehicle (MHEV),165,121,,,0,,Euro 6d,False,WLTP,32.8,42.8,47.9,38.7,40.9,0,8.6,6.6,5.9,7.3,6.9,0,156,0,,0,,0,101,25,10,0,0.07,60,60,66.0,26 September 2025,
MAZDA,Mazda CX-5,2.0 165ps 2WD Centre-Line Auto / Black Cloth (09/24),6AT,Automatic,1998,Petrol Electric,Mild Hybrid Electric Vehicle (MHEV),165,121,,,0,,Euro 6d,False,WLTP,32.5,43.5,47.9,38.7,40.9,0,8.7,6.5,5.9,7.3,6.9,0,155,0,,0,,0,112,24,9,0,0.04,60,60,66.0,26 September 2025,
MAZDA,Mazda CX-5,2.0 165ps 2WD Newground Auto / Black Leatherette (09/24),6AT,Automatic,1998,Petrol Electric,Mild Hybrid Electric Vehicle (MHEV),165,121,,,0,,Euro 6d,False,WLTP,32.5,43.5,47.9,38.7,40.9,0,8.7,6.5,5.9,7.3,6.9,0,155,0,,0,,0,112,24,9,0,0.04,60,60,66.0,26 September 2025,
MAZDA,Mazda CX-5,2.0 165ps 2WD Exclusive-Line / Black Leather (12/22),6MT,Manual,1998,Petrol Electric,Mild Hybrid Electric Vehicle (MHEV),165,121,,,0,,Euro 6d,False,WLTP,35.3,44.8,50.4,41.5,43.5,0,8,6.3,5.6,6.8,6.5,0,146,0,,0,,0,146,32,15,0,0.02,60,60,66.0,26 September 2025,
MAZDA,Mazda CX-5,2.0 165ps 2WD Exclusive-Line / Black Leather / Drv Assist (12/22),6MT,Manual,1998,Petrol Electric,Mild Hybrid Electric Vehicle (MHEV),165,121,,,0,,Euro 6d,False,WLTP,35.3,44.8,50.4,41.5,43.5,0,8,6.3,5.6,6.8,6.5,0,146,0,,0,,0,146,32,15,0,0.02,60,60,66.0,26 September 2025,
MAZDA,Mazda CX-5,2.0 165ps 2WD Homura / Black Leather (12/22),6MT,Manual,1998,Petrol Electric,Mild Hybrid Electric Vehicle (MHEV),165,121,,,0,,Euro 6d,False,WLTP,35.3,44.8,50.4,41.5,43.5,0,8,6.3,5.6,6.8,6.5,0,146,0,,0,,0,146,32,15,0,0.02,60,60,66.0,26 September 2025,
MAZDA,Mazda CX-5,2.0 165ps 2WD Takumi / Brown Nappa Leather (12/22),6MT,Manual,1998,Petrol Electric,Mild Hybrid Electric Vehicle (MHEV),165,121,,,0,,Euro 6d,False,WLTP,35.3,44.8,50.4,41.5,43.5,0,8,6.3,5.6,6.8,6.5,0,146,0,,0,,0,146,32,15,0,0.02,60,60,66.0,26 September 2025,
MAZDA,Mazda CX-5,2.0 165ps 2WD Centre-Line / Black Cloth (09/24),6MT,Manual,1998,Petrol Electric,Mild Hybrid Electric Vehicle (MHEV),165,121,,,0,,Euro 6d,False,WLTP,35.3,44.8,50.4,41.5,43.5,0,8,6.3,5.6,6.8,6.5,0,146,0,,0,,0,146,32,15,0,0.02,60,60,66.0,26 September 2025,
MAZDA,Mazda CX-5,2.0 165ps 2WD Newground / Black Leatherette (09/24),6MT,Manual,1998,Petrol Electric,Mild Hybrid Electric Vehicle (MHEV),165,121,,,0,,Euro 6d,False,WLTP,35.3,44.8,50.4,41.5,43.5,0,8,6.3,5.6,6.8,6.5,0,146,0,,0,,0,146,32,15,0,0.02,60,60,66.0,26 September 2025,
MAZDA,Mazda CX-5,2.0 165ps 2WD Exclusive-Line / Black Leather (09/24),6MT,Manual,1998,Petrol Electric,Mild Hybrid Electric Vehicle (MHEV),165,121,,,0,,Euro 6d,False,WLTP,35.3,44.8,50.4,41.5,43.5,0,8,6.3,5.6,6.8,6.5,0,146,0,,0,,0,146,32,15,0,0.02,60,60,66.0,26 September 2025,
MAZDA,Mazda CX-5,2.0 165ps 2WD Exclusive-Line / Black Leather / Drv Assist (09/24),6MT,Manual,1998,Petrol Electric,Mild Hybrid Electric Vehicle (MHEV),165,121,,,0,,Euro 6d,False,WLTP,35.3,44.8,50.4,41.5,43.5,0,8,6.3,5.6,6.8,6.5,0,146,0,,0,,0,146,32,15,0,0.02,60,60,66.0,26 September 2025,
MAZDA,Mazda CX-5,Mazda CX-5 2.0 165ps 2WD Newground / Black Leatherette (12/22),6MT,Manual,1998,Petrol Electric,Mild Hybrid Electric Vehicle (MHEV),165,121,,,0,,Euro 6d,False,WLTP,35.3,44.8,50.4,41.5,43.5,0,8,6.3,5.6,6.8,6.5,0,146,0,,0,,0,146,32,15,0,0.02,60,60,66.0,26 September 2025,
MAZDA,Mazda CX-5,Mazda CX-5 2.0 165ps 2WD Exclusive-Line / Black Leather (12/22),6MT,Manual,1998,Petrol Electric,Mild Hybrid Electric Vehicle (MHEV),165,121,,,0,,Euro 6d,False,WLTP,35.3,44.8,50.4,41.5,43.5,0,8,6.3,5.6,6.8,6.5,0,146,0,,0,,0,146,32,15,0,0.02,60,60,66.0,26 September 2025,
MAZDA,Mazda CX-5,Mazda CX-5 2.0 165ps 2WD Exclusive-Line / Black Leather / Drv Assist (12/22),6MT,Manual,1998,Petrol Electric,Mild Hybrid Electric Vehicle (MHEV),165,121,,,0,,Euro 6d,False,WLTP,35.3,44.8,50.4,41.5,43.5,0,8,6.3,5.6,6.8,6.5,0,146,0,,0,,0,146,32,15,0,0.02,60,60,66.0,26 September 2025,
MAZDA,Mazda CX-5,Mazda CX-5 2.0 165ps 2WD Homura / Black Leather (12/22),6MT,Manual,1998,Petrol Electric,Mild Hybrid Electric Vehicle (MHEV),165,121,,,0,,Euro 6d,False,WLTP,35.3,44.8,50.4,41.5,43.5,0,8,6.3,5.6,6.8,6.5,0,146,0,,0,,0,146,32,15,0,0.02,60,60,66.0,26 September 2025,
MAZDA,Mazda CX-5,Mazda CX-5 2.0 165ps 2WD Takumi / Brown Nappa Leather (12/22),6MT,Manual,1998,Petrol Electric,Mild Hybrid Electric Vehicle (MHEV),165,121,,,0,,Euro 6d,False,WLTP,35.3,44.8,50.4,41.5,43.5,0,8,6.3,5.6,6.8,6.5,0,146,0,,0,,0,146,32,15,0,0.02,60,60,66.0,26 September 2025,
MAZDA,Mazda CX-5,Mazda CX-5 2.0 165ps 2WD Centre-Line / Black Cloth (09/24),6MT,Manual,1998,Petrol Electric,Mild Hybrid Electric Vehicle (MHEV),165,121,,,0,,Euro 6d,False,WLTP,35.3,44.8,50.4,41.5,43.5,0,8,6.3,5.6,6.8,6.5,0,146,0,,0,,0,146,32,15,0,0.02,60,60,66.0,26 September 2025,
MAZDA,Mazda CX-5,Mazda CX-5 2.0 165ps 2WD Newground / Black Leatherette (09/24),6MT,Manual,1998,Petrol Electric,Mild Hybrid Electric Vehicle (MHEV),165,121,,,0,,Euro 6d,False,WLTP,35.3,44.8,50.4,41.5,43.5,0,8,6.3,5.6,6.8,6.5,0,146,0,,0,,0,146,32,15,0,0.02,60,60,66.0,26 September 2025,
MAZDA,Mazda CX-5,Mazda CX-5 2.0 165ps 2WD Exclusive-Line / Black Leather (09/24),6MT,Manual,1998,Petrol Electric,Mild Hybrid Electric Vehicle (MHEV),165,121,,,0,,Euro 6d,False,WLTP,35.3,44.8,50.4,41.5,43.5,0,8,6.3,5.6,6.8,6.5,0,146,0,,0,,0,146,32,15,0,0.02,60,60,66.0,26 September 2025,
MAZDA,Mazda CX-5,Mazda CX-5 2.0 165ps 2WD Exclusive-Line / Black Leather / Drv Assist (09/24),6MT,Manual,1998,Petrol Electric,Mild Hybrid Electric Vehicle (MHEV),165,121,,,0,,Euro 6d,False,WLTP,35.3,44.8,50.4,41.5,43.5,0,8,6.3,5.6,6.8,6.5,0,146,0,,0,,0,146,32,15,0,0.02,60,60,66.0,26 September 2025,
MAZDA,Mazda CX-5,Mazda CX-5 2.0 165ps 2WD Homura / Black Leather (09/24),6MT,Manual,1998,Petrol Electric,Mild Hybrid Electric Vehicle (MHEV),165,121,,,0,,Euro 6d,False,WLTP,35.3,44.8,50.4,41.5,43.5,0,8,6.3,5.6,6.8,6.5,0,146,0,,0,,0,146,32,15,0,0.02,60,60,66.0,26 September 2025,
MAZDA,Mazda CX-5,Mazda CX-5 2.0 165ps 2WD Takumi / Brown Nappa Leather (09/24),6MT,Manual,1998,Petrol Electric,Mild Hybrid Electric Vehicle (MHEV),165,121,,,0,,Euro 6d,False,WLTP,35.3,44.8,50.4,41.5,43.5,0,8,6.3,5.6,6.8,6.5,0,146,0,,0,,0,146,32,15,0,0.02,60,60,66.0,26 September 2025,
MAZDA,Mazda CX-5,Mazda CX-5 2.0 165ps 2WD Exclusive-Line Auto / Black Leather (12/22),6AT,Automatic,1998,Petrol Electric,Mild Hybrid Electric Vehicle (MHEV),165,121,,,0,,Euro 6d,False,WLTP,32.8,42.8,47.9,38.7,40.9,0,8.6,6.6,5.9,7.3,6.9,0,156,0,,0,,0,101,25,10,0,0.07,60,60,66.0,26 September 2025,
MAZDA,Mazda CX-5,Mazda CX-5 2.0 165ps 2WD Homura Auto / Black Leather (12/22),6AT,Automatic,1998,Petrol Electric,Mild Hybrid Electric Vehicle (MHEV),165,121,,,0,,Euro 6d,False,WLTP,32.8,42.8,47.9,38.7,40.9,0,8.6,6.6,5.9,7.3,6.9,0,156,0,,0,,0,101,25,10,0,0.07,60,60,66.0,26 September 2025,
MAZDA,Mazda CX-5,Mazda CX-5 2.0 165ps 2WD Centre-Line Auto / Black Cloth (09/24),6AT,Automatic,1998,Petrol Electric,Mild Hybrid Electric Vehicle (MHEV),165,121,,,0,,Euro 6d,False,WLTP,32.5,43.5,47.9,38.7,40.9,0,8.7,6.5,5.9,7.3,6.9,0,155,0,,0,,0,112,24,9,0,0.04,60,60,66.0,26 September 2025,
MAZDA,Mazda CX-5,Mazda CX-5 2.0 165ps 2WD Newground Auto / Black Leatherette (09/24),6AT,Automatic,1998,Petrol Electric,Mild Hybrid Electric Vehicle (MHEV),165,121,,,0,,Euro 6d,False,WLTP,32.5,43.5,47.9,38.7,40.9,0,8.7,6.5,5.9,7.3,6.9,0,155,0,,0,,0,112,24,9,0,0.04,60,60,66.0,26 September 2025,
MAZDA,Mazda CX-5,Mazda CX-5 2.0 165ps 2WD Exclusive-Line Auto / Black Leather (09/24),6AT,Automatic,1998,Petrol Electric,Mild Hybrid Electric Vehicle (MHEV),165,121,,,0,,Euro 6d,False,WLTP,32.5,43.5,47.9,38.7,40.9,0,8.7,6.5,5.9,7.3,6.9,0,155,0,,0,,0,112,24,9,0,0.04,60,60,66.0,26 September 2025,
MAZDA,Mazda CX-5,Mazda CX-5 2.0 165ps 2WD Exclusive-Line Auto / Black Leather / Drv Assist (09/24),6AT,Automatic,1998,Petrol Electric,Mild Hybrid Electric Vehicle (MHEV),165,121,,,0,,Euro 6d,False,WLTP,32.5,43.5,47.9,38.7,40.9,0,8.7,6.5,5.9,7.3,6.9,0,155,0,,0,,0,112,24,9,0,0.04,60,60,66.0,26 September 2025,
MAZDA,Mazda CX-5,Mazda CX-5 2.0 165ps 2WD Homura Auto / Black Leather (09/24),6AT,Automatic,1998,Petrol Electric,Mild Hybrid Electric Vehicle (MHEV),165,121,,,0,,Euro 6d,False,WLTP,32.5,43.5,47.9,38.7,40.9,0,8.7,6.5,5.9,7.3,6.9,0,155,0,,0,,0,112,24,9,0,0.04,60,60,66.0,26 September 2025,
MAZDA,Mazda CX-5,Mazda CX-5 2.0 165ps 2WD Takumi Auto / Brown Nappa Leather (09/24),6AT,Automatic,1998,Petrol Electric,Mild Hybrid Electric Vehicle (MHEV),165,121,,,0,,Euro 6d,False,WLTP,32.5,43.5,47.9,38.7,40.9,0,8.7,6.5,5.9,7.3,6.9,0,155,0,,0,,0,112,24,9,0,0.04,60,60,66.0,26 September 2025,
MAZDA,Mazda CX-5,Mazda CX-5 2.5 194ps AWD Takumi Auto / Brown Nappa Leather (09/24),6AT,Automatic,2488,Petrol Electric,Mild Hybrid Electric Vehicle (MHEV),194,143,,,0,,Euro 6d,False,WLTP,28.2,39.2,42.8,36.2,37.2,0,10,7.2,6.6,7.8,7.6,0,171,0,,0,,0,84,19,12,0,0.40,60,60,66.0,26 September 2025,
MAZDA,Mazda CX-5,2.0 165ps 2WD Exclusive-Line Auto / Black Leather (09/24),6AT,Automatic,1998,Petrol Electric,Mild Hybrid Electric Vehicle (MHEV),165,121,,,0,,Euro 6d,False,WLTP,32.5,43.5,47.9,38.7,40.9,0,8.7,6.5,5.9,7.3,6.9,0,155,0,,0,,0,112,24,9,0,0.04,60,60,66.0,26 September 2025,
MAZDA,Mazda CX-5,2.0 165ps 2WD Exclusive-Line Auto / Black Leather / Drv Assist (09/24),6AT,Automatic,1998,Petrol Electric,Mild Hybrid Electric Vehicle (MHEV),165,121,,,0,,Euro 6d,False,WLTP,32.5,43.5,47.9,38.7,40.9,0,8.7,6.5,5.9,7.3,6.9,0,155,0,,0,,0,112,24,9,0,0.04,60,60,66.0,26 September 2025,
MAZDA,Mazda CX-5,2.0 165ps 2WD Homura Auto / Black Leather (09/24),6AT,Automatic,1998,Petrol Electric,Mild Hybrid Electric Vehicle (MHEV),165,121,,,0,,Euro 6d,False,WLTP,32.5,43.5,47.9,38.7,40.9,0,8.7,6.5,5.9,7.3,6.9,0,155,0,,0,,0,112,24,9,0,0.04,60,60,66.0,26 September 2025,
MAZDA,Mazda CX-5,2.0 165ps 2WD Takumi Auto / Brown Nappa Leather (09/24),6AT,Automatic,1998,Petrol Electric,Mild Hybrid Electric Vehicle (MHEV),165,121,,,0,,Euro 6d,False,WLTP,32.5,43.5,47.9,38.7,40.9,0,8.7,6.5,5.9,7.3,6.9,0,155,0,,0,,0,112,24,9,0,0.04,60,60,66.0,26 September 2025,
MAZDA,Mazda CX-5,2.5 194ps AWD Takumi Auto / Brown Nappa Leather (09/24),6AT,Automatic,2488,Petrol Electric,Mild Hybrid Electric Vehicle (MHEV),194,143,,,0,,Euro 6d,False,WLTP,28.2,39.2,42.8,36.2,37.2,0,10,7.2,6.6,7.8,7.6,0,171,0,,0,,0,84,19,12,0,0.40,60,60,66.0,26 September 2025,
MAZDA,Mazda CX-5,2.2D 184ps 2WD Exclusive-Line / Black Leather (09/24),6MT,Manual,2191,Diesel Electric,Mild Hybrid Electric Vehicle (MHEV),184,135,,,0,,Euro 6d,False,WLTP,45.6,53.3,60.1,44.8,50.4,0,6.2,5.3,4.7,6.3,5.6,0,147,0,,0,,0,71,0,62,73,0.10,80,80,67.0,26 September 2025,
MAZDA,Mazda CX-5,2.2D 184ps 2WD Exclusive-Line Auto / Black Leather (09/24),6AT,Automatic,2191,Diesel Electric,Mild Hybrid Electric Vehicle (MHEV),184,135,,,0,,Euro 6d,False,WLTP,37.7,47.9,54.3,43.5,46.3,0,7.5,5.9,5.2,6.5,6.1,0,160,0,,0,,0,56,0,35,47,0.13,80,80,67.0,26 September 2025,
MAZDA,Mazda CX-5,2.2D 184ps AWD Takumi Auto / Brown Nappa Leather (09/24),6AT,Automatic,2191,Diesel Electric,Mild Hybrid Electric Vehicle (MHEV),184,135,,,0,,Euro 6d,False,WLTP,35.8,43.5,52.3,39.2,42.8,0,7.9,6.5,5.4,7.2,6.6,0,173,0,,0,,0,67,0,64,76,0.08,80,80,67.0,26 September 2025,
MAZDA,Mazda CX-30,Mazda CX-30 2.0 186ps 2WD Centre-Line / Dark Grey Cloth (05/24),6MT,Manual,1998,Petrol Electric,Mild Hybrid Electric Vehicle (MHEV),186,137,,,,,Euro 6 EA,False,WLTP,42.2,52.3,56.5,45.6,49.6,0,6.7,5.4,5,6.2,5.7,0,129,0,,,,,123,13,21,,0.07,60,60,66.0,10 September 2025,
MAZDA,Mazda CX-30,Mazda CX-30 2.0 186ps 2WD Homura / Dark Grey Cloth (05/24),6MT,Manual,1998,Petrol Electric,Mild Hybrid Electric Vehicle (MHEV),186,137,,,,,Euro 6 EA,False,WLTP,42.2,52.3,56.5,45.6,49.6,0,6.7,5.4,5,6.2,5.7,0,129,0,,,,,123,13,21,,0.07,60,60,66.0,10 September 2025,
MAZDA,Mazda CX-30,Mazda CX-30 2.0 186ps 2WD Exclusive-Line / Dark Grey Cloth (05/24),6MT,Manual,1998,Petrol Electric,Mild Hybrid Electric Vehicle (MHEV),186,137,,,,,Euro 6 EA,False,WLTP,42.2,52.3,56.5,45.6,49.6,0,6.7,5.4,5,6.2,5.7,0,129,0,,,,,123,13,21,,0.07,60,60,66.0,10 September 2025,
MAZDA,Mazda CX-30,Mazda CX-30 2.0 186ps 2WD Exclusive-Line / Black Leather / Luxury Pack (05/24),6MT,Manual,1998,Petrol Electric,Mild Hybrid Electric Vehicle (MHEV),186,137,,,,,Euro 6 EA,False,WLTP,42.2,52.3,56.5,45.6,49.6,0,6.7,5.4,5,6.2,5.7,0,129,0,,,,,123,13,21,,0.07,60,60,66.0,10 September 2025,
MAZDA,Mazda CX-30,Mazda CX-30 2.0 186ps 2WD Takumi / Black Leather (05/24),6MT,Manual,1998,Petrol Electric,Mild Hybrid Electric Vehicle (MHEV),186,137,,,,,Euro 6 EA,False,WLTP,42.2,52.3,56.5,45.6,49.6,0,6.7,5.4,5,6.2,5.7,0,129,0,,,,,123,13,21,,0.07,60,60,66.0,10 September 2025,
MAZDA,Mazda CX-30,Mazda CX-30 2.0 186ps AWD Takumi / Black Leather (05/24),6MT,Manual,1998,Petrol Electric,Mild Hybrid Electric Vehicle (MHEV),186,137,,,,,Euro 6 EA,False,WLTP,38.2,47.1,52.3,42.8,45.6,0,7.4,6,5.4,6.6,6.2,0,139,0,,,,,149,14,20,,0.08,60,60,65.0,10 September 2025,
MAZDA,Mazda CX-30,Mazda CX-30 2.0 186ps AWD Takumi Auto / Black Leather (05/24),6AT,Automatic,1998,Petrol Electric,Mild Hybrid Electric Vehicle (MHEV),186,137,,,,,Euro 6 EA,False,WLTP,36.2,44.8,49.6,39.2,42.8,0,7.8,6.3,5.7,7.2,6.6,0,148,0,,,,,180,11,25,,0.22,60,60,65.0,10 September 2025,
MAZDA,Mazda CX-30,Mazda CX-30 2.5 140ps 2WD Prime-Line / Dark Grey Cloth (06/24),6MT,Manual,2488,Petrol Electric,Mild Hybrid Electric Vehicle (MHEV),140,103,,,,,Euro 6 EA,False,WLTP,36.2,49.6,55.4,44.8,47.1,0,7.8,5.7,5.1,6.3,6,0,135,0,,,,,133,19,7,,0.07,60,60,64.0,10 September 2025,
MAZDA,Mazda CX-30,Mazda CX-30 2.5 140ps 2WD Homura / Dark Grey Cloth (06/24),6MT,Manual,2488,Petrol Electric,Mild Hybrid Electric Vehicle (MHEV),140,103,,,,,Euro 6 EA,False,WLTP,36.2,49.6,55.4,44.8,47.1,0,7.8,5.7,5.1,6.3,6,0,135,0,,,,,133,19,7,,0.07,60,60,64.0,10 September 2025,
MAZDA,Mazda CX-30,Mazda CX-30 2.5 140ps 2WD Exclusive-Line / Dark Grey Cloth (06/24),6MT,Manual,2488,Petrol Electric,Mild Hybrid Electric Vehicle (MHEV),140,103,,,,,Euro 6 EA,False,WLTP,36.2,49.6,55.4,44.8,47.1,0,7.8,5.7,5.1,6.3,6,0,135,0,,,,,133,19,7,,0.07,60,60,64.0,10 September 2025,
MAZDA,Mazda CX-30,Mazda CX-30 2.5 140ps 2WD Centre-Line / Dark Grey Cloth (06/24),6MT,Manual,2488,Petrol Electric,Mild Hybrid Electric Vehicle (MHEV),140,103,,,,,Euro 6 EA,False,WLTP,36.2,49.6,55.4,44.8,47.1,0,7.8,5.7,5.1,6.3,6,0,135,0,,,,,133,19,7,,0.07,60,60,64.0,10 September 2025,
MAZDA,Mazda CX-30,Mazda CX-30 2.5 140ps 2WD Takumi / Black Leather (06/24),6MT,Manual,2488,Petrol Electric,Mild Hybrid Electric Vehicle (MHEV),140,103,,,,,Euro 6 EA,False,WLTP,36.2,49.6,55.4,44.8,47.1,0,7.8,5.7,5.1,6.3,6,0,135,0,,,,,133,19,7,,0.07,60,60,64.0,10 September 2025,
MAZDA,Mazda CX-30,Mazda CX-30 2.5 140ps 2WD Centre-Line Auto / Dark Grey Cloth (06/24),6AT,Automatic,2488,Petrol Electric,Mild Hybrid Electric Vehicle (MHEV),140,103,,,,,Euro 6 EA,False,WLTP,32.5,45.6,51.4,41.5,43.5,0,8.7,6.2,5.5,6.8,6.5,0,147,0,,,,,118,20,11,,0.04,60,60,64.0,10 September 2025,
MAZDA,Mazda CX-30,Mazda CX-30 2.5 140ps 2WD Homura Auto / Dark Grey Cloth (06/24),6AT,Automatic,2488,Petrol Electric,Mild Hybrid Electric Vehicle (MHEV),140,103,,,,,Euro 6 EA,False,WLTP,32.5,45.6,51.4,41.5,43.5,0,8.7,6.2,5.5,6.8,6.5,0,147,0,,,,,118,20,11,,0.04,60,60,64.0,10 September 2025,
MAZDA,Mazda CX-30,Mazda CX-30 2.5 140ps 2WD Exclusive-Line Auto / Dark Grey Cloth (06/24),6AT,Automatic,2488,Petrol Electric,Mild Hybrid Electric Vehicle (MHEV),140,103,,,,,Euro 6 EA,False,WLTP,32.5,45.6,51.4,41.5,43.5,0,8.7,6.2,5.5,6.8,6.5,0,147,0,,,,,118,20,11,,0.04,60,60,64.0,10 September 2025,
MAZDA,Mazda CX-30,Mazda CX-30 2.5 140ps 2WD Takumi Auto / Black Leather (06/24),6AT,Automatic,2488,Petrol Electric,Mild Hybrid Electric Vehicle (MHEV),140,103,,,,,Euro 6 EA,False,WLTP,32.5,45.6,51.4,41.5,43.5,0,8.7,6.2,5.5,6.8,6.5,0,147,0,,,,,118,20,11,,0.04,60,60,64.0,10 September 2025,
MAZDA,Mazda CX-30,Mazda CX-30 2.0 186ps 2WD Centre-Line Auto / Dark Grey Cloth (05/24),6AT,Automatic,1998,Petrol Electric,Mild Hybrid Electric Vehicle (MHEV),186,137,,,,,Euro 6 EA,False,WLTP,42.2,52.3,56.5,45.6,49.6,0,6.7,5.4,5,6.2,5.7,0,129,0,,,,,123,13,21,,0.07,60,60,66.0,10 September 2025,
MAZDA,Mazda CX-30,Mazda CX-30 2.0 186ps 2WD Homura Auto / Dark Grey Cloth (05/24),6AT,Automatic,1998,Petrol Electric,Mild Hybrid Electric Vehicle (MHEV),186,137,,,,,Euro 6 EA,False,WLTP,42.2,52.3,56.5,45.6,49.6,0,6.7,5.4,5,6.2,5.7,0,129,0,,,,,123,13,21,,0.07,60,60,66.0,10 September 2025,
MAZDA,Mazda CX-30,Mazda CX-30 2.0 186ps 2WD Exclusive-Line Auto / Dark Grey Cloth (05/24),6AT,Automatic,1998,Petrol Electric,Mild Hybrid Electric Vehicle (MHEV),186,137,,,,,Euro 6 EA,False,WLTP,42.2,52.3,56.5,45.6,49.6,0,6.7,5.4,5,6.2,5.7,0,129,0,,,,,123,13,21,,0.07,60,60,66.0,10 September 2025,
MAZDA,Mazda CX-30,Mazda CX-30 2.0 186ps 2WD Exclusive-Line Auto / Black Leather / Luxury Pack (05/24),6AT,Automatic,1998,Petrol Electric,Mild Hybrid Electric Vehicle (MHEV),186,137,,,,,Euro 6 EA,False,WLTP,42.2,52.3,56.5,45.6,49.6,0,6.7,5.4,5,6.2,5.7,0,129,0,,,,,123,13,21,,0.07,60,60,66.0,10 September 2025,
MAZDA,Mazda CX-30,Mazda CX-30 2.0 186ps 2WD Takumi Auto / Black Leather (05/24),6AT,Automatic,1998,Petrol Electric,Mild Hybrid Electric Vehicle (MHEV),186,137,,,,,Euro 6 EA,False,WLTP,42.2,52.3,56.5,45.6,49.6,0,6.7,5.4,5,6.2,5.7,0,129,0,,,,,123,13,21,,0.07,60,60,66.0,10 September 2025,
MAZDA,Mazda CX-30,2.0 186ps 2WD Homura / Dark Grey Cloth (05/24),6MT,Manual,1998,Petrol Electric,Mild Hybrid Electric Vehicle (MHEV),186,137,,,0,,Euro 6d,False,WLTP,42.2,52.3,56.5,45.6,49.6,0,6.7,5.4,5,6.2,5.7,0,129,0,,0,,0,123,13,21,0,0.07,60,60,66.0,26 September 2025,
MAZDA,Mazda CX-30,2.0 186ps 2WD Exclusive-Line / Dark Grey Cloth (05/24),6MT,Manual,1998,Petrol Electric,Mild Hybrid Electric Vehicle (MHEV),186,137,,,0,,Euro 6d,False,WLTP,42.2,52.3,56.5,45.6,49.6,0,6.7,5.4,5,6.2,5.7,0,129,0,,0,,0,123,13,21,0,0.07,60,60,66.0,26 September 2025,
MAZDA,Mazda CX-30,2.0 186ps 2WD Exclusive-Line / Black Leather / Luxury Pack (05/24),6MT,Manual,1998,Petrol Electric,Mild Hybrid Electric Vehicle (MHEV),186,137,,,0,,Euro 6d,False,WLTP,42.2,52.3,56.5,45.6,49.6,0,6.7,5.4,5,6.2,5.7,0,129,0,,0,,0,123,13,21,0,0.07,60,60,66.0,26 September 2025,
MAZDA,Mazda CX-30,2.0 186ps 2WD Takumi / Black Leather (05/24),6MT,Manual,1998,Petrol Electric,Mild Hybrid Electric Vehicle (MHEV),186,137,,,0,,Euro 6d,False,WLTP,42.2,52.3,56.5,45.6,49.6,0,6.7,5.4,5,6.2,5.7,0,129,0,,0,,0,123,13,21,0,0.07,60,60,66.0,26 September 2025,
MAZDA,Mazda CX-30,2.0 186ps AWD Takumi / Black Leather (05/24),6MT,Manual,1998,Petrol Electric,Mild Hybrid Electric Vehicle (MHEV),186,137,,,0,,Euro 6d,False,WLTP,38.2,47.1,52.3,42.8,45.6,0,7.4,6,5.4,6.6,6.2,0,139,0,,0,,0,149,14,20,0,0.08,60,60,66.0,26 September 2025,
MAZDA,Mazda CX-30,2.0 186ps AWD Takumi Auto / Black Leather (05/24),6AT,Automatic,1998,Petrol Electric,Mild Hybrid Electric Vehicle (MHEV),186,137,,,0,,Euro 6d,False,WLTP,36.2,44.8,49.6,39.2,42.8,0,7.8,6.3,5.7,7.2,6.6,0,148,0,,0,,0,180,11,25,0,0.22,60,60,66.0,26 September 2025,
MAZDA,Mazda CX-30,Mazda CX-30 2.5 140ps 2WD Takumi Auto / Black Leather (06/24),6AT,Automatic,2488,Petrol Electric,Mild Hybrid Electric Vehicle (MHEV),140,103,,,0,,Euro 6d,False,WLTP,32.5,45.6,51.4,41.5,43.5,0,8.7,6.2,5.5,6.8,6.5,0,147,0,,0,,0,118,20,11,0,0.04,60,60,64.0,26 September 2025,
MAZDA,Mazda CX-30,Mazda CX-30 2.0 186ps 2WD Centre-Line Auto / Dark Grey Cloth (05/24),6AT,Automatic,1998,Petrol Electric,Mild Hybrid Electric Vehicle (MHEV),186,137,,,0,,Euro 6d,False,WLTP,42.2,52.3,56.5,45.6,49.6,0,6.7,5.4,5,6.2,5.7,0,129,0,,0,,0,123,13,21,0,0.07,60,60,66.0,26 September 2025,
MAZDA,Mazda CX-30,Mazda CX-30 2.0 186ps 2WD Homura Auto / Dark Grey Cloth (05/24),6AT,Automatic,1998,Petrol Electric,Mild Hybrid Electric Vehicle (MHEV),186,137,,,0,,Euro 6d,False,WLTP,42.2,52.3,56.5,45.6,49.6,0,6.7,5.4,5,6.2,5.7,0,129,0,,0,,0,123,13,21,0,0.07,60,60,66.0,26 September 2025,
MAZDA,Mazda CX-30,Mazda CX-30 2.5 140ps 2WD Takumi / Black Leather (06/24),6MT,Manual,2488,Petrol Electric,Mild Hybrid Electric Vehicle (MHEV),140,103,,,0,,Euro 6d,False,WLTP,36.2,49.6,55.4,44.8,47.1,0,7.8,5.7,5.1,6.3,6,0,135,0,,0,,0,133,19,7,0,0.07,60,60,64.0,26 September 2025,
MAZDA,Mazda CX-30,2.5 140ps 2WD Prime-Line / Dark Grey Cloth (06/24),6MT,Manual,2488,Petrol Electric,Mild Hybrid Electric Vehicle (MHEV),140,103,,,0,,Euro 6d,False,WLTP,36.2,49.6,55.4,44.8,47.1,0,7.8,5.7,5.1,6.3,6,0,135,0,,0,,0,133,19,7,0,0.07,60,60,64.0,26 September 2025,
MAZDA,Mazda CX-30,2.5 140ps 2WD Centre-Line / Dark Grey Cloth (06/24),6MT,Manual,2488,Petrol Electric,Mild Hybrid Electric Vehicle (MHEV),140,103,,,0,,Euro 6d,False,WLTP,36.2,49.6,55.4,44.8,47.1,0,7.8,5.7,5.1,6.3,6,0,135,0,,0,,0,133,19,7,0,0.07,60,60,64.0,26 September 2025,
MAZDA,Mazda CX-30,Mazda CX-30 2.5 140ps 2WD Homura Auto / Dark Grey Cloth (06/24),6AT,Automatic,2488,Petrol Electric,Mild Hybrid Electric Vehicle (MHEV),140,103,,,0,,Euro 6d,False,WLTP,32.5,45.6,51.4,41.5,43.5,0,8.7,6.2,5.5,6.8,6.5,0,147,0,,0,,0,118,20,11,0,0.04,60,60,64.0,26 September 2025,
MAZDA,Mazda CX-30,Mazda CX-30 2.0 186ps 2WD Takumi / Black Leather (05/24),6MT,Manual,1998,Petrol Electric,Mild Hybrid Electric Vehicle (MHEV),186,137,,,0,,Euro 6d,False,WLTP,42.2,52.3,56.5,45.6,49.6,0,6.7,5.4,5,6.2,5.7,0,129,0,,0,,0,123,13,21,0,0.07,60,60,66.0,26 September 2025,
MAZDA,Mazda CX-30,Mazda CX-30 2.0 186ps AWD Takumi / Black Leather (05/24),6MT,Manual,1998,Petrol Electric,Mild Hybrid Electric Vehicle (MHEV),186,137,,,0,,Euro 6d,False,WLTP,38.2,47.1,52.3,42.8,45.6,0,7.4,6,5.4,6.6,6.2,0,139,0,,0,,0,149,14,20,0,0.08,60,60,66.0,26 September 2025,
MAZDA,Mazda CX-30,Mazda CX-30 2.0 186ps AWD Takumi Auto / Black Leather (05/24),6AT,Automatic,1998,Petrol Electric,Mild Hybrid Electric Vehicle (MHEV),186,137,,,0,,Euro 6d,False,WLTP,36.2,44.8,49.6,39.2,42.8,0,7.8,6.3,5.7,7.2,6.6,0,148,0,,0,,0,180,11,25,0,0.22,60,60,66.0,26 September 2025,
MAZDA,Mazda CX-30,2.5 140ps 2WD Homura / Dark Grey Cloth (06/24),6MT,Manual,2488,Petrol Electric,Mild Hybrid Electric Vehicle (MHEV),140,103,,,0,,Euro 6d,False,WLTP,36.2,49.6,55.4,44.8,47.1,0,7.8,5.7,5.1,6.3,6,0,135,0,,0,,0,133,19,7,0,0.07,60,60,64.0,26 September 2025,
MAZDA,Mazda CX-30,2.5 140ps 2WD Exclusive-Line / Dark Grey Cloth (06/24),6MT,Manual,2488,Petrol Electric,Mild Hybrid Electric Vehicle (MHEV),140,103,,,0,,Euro 6d,False,WLTP,36.2,49.6,55.4,44.8,47.1,0,7.8,5.7,5.1,6.3,6,0,135,0,,0,,0,133,19,7,0,0.07,60,60,64.0,26 September 2025,
MAZDA,Mazda CX-30,2.5 140ps 2WD Takumi / Black Leather (06/24),6MT,Manual,2488,Petrol Electric,Mild Hybrid Electric Vehicle (MHEV),140,103,,,0,,Euro 6d,False,WLTP,36.2,49.6,55.4,44.8,47.1,0,7.8,5.7,5.1,6.3,6,0,135,0,,0,,0,133,19,7,0,0.07,60,60,64.0,26 September 2025,
MAZDA,Mazda CX-30,2.5 140ps 2WD Centre-Line Auto / Dark Grey Cloth (06/24),6AT,Automatic,2488,Petrol Electric,Mild Hybrid Electric Vehicle (MHEV),140,103,,,0,,Euro 6d,False,WLTP,32.5,45.6,51.4,41.5,43.5,0,8.7,6.2,5.5,6.8,6.5,0,147,0,,0,,0,118,20,11,0,0.04,60,60,64.0,26 September 2025,
MAZDA,Mazda CX-30,2.5 140ps 2WD Homura Auto / Dark Grey Cloth (06/24),6AT,Automatic,2488,Petrol Electric,Mild Hybrid Electric Vehicle (MHEV),140,103,,,0,,Euro 6d,False,WLTP,32.5,45.6,51.4,41.5,43.5,0,8.7,6.2,5.5,6.8,6.5,0,147,0,,0,,0,118,20,11,0,0.04,60,60,64.0,26 September 2025,
MAZDA,Mazda CX-30,2.0 186ps 2WD Takumi Auto / Black Leather (05/24),6AT,Automatic,1998,Petrol Electric,Mild Hybrid Electric Vehicle (MHEV),186,137,,,0,,Euro 6d,False,WLTP,42.2,52.3,56.5,45.6,49.6,0,6.7,5.4,5,6.2,5.7,0,129,0,,0,,0,123,13,21,0,0.07,60,60,66.0,26 September 2025,
MAZDA,Mazda CX-30,2.0 186ps 2WD Centre-Line / Dark Grey Cloth (05/24),6MT,Manual,1998,Petrol Electric,Mild Hybrid Electric Vehicle (MHEV),186,137,,,0,,Euro 6d,False,WLTP,42.2,52.3,56.5,45.6,49.6,0,6.7,5.4,5,6.2,5.7,0,129,0,,0,,0,123,13,21,0,0.07,60,60,66.0,26 September 2025,
MAZDA,Mazda CX-30,2.5 140ps 2WD Exclusive-Line Auto / Dark Grey Cloth (06/24),6AT,Automatic,2488,Petrol Electric,Mild Hybrid Electric Vehicle (MHEV),140,103,,,0,,Euro 6d,False,WLTP,32.5,45.6,51.4,41.5,43.5,0,8.7,6.2,5.5,6.8,6.5,0,147,0,,0,,0,118,20,11,0,0.04,60,60,64.0,26 September 2025,
MAZDA,Mazda CX-30,2.5 140ps 2WD Takumi Auto / Black Leather (06/24),6AT,Automatic,2488,Petrol Electric,Mild Hybrid Electric Vehicle (MHEV),140,103,,,0,,Euro 6d,False,WLTP,32.5,45.6,51.4,41.5,43.5,0,8.7,6.2,5.5,6.8,6.5,0,147,0,,0,,0,118,20,11,0,0.04,60,60,64.0,26 September 2025,
MAZDA,Mazda CX-30,2.0 186ps 2WD Centre-Line Auto / Dark Grey Cloth (05/24),6AT,Automatic,1998,Petrol Electric,Mild Hybrid Electric Vehicle (MHEV),186,137,,,0,,Euro 6d,False,WLTP,42.2,52.3,56.5,45.6,49.6,0,6.7,5.4,5,6.2,5.7,0,129,0,,0,,0,123,13,21,0,0.07,60,60,66.0,26 September 2025,
MAZDA,Mazda CX-30,2.0 186ps 2WD Homura Auto / Dark Grey Cloth (05/24),6AT,Automatic,1998,Petrol Electric,Mild Hybrid Electric Vehicle (MHEV),186,137,,,0,,Euro 6d,False,WLTP,42.2,52.3,56.5,45.6,49.6,0,6.7,5.4,5,6.2,5.7,0,129,0,,0,,0,123,13,21,0,0.07,60,60,66.0,26 September 2025,
MAZDA,Mazda CX-30,2.0 186ps 2WD Exclusive-Line Auto / Dark Grey Cloth (05/24),6AT,Automatic,1998,Petrol Electric,Mild Hybrid Electric Vehicle (MHEV),186,137,,,0,,Euro 6d,False,WLTP,42.2,52.3,56.5,45.6,49.6,0,6.7,5.4,5,6.2,5.7,0,129,0,,0,,0,123,13,21,0,0.07,60,60,66.0,26 September 2025,
MAZDA,Mazda CX-30,Mazda CX-30 2.5 140ps 2WD Centre-Line Auto / Dark Grey Cloth (06/24),6AT,Automatic,2488,Petrol Electric,Mild Hybrid Electric Vehicle (MHEV),140,103,,,0,,Euro 6d,False,WLTP,32.5,45.6,51.4,41.5,43.5,0,8.7,6.2,5.5,6.8,6.5,0,147,0,,0,,0,118,20,11,0,0.04,60,60,64.0,26 September 2025,
MAZDA,Mazda CX-30,2.0 186ps 2WD Exclusive-Line Auto / Black Leather / Luxury Pack (05/24),6AT,Automatic,1998,Petrol Electric,Mild Hybrid Electric Vehicle (MHEV),186,137,,,0,,Euro 6d,False,WLTP,42.2,52.3,56.5,45.6,49.6,0,6.7,5.4,5,6.2,5.7,0,129,0,,0,,0,123,13,21,0,0.07,60,60,66.0,26 September 2025,
MAZDA,Mazda CX-30,Mazda CX-30 2.5 140ps 2WD Exclusive-Line Auto / Dark Grey Cloth (06/24),6AT,Automatic,2488,Petrol Electric,Mild Hybrid Electric Vehicle (MHEV),140,103,,,0,,Euro 6d,False,WLTP,32.5,45.6,51.4,41.5,43.5,0,8.7,6.2,5.5,6.8,6.5,0,147,0,,0,,0,118,20,11,0,0.04,60,60,64.0,26 September 2025,
MAZDA,Mazda CX-30,Mazda CX-30 2.0 186ps 2WD Exclusive-Line Auto / Dark Grey Cloth (05/24),6AT,Automatic,1998,Petrol Electric,Mild Hybrid Electric Vehicle (MHEV),186,137,,,0,,Euro 6d,False,WLTP,42.2,52.3,56.5,45.6,49.6,0,6.7,5.4,5,6.2,5.7,0,129,0,,0,,0,123,13,21,0,0.07,60,60,66.0,26 September 2025,
MAZDA,Mazda CX-30,Mazda CX-30 2.0 186ps 2WD Exclusive-Line Auto / Black Leather / Luxury Pack (05/24),6AT,Automatic,1998,Petrol Electric,Mild Hybrid Electric Vehicle (MHEV),186,137,,,0,,Euro 6d,False,WLTP,42.2,52.3,56.5,45.6,49.6,0,6.7,5.4,5,6.2,5.7,0,129,0,,0,,0,123,13,21,0,0.07,60,60,66.0,26 September 2025,
MAZDA,Mazda CX-30,Mazda CX-30 2.0 186ps 2WD Takumi Auto / Black Leather (05/24),6AT,Automatic,1998,Petrol Electric,Mild Hybrid Electric Vehicle (MHEV),186,137,,,0,,Euro 6d,False,WLTP,42.2,52.3,56.5,45.6,49.6,0,6.7,5.4,5,6.2,5.7,0,129,0,,0,,0,123,13,21,0,0.07,60,60,66.0,26 September 2025,
MAZDA,Mazda CX-30,Mazda CX-30 2.0 186ps 2WD Centre-Line / Dark Grey Cloth (05/24),6MT,Manual,1998,Petrol Electric,Mild Hybrid Electric Vehicle (MHEV),186,137,,,0,,Euro 6d,False,WLTP,42.2,52.3,56.5,45.6,49.6,0,6.7,5.4,5,6.2,5.7,0,129,0,,0,,0,123,13,21,0,0.07,60,60,66.0,26 September 2025,
MAZDA,Mazda CX-30,Mazda CX-30 2.0 186ps 2WD Homura / Dark Grey Cloth (05/24),6MT,Manual,1998,Petrol Electric,Mild Hybrid Electric Vehicle (MHEV),186,137,,,0,,Euro 6d,False,WLTP,42.2,52.3,56.5,45.6,49.6,0,6.7,5.4,5,6.2,5.7,0,129,0,,0,,0,123,13,21,0,0.07,60,60,66.0,26 September 2025,
MAZDA,Mazda CX-30,Mazda CX-30 2.5 140ps 2WD Prime-Line / Dark Grey Cloth (06/24),6MT,Manual,2488,Petrol Electric,Mild Hybrid Electric Vehicle (MHEV),140,103,,,0,,Euro 6d,False,WLTP,36.2,49.6,55.4,44.8,47.1,0,7.8,5.7,5.1,6.3,6,0,135,0,,0,,0,133,19,7,0,0.07,60,60,64.0,26 September 2025,
MAZDA,Mazda CX-30,Mazda CX-30 2.5 140ps 2WD Centre-Line / Dark Grey Cloth (06/24),6MT,Manual,2488,Petrol Electric,Mild Hybrid Electric Vehicle (MHEV),140,103,,,0,,Euro 6d,False,WLTP,36.2,49.6,55.4,44.8,47.1,0,7.8,5.7,5.1,6.3,6,0,135,0,,0,,0,133,19,7,0,0.07,60,60,64.0,26 September 2025,
MAZDA,Mazda CX-30,Mazda CX-30 2.5 140ps 2WD Homura / Dark Grey Cloth (06/24),6MT,Manual,2488,Petrol Electric,Mild Hybrid Electric Vehicle (MHEV),140,103,,,0,,Euro 6d,False,WLTP,36.2,49.6,55.4,44.8,47.1,0,7.8,5.7,5.1,6.3,6,0,135,0,,0,,0,133,19,7,0,0.07,60,60,64.0,26 September 2025,
MAZDA,Mazda CX-30,Mazda CX-30 2.5 140ps 2WD Exclusive-Line / Dark Grey Cloth (06/24),6MT,Manual,2488,Petrol Electric,Mild Hybrid Electric Vehicle (MHEV),140,103,,,0,,Euro 6d,False,WLTP,36.2,49.6,55.4,44.8,47.1,0,7.8,5.7,5.1,6.3,6,0,135,0,,0,,0,133,19,7,0,0.07,60,60,64.0,26 September 2025,
MAZDA,Mazda CX-30,Mazda CX-30 2.0 186ps 2WD Exclusive-Line / Dark Grey Cloth (05/24),6MT,Manual,1998,Petrol Electric,Mild Hybrid Electric Vehicle (MHEV),186,137,,,0,,Euro 6d,False,WLTP,42.2,52.3,56.5,45.6,49.6,0,6.7,5.4,5,6.2,5.7,0,129,0,,0,,0,123,13,21,0,0.07,60,60,66.0,26 September 2025,
MAZDA,Mazda CX-30,Mazda CX-30 2.0 186ps 2WD Exclusive-Line / Black Leather / Luxury Pack (05/24),6MT,Manual,1998,Petrol Electric,Mild Hybrid Electric Vehicle (MHEV),186,137,,,0,,Euro 6d,False,WLTP,42.2,52.3,56.5,45.6,49.6,0,6.7,5.4,5,6.2,5.7,0,129,0,,0,,0,123,13,21,0,0.07,60,60,66.0,26 September 2025,
MAZDA,Mazda MX-5,Mazda MX-5 Roadster 2.0 184ps Exclusive-Line / Black Leather (11/23),6MT,Manual,1998,Petrol,Micro Hybrid,184,135,,,0,,Euro 6d,False,WLTP,30.7,44.8,48.7,40.4,41.5,0,9.2,6.3,5.8,7,6.8,0,153,0,0,0,,0,179,19,21,0,0.09,60,60,67.0,26 September 2025,
MAZDA,Mazda MX-5,Mazda MX-5 Roadster 2.0 184ps Homura / Black Recaro (11/23),6MT,Manual,1998,Petrol,Micro Hybrid,184,135,,,0,,Euro 6d,False,WLTP,30.7,44.8,48.7,40.4,41.5,0,9.2,6.3,5.8,7,6.8,0,153,0,0,0,,0,179,19,21,0,0.09,60,60,67.0,26 September 2025,
MAZDA,Mazda MX-5,Mazda MX-5 RF 2.0 184ps Exclusive-Line / Black Leather (11/23),6MT,Manual,1998,Petrol,Micro Hybrid,184,135,,,0,,Euro 6d,False,WLTP,32.1,44.1,47.9,39.8,41.5,0,8.8,6.4,5.9,7.1,6.8,0,153,0,0,0,,0,94,15,24,0,0.13,60,60,67.0,26 September 2025,
MAZDA,Mazda MX-5,Mazda MX-5 Roadster 1.5 132ps Prime-Line / Black Cloth (05/24),6MT,Manual,1496,Petrol,Micro Hybrid,132,97,,,0,,Euro 6d,False,WLTP,36.2,48.7,52.3,42.2,45.6,0,7.8,5.8,5.4,6.7,6.2,0,140,0,0,0,,0,113,10,21,0,0.17,60,60,67.0,26 September 2025,
MAZDA,Mazda MX-5,Mazda MX-5 Roadster 1.5 132ps Exclusive-Line / Black Leather (05/24),6MT,Manual,1496,Petrol,Micro Hybrid,132,97,,,0,,Euro 6d,False,WLTP,36.2,48.7,52.3,42.2,45.6,0,7.8,5.8,5.4,6.7,6.2,0,140,0,0,0,,0,113,10,21,0,0.17,60,60,67.0,26 September 2025,
MAZDA,Mazda MX-5,Mazda MX-5 RF 1.5 132ps Prime-Line / Black Cloth (05/24),6MT,Manual,1496,Petrol,Micro Hybrid,132,97,,,0,,Euro 6d,False,WLTP,36.2,48.7,52.3,42.2,45.6,0,7.8,5.8,5.4,6.7,6.2,0,140,0,0,0,,0,113,10,21,0,0.17,60,60,67.0,26 September 2025,
MAZDA,Mazda MX-5,Mazda MX-5 RF 1.5 132ps Exclusive-Line / Black Leather (05/24),6MT,Manual,1496,Petrol,Micro Hybrid,132,97,,,0,,Euro 6d,False,WLTP,36.2,48.7,52.3,42.2,45.6,0,7.8,5.8,5.4,6.7,6.2,0,140,0,0,0,,0,113,10,21,0,0.17,60,60,67.0,26 September 2025,
MAZDA,Mazda MX-5,Mazda MX-5 Roadster 2.0 184ps Exclusive-Line / Black Leather (12/24),6MT,Manual,1998,Petrol,Micro Hybrid,184,135,,,0,,Euro 6d,False,WLTP,30.7,44.8,48.7,40.4,41.5,0,9.2,6.3,5.8,7,6.8,0,153,0,0,0,,0,179,19,21,0,0.09,60,60,67.0,26 September 2025,
MAZDA,Mazda MX-5,Mazda MX-5 Roadster 2.0 184ps Homura / Black Recaro (12/24),6MT,Manual,1998,Petrol,Micro Hybrid,184,135,,,0,,Euro 6d,False,WLTP,30.7,44.8,48.7,40.4,41.5,0,9.2,6.3,5.8,7,6.8,0,153,0,0,0,,0,179,19,21,0,0.09,60,60,67.0,26 September 2025,
MAZDA,Mazda MX-5,Mazda MX-5 RF 2.0 184ps Exclusive-Line / Black Leather (12/24),6MT,Manual,1998,Petrol,Micro Hybrid,184,135,,,0,,Euro 6d,False,WLTP,32.1,44.1,47.9,39.8,41.5,0,8.8,6.4,5.9,7.1,6.8,0,153,0,0,0,,0,94,15,24,0,0.13,60,60,67.0,26 September 2025,
MAZDA,Mazda MX-5,Mazda MX-5 RF 2.0 184ps Homura / Black Recaro (12/24),6MT,Manual,1998,Petrol,Micro Hybrid,184,135,,,0,,Euro 6d,False,WLTP,32.1,44.1,47.9,39.8,41.5,0,8.8,6.4,5.9,7.1,6.8,0,153,0,0,0,,0,94,15,24,0,0.13,60,60,67.0,26 September 2025,
MAZDA,Mazda MX-30,Mazda MX-30 R-EV 170ps Prime-Line Auto / Light Grey Cloth with Dark Grey trim (03/23),1AT,Electric - Not Applicable,1660,Electricity / Petrol,Range Extended Electric Vehicle (REEV),75,55,,175,85,,Euro 6d,False,WLTP,47.9,39.2,44.1,29.7,37.2,282.5,5.9,7.2,6.4,9.5,7.6,1,172,21,,85,,110,800,51,15,,0.47,60,60,67.0,12 September 2025,
MAZDA,Mazda MX-30,Mazda MX-30 R-EV 170ps Exclusive-Line Auto / Light Grey Cloth with Stone Leatherette (03/23),1AT,Electric - Not Applicable,1660,Electricity / Petrol,Range Extended Electric Vehicle (REEV),75,55,,175,85,,Euro 6d,False,WLTP,47.9,39.2,44.1,29.7,37.2,282.5,5.9,7.2,6.4,9.5,7.6,1,172,21,,85,,110,800,51,15,,0.47,60,60,67.0,12 September 2025,
MAZDA,Mazda MX-30,Mazda MX-30 R-EV 170ps Prime-Line / Light Grey Cloth with Dark Grey trim (01/25),1AT,Electric - Not Applicable,1660,Electricity / Petrol,Range Extended Electric Vehicle (REEV),75,55,,175,85,,Euro 6d,False,WLTP,47.9,39.2,44.1,29.7,37.2,282.5,5.9,7.2,6.4,9.5,7.6,1,172,21,,85,,110,800,51,15,,0.47,60,60,67.0,12 September 2025,
MAZDA,Mazda MX-30,Mazda MX-30 R-EV 170ps Exclusive-Line / Light Grey Cloth with Stone Artificial Leather (01/25),1AT,Electric - Not Applicable,1660,Electricity / Petrol,Range Extended Electric Vehicle (REEV),75,55,,175,85,,Euro 6d,False,WLTP,47.9,39.2,44.1,29.7,37.2,282.5,5.9,7.2,6.4,9.5,7.6,1,172,21,,85,,110,800,51,15,,0.47,60,60,67.0,12 September 2025,
MAZDA,Mazda MX-30,Mazda MX-30 R-EV 170ps Makoto / Dark Grey cloth with Black Artificial Leather (01/25),1AT,Electric - Not Applicable,1660,Electricity / Petrol,Range Extended Electric Vehicle (REEV),75,55,,175,85,,Euro 6d,False,WLTP,47.9,39.2,44.1,29.7,37.2,282.5,5.9,7.2,6.4,9.5,7.6,1,172,21,,85,,110,800,51,15,,0.47,60,60,67.0,12 September 2025,
MAZDA,Mazda MX-30,Mazda MX-30 R-EV 170ps Prime-Line Auto / Light Grey Cloth with Dark Grey trim (03/23),1AT,Automatic,1660,Electricity / Petrol,Range Extended Electric Vehicle (REEV),75,55,3.6,175,85,53,Euro 6d,False,WLTP,47.9,39.2,44.1,29.7,37.2,282.5,5.9,7.2,6.4,9.5,7.6,1,172,21,53,85,68,110,800,51,15,0,0.47,60,60,67.0,26 September 2025,
MAZDA,Mazda MX-30,Mazda MX-30 R-EV 170ps Exclusive-Line Auto / Light Grey Cloth with Stone Leatherette (03/23),1AT,Automatic,1660,Electricity / Petrol,Range Extended Electric Vehicle (REEV),75,55,3.6,175,85,53,Euro 6d,False,WLTP,47.9,39.2,44.1,29.7,37.2,282.5,5.9,7.2,6.4,9.5,7.6,1,172,21,53,85,68,110,800,51,15,0,0.47,60,60,67.0,26 September 2025,
MAZDA,Mazda MX-30,Mazda MX-30 R-EV 170ps Prime-Line / Light Grey Cloth with Dark Grey trim (01/25),1AT,Automatic,1660,Electricity / Petrol,Range Extended Electric Vehicle (REEV),75,55,3.6,175,85,53,Euro 6d,False,WLTP,47.9,39.2,44.1,29.7,37.2,282.5,5.9,7.2,6.4,9.5,7.6,1,172,21,53,85,68,110,800,51,15,0,0.47,60,60,67.0,26 September 2025,
MAZDA,Mazda MX-30,Mazda MX-30 R-EV 170ps Exclusive-Line / Light Grey Cloth with Stone Artificial Leather (01/25),1AT,Automatic,1660,Electricity / Petrol,Range Extended Electric Vehicle (REEV),75,55,3.6,175,85,53,Euro 6d,False,WLTP,47.9,39.2,44.1,29.7,37.2,282.5,5.9,7.2,6.4,9.5,7.6,1,172,21,53,85,68,110,800,51,15,0,0.47,60,60,67.0,26 September 2025,
MAZDA,Mazda MX-30,Mazda MX-30 R-EV 170ps Makoto / Dark Grey cloth with Black Artificial Leather (01/25),1AT,Automatic,1660,Electricity / Petrol,Range Extended Electric Vehicle (REEV),75,55,3.6,175,85,53,Euro 6d,False,WLTP,47.9,39.2,44.1,29.7,37.2,282.5,5.9,7.2,6.4,9.5,7.6,1,172,21,53,85,68,110,800,51,15,0,0.47,60,60,67.0,26 September 2025,
MAZDA,Mazda CX-60,Mazda CX-60 2.5 327ps AWD Exclusive-Line Auto / Blk Lth / Conv / Drv Ass (06/24),8AT,Automatic,2488,Electricity / Petrol,Plug-in Hybrid Electric Vehicle (PHEV),192,141,2.7,230,64,,Euro 6d,False,WLTP,29.4,38.7,41.5,34.4,36.2,201.8,9.6,7.3,6.8,8.2,7.8,1.4,176,32,36,58,,71,293,14,6,0,0.10,60,60,66.0,26 September 2025,
MAZDA,Mazda CX-60,Mazda CX-60 2.5 327ps AWD Exclusive-Line Auto / Blk Lth / Comf / Conv / Drv Ass (06/24),8AT,Automatic,2488,Electricity / Petrol,Plug-in Hybrid Electric Vehicle (PHEV),192,141,2.7,230,64,,Euro 6d,False,WLTP,29.4,38.7,41.5,34.4,36.2,201.8,9.6,7.3,6.8,8.2,7.8,1.4,176,32,36,58,,71,293,14,6,0,0.10,60,60,66.0,26 September 2025,
MAZDA,Mazda CX-60,Mazda CX-60 2.5 327ps AWD Homura Auto / Blk Lth (06/24),8AT,Automatic,2488,Electricity / Petrol,Plug-in Hybrid Electric Vehicle (PHEV),192,141,2.7,230,64,,Euro 6d,False,WLTP,29.4,38.7,41.5,34.4,36.2,201.8,9.6,7.3,6.8,8.2,7.8,1.4,176,32,36,58,,71,293,14,6,0,0.10,60,60,66.0,26 September 2025,
MAZDA,Mazda CX-60,Mazda CX-60 2.5 327ps AWD Takumi Auto / Wht Nappa (06/24),8AT,Automatic,2488,Electricity / Petrol,Plug-in Hybrid Electric Vehicle (PHEV),192,141,2.7,230,64,,Euro 6d,False,WLTP,29.4,38.7,41.5,34.4,36.2,201.8,9.6,7.3,6.8,8.2,7.8,1.4,176,32,36,58,,71,293,14,6,0,0.10,60,60,66.0,26 September 2025,
MAZDA,Mazda CX-60,Mazda CX-60 2.5 327ps AWD Takumi Auto / Wht Nappa / Conv / Drv Ass / Pano (06/24),8AT,Automatic,2488,Electricity / Petrol,Plug-in Hybrid Electric Vehicle (PHEV),192,141,2.7,230,64,,Euro 6d,False,WLTP,29.4,38.7,41.5,34.4,36.2,201.8,9.6,7.3,6.8,8.2,7.8,1.4,176,32,36,58,,71,293,14,6,0,0.10,60,60,66.0,26 September 2025,
MAZDA,Mazda CX-60,Mazda CX-60 2.5 327ps AWD Exclusive-Line / Blk Lth (10/24),8AT,Automatic,2488,Electricity / Petrol,Plug-in Hybrid Electric Vehicle (PHEV),192,141,2.7,230,64,,Euro 6d,False,WLTP,29.4,38.7,41.5,34.4,36.2,201.8,9.6,7.3,6.8,8.2,7.8,1.4,176,32,36,58,,71,293,14,6,0,0.10,60,60,66.0,26 September 2025,
MAZDA,Mazda CX-60,Mazda CX-60 2.5 327ps AWD Exclusive-Line / Blk Lth / Comf (10/24),8AT,Automatic,2488,Electricity / Petrol,Plug-in Hybrid Electric Vehicle (PHEV),192,141,2.7,230,64,,Euro 6d,False,WLTP,29.4,38.7,41.5,34.4,36.2,201.8,9.6,7.3,6.8,8.2,7.8,1.4,176,32,36,58,,71,293,14,6,0,0.10,60,60,66.0,26 September 2025,
MAZDA,Mazda CX-60,Mazda CX-60 2.5 327ps AWD Exclusive-Line / Blk Lth / Comf / Conv & Drv Assist (10/24),8AT,Automatic,2488,Electricity / Petrol,Plug-in Hybrid Electric Vehicle (PHEV),192,141,2.7,230,64,,Euro 6d,False,WLTP,29.4,38.7,41.5,34.4,36.2,201.8,9.6,7.3,6.8,8.2,7.8,1.4,176,32,36,58,,71,293,14,6,0,0.10,60,60,66.0,26 September 2025,
MAZDA,Mazda CX-60,Mazda CX-60 2.5 327ps AWD Homura / Blk Nappa (10/24),8AT,Automatic,2488,Electricity / Petrol,Plug-in Hybrid Electric Vehicle (PHEV),192,141,2.7,230,64,,Euro 6d,False,WLTP,29.4,38.7,41.5,34.4,36.2,201.8,9.6,7.3,6.8,8.2,7.8,1.4,176,32,36,58,,71,293,14,6,0,0.10,60,60,66.0,26 September 2025,
MAZDA,Mazda CX-60,Mazda CX-60 2.5 327ps AWD Homura / Blk Nappa / Conv & Drv Assist (10/24),8AT,Automatic,2488,Electricity / Petrol,Plug-in Hybrid Electric Vehicle (PHEV),192,141,2.7,230,64,,Euro 6d,False,WLTP,29.4,38.7,41.5,34.4,36.2,201.8,9.6,7.3,6.8,8.2,7.8,1.4,176,32,36,58,,71,293,14,6,0,0.10,60,60,66.0,26 September 2025,
MAZDA,Mazda CX-60,Mazda CX-60 2.5 327ps AWD Homura / Blk Nappa / Pano (10/24),8AT,Automatic,2488,Electricity / Petrol,Plug-in Hybrid Electric Vehicle (PHEV),192,141,2.7,230,64,,Euro 6d,False,WLTP,29.4,38.7,41.5,34.4,36.2,201.8,9.6,7.3,6.8,8.2,7.8,1.4,176,32,36,58,,71,293,14,6,0,0.10,60,60,66.0,26 September 2025,
MAZDA,Mazda CX-60,Mazda CX-60 2.5 327ps AWD Homura Plus / Blk Nappa / Conv & Drv Assist / Pano (10/24),8AT,Automatic,2488,Electricity / Petrol,Plug-in Hybrid Electric Vehicle (PHEV),192,141,2.7,230,64,,Euro 6d,False,WLTP,29.4,38.7,41.5,34.4,36.2,201.8,9.6,7.3,6.8,8.2,7.8,1.4,176,32,36,58,,71,293,14,6,0,0.10,60,60,66.0,26 September 2025,
MAZDA,Mazda CX-60,Mazda CX-60 2.5 327ps AWD Takumi / Wht Nappa (10/24),8AT,Automatic,2488,Electricity / Petrol,Plug-in Hybrid Electric Vehicle (PHEV),192,141,2.7,230,64,,Euro 6d,False,WLTP,29.4,38.7,41.5,34.4,36.2,201.8,9.6,7.3,6.8,8.2,7.8,1.4,176,32,36,58,,71,293,14,6,0,0.10,60,60,66.0,26 September 2025,
MAZDA,Mazda CX-60,Mazda CX-60 2.5 327ps AWD Takumi Plus / Wht Nappa / Conv & Drv Assist / Pano (10/24),8AT,Automatic,2488,Electricity / Petrol,Plug-in Hybrid Electric Vehicle (PHEV),192,141,2.7,230,64,,Euro 6d,False,WLTP,29.4,38.7,41.5,34.4,36.2,201.8,9.6,7.3,6.8,8.2,7.8,1.4,176,32,36,58,,71,293,14,6,0,0.10,60,60,66.0,26 September 2025,
MAZDA,Mazda CX-60,Mazda CX-60 3.3D 200ps 2WD Exclusive-Line / Blk Lth (10/24),8AT,Automatic,3283,Diesel Electric,Mild Hybrid Electric Vehicle (MHEV),200,147,,,0,,Euro 6d,False,WLTP,48.7,60.1,64.2,50.4,55.4,0,5.8,4.7,4.4,5.6,5.1,0,131,0,0,0,,0,146,0,19,32,0.48,80,80,64.0,26 September 2025,
MAZDA,Mazda CX-60,Mazda CX-60 3.3D 200ps 2WD Exclusive-Line / Blk Lth / Comf / Conv & Drv Assist (10/24),8AT,Automatic,3283,Diesel Electric,Mild Hybrid Electric Vehicle (MHEV),200,147,,,0,,Euro 6d,False,WLTP,48.7,60.1,64.2,50.4,55.4,0,5.8,4.7,4.4,5.6,5.1,0,131,0,0,0,,0,146,0,19,32,0.48,80,80,64.0,26 September 2025,
MAZDA,Mazda CX-60,Mazda CX-60 3.3D 254ps AWD Exclusive-Line / Blk Lth (10/24),8AT,Automatic,3283,Diesel Electric,Mild Hybrid Electric Vehicle (MHEV),254,187,,,0,,Euro 6d,False,WLTP,45.6,56.5,62.8,48.7,53.3,0,6.2,5,4.5,5.8,5.3,0,138,0,0,0,,0,194,0,21,34,0.42,80,80,65.0,26 September 2025,
MAZDA,Mazda CX-60,Mazda CX-60 3.3D 254ps AWD Exclusive-Line / Blk Lth / Comf (10/24),8AT,Automatic,3283,Diesel Electric,Mild Hybrid Electric Vehicle (MHEV),254,187,,,0,,Euro 6d,False,WLTP,45.6,56.5,62.8,48.7,53.3,0,6.2,5,4.5,5.8,5.3,0,138,0,0,0,,0,194,0,21,34,0.42,80,80,65.0,26 September 2025,
MAZDA,Mazda CX-60,Mazda CX-60 3.3D 254ps AWD Exclusive-Line / Blk Lth / Comf / Conv & Drv Assist (10/24),8AT,Automatic,3283,Diesel Electric,Mild Hybrid Electric Vehicle (MHEV),254,187,,,0,,Euro 6d,False,WLTP,45.6,56.5,62.8,48.7,53.3,0,6.2,5,4.5,5.8,5.3,0,138,0,0,0,,0,194,0,21,34,0.42,80,80,65.0,26 September 2025,
MAZDA,Mazda CX-60,Mazda CX-60 3.3D 254ps AWD Homura / Blk Nappa (10/24),8AT,Automatic,3283,Diesel Electric,Mild Hybrid Electric Vehicle (MHEV),254,187,,,0,,Euro 6d,False,WLTP,45.6,56.5,62.8,48.7,53.3,0,6.2,5,4.5,5.8,5.3,0,138,0,0,0,,0,194,0,21,34,0.42,80,80,65.0,26 September 2025,
MAZDA,Mazda CX-60,Mazda CX-60 3.3D 254ps AWD Homura / Blk Nappa / Conv & Drv Assist (10/24),8AT,Automatic,3283,Diesel Electric,Mild Hybrid Electric Vehicle (MHEV),254,187,,,0,,Euro 6d,False,WLTP,45.6,56.5,62.8,48.7,53.3,0,6.2,5,4.5,5.8,5.3,0,138,0,0,0,,0,194,0,21,34,0.42,80,80,65.0,26 September 2025,
MAZDA,Mazda CX-60,Mazda CX-60 3.3D 254ps AWD Homura / Blk Nappa / Pano (10/24),8AT,Automatic,3283,Diesel Electric,Mild Hybrid Electric Vehicle (MHEV),254,187,,,0,,Euro 6d,False,WLTP,45.6,56.5,62.8,48.7,53.3,0,6.2,5,4.5,5.8,5.3,0,138,0,0,0,,0,194,0,21,34,0.42,80,80,65.0,26 September 2025,
MAZDA,Mazda CX-60,Mazda CX-60 3.3D 254ps AWD Homura Plus / Blk Nappa / Conv & Drv Assist / Pano (10/24),8AT,Automatic,3283,Diesel Electric,Mild Hybrid Electric Vehicle (MHEV),254,187,,,0,,Euro 6d,False,WLTP,45.6,56.5,62.8,48.7,53.3,0,6.2,5,4.5,5.8,5.3,0,138,0,,0,,0,194,0,21,34,0.42,80,80,65.0,26 September 2025,
MAZDA,Mazda CX-60,Mazda CX-60 3.3D 254ps AWD Takumi / Wht Nappa (10/24),8AT,Automatic,3283,Diesel Electric,Mild Hybrid Electric Vehicle (MHEV),254,187,,,0,,Euro 6d,False,WLTP,45.6,56.5,62.8,48.7,53.3,0,6.2,5,4.5,5.8,5.3,0,138,0,,0,,0,194,0,21,34,0.42,80,80,65.0,26 September 2025,
MAZDA,Mazda CX-60,Mazda CX-60 3.3D 254ps AWD Takumi Plus / Wht Nappa / Conv & Drv Assist / Pano (10/24),8AT,Automatic,3283,Diesel Electric,Mild Hybrid Electric Vehicle (MHEV),254,187,,,0,,Euro 6d,False,WLTP,45.6,56.5,62.8,48.7,53.3,0,6.2,5,4.5,5.8,5.3,0,138,0,,0,,0,194,0,21,34,0.42,80,80,65.0,26 September 2025,
MAZDA,Mazda CX-60,2.5 327ps AWD Takumi Auto / Wht Nappa / Conv / Drv Ass / Pano (06/24),8AT,Automatic,2488,Electricity / Petrol,Plug-in Hybrid Electric Vehicle (PHEV),192,141,2.7,230,64,,Euro 6d,False,WLTP,29.4,38.7,41.5,34.4,36.2,201.8,9.6,7.3,6.8,8.2,7.8,1.4,176,32,36,58,,71,293,14,6,0,0.10,60,60,66.0,26 September 2025,
MAZDA,Mazda CX-60,2.5 327ps AWD Exclusive-Line / Blk Lth (10/24),8AT,Automatic,2488,Electricity / Petrol,Plug-in Hybrid Electric Vehicle (PHEV),192,141,2.7,230,64,,Euro 6d,False,WLTP,29.4,38.7,41.5,34.4,36.2,201.8,9.6,7.3,6.8,8.2,7.8,1.4,176,32,36,58,,71,293,14,6,0,0.10,60,60,66.0,26 September 2025,
MAZDA,Mazda CX-60,2.5 327ps AWD Exclusive-Line / Blk Lth / Comf (10/24),8AT,Automatic,2488,Electricity / Petrol,Plug-in Hybrid Electric Vehicle (PHEV),192,141,2.7,230,64,,Euro 6d,False,WLTP,29.4,38.7,41.5,34.4,36.2,201.8,9.6,7.3,6.8,8.2,7.8,1.4,176,32,36,58,,71,293,14,6,0,0.10,60,60,66.0,26 September 2025,
MAZDA,Mazda CX-60,2.5 327ps AWD Exclusive-Line / Blk Lth / Comf / Conv & Drv Assist (10/24),8AT,Automatic,2488,Electricity / Petrol,Plug-in Hybrid Electric Vehicle (PHEV),192,141,2.7,230,64,,Euro 6d,False,WLTP,29.4,38.7,41.5,34.4,36.2,201.8,9.6,7.3,6.8,8.2,7.8,1.4,176,32,36,58,,71,293,14,6,0,0.10,60,60,66.0,26 September 2025,
MAZDA,Mazda CX-60,2.5 327ps AWD Homura / Blk Nappa (10/24),8AT,Automatic,2488,Electricity / Petrol,Plug-in Hybrid Electric Vehicle (PHEV),192,141,2.7,230,64,,Euro 6d,False,WLTP,29.4,38.7,41.5,34.4,36.2,201.8,9.6,7.3,6.8,8.2,7.8,1.4,176,32,36,58,,71,293,14,6,0,0.10,60,60,66.0,26 September 2025,
MAZDA,Mazda CX-60,2.5 327ps AWD Homura / Blk Nappa / Conv & Drv Assist (10/24),8AT,Automatic,2488,Electricity / Petrol,Plug-in Hybrid Electric Vehicle (PHEV),192,141,2.7,230,64,,Euro 6d,False,WLTP,29.4,38.7,41.5,34.4,36.2,201.8,9.6,7.3,6.8,8.2,7.8,1.4,176,32,36,58,,71,293,14,6,0,0.10,60,60,66.0,26 September 2025,
MAZDA,Mazda CX-60,2.5 327ps AWD Homura / Blk Nappa / Pano (10/24),8AT,Automatic,2488,Electricity / Petrol,Plug-in Hybrid Electric Vehicle (PHEV),192,141,2.7,230,64,,Euro 6d,False,WLTP,29.4,38.7,41.5,34.4,36.2,201.8,9.6,7.3,6.8,8.2,7.8,1.4,176,32,36,58,,71,293,14,6,0,0.10,60,60,66.0,26 September 2025,
MAZDA,Mazda CX-60,2.5 327ps AWD Homura Plus / Blk Nappa / Conv & Drv Assist / Pano (10/24),8AT,Automatic,2488,Electricity / Petrol,Plug-in Hybrid Electric Vehicle (PHEV),192,141,2.7,230,64,,Euro 6d,False,WLTP,29.4,38.7,41.5,34.4,36.2,201.8,9.6,7.3,6.8,8.2,7.8,1.4,176,32,36,58,,71,293,14,6,0,0.10,60,60,66.0,26 September 2025,
MAZDA,Mazda CX-60,2.5 327ps AWD Takumi / Wht Nappa (10/24),8AT,Automatic,2488,Electricity / Petrol,Plug-in Hybrid Electric Vehicle (PHEV),192,141,2.7,230,64,,Euro 6d,False,WLTP,29.4,38.7,41.5,34.4,36.2,201.8,9.6,7.3,6.8,8.2,7.8,1.4,176,32,36,58,,71,293,14,6,0,0.10,60,60,66.0,26 September 2025,
MAZDA,Mazda CX-60,2.5 327ps AWD Takumi Plus / Wht Nappa / Conv & Drv Assist / Pano (10/24),8AT,Automatic,2488,Electricity / Petrol,Plug-in Hybrid Electric Vehicle (PHEV),192,141,2.7,230,64,,Euro 6d,False,WLTP,29.4,38.7,41.5,34.4,36.2,201.8,9.6,7.3,6.8,8.2,7.8,1.4,176,32,36,58,,71,293,14,6,0,0.10,60,60,66.0,26 September 2025,
MAZDA,Mazda CX-60,3.3D 200ps 2WD Exclusive-Line / Blk Lth (10/24),8AT,Automatic,3283,Diesel Electric,Mild Hybrid Electric Vehicle (MHEV),200,147,,,0,,Euro 6d,False,WLTP,48.7,60.1,64.2,50.4,55.4,0,5.8,4.7,4.4,5.6,5.1,0,131,0,,0,,0,146,0,19,32,0.48,80,80,64.0,26 September 2025,
MAZDA,Mazda CX-60,3.3D 200ps 2WD Exclusive-Line / Blk Lth / Comf / Conv & Drv Assist (10/24),8AT,Automatic,3283,Diesel Electric,Mild Hybrid Electric Vehicle (MHEV),200,147,,,0,,Euro 6d,False,WLTP,48.7,60.1,64.2,50.4,55.4,0,5.8,4.7,4.4,5.6,5.1,0,131,0,,0,,0,146,0,19,32,0.48,80,80,64.0,26 September 2025,
MAZDA,Mazda CX-60,3.3D 254ps AWD Exclusive-Line / Blk Lth (10/24),8AT,Automatic,3283,Diesel Electric,Mild Hybrid Electric Vehicle (MHEV),254,187,,,0,,Euro 6d,False,WLTP,45.6,56.5,62.8,48.7,53.3,0,6.2,5,4.5,5.8,5.3,0,138,0,,0,,0,194,0,21,34,0.42,80,80,65.0,26 September 2025,
MAZDA,Mazda CX-60,3.3D 254ps AWD Exclusive-Line / Blk Lth / Comf (10/24),8AT,Automatic,3283,Diesel Electric,Mild Hybrid Electric Vehicle (MHEV),254,187,,,0,,Euro 6d,False,WLTP,45.6,56.5,62.8,48.7,53.3,0,6.2,5,4.5,5.8,5.3,0,138,0,,0,,0,194,0,21,34,0.42,80,80,65.0,26 September 2025,
MAZDA,Mazda CX-60,3.3D 254ps AWD Exclusive-Line / Blk Lth / Comf / Conv & Drv Assist (10/24),8AT,Automatic,3283,Diesel Electric,Mild Hybrid Electric Vehicle (MHEV),254,187,,,0,,Euro 6d,False,WLTP,45.6,56.5,62.8,48.7,53.3,0,6.2,5,4.5,5.8,5.3,0,138,0,,0,,0,194,0,21,34,0.42,80,80,65.0,26 September 2025,
MAZDA,Mazda CX-60,3.3D 254ps AWD Homura / Blk Nappa (10/24),8AT,Automatic,3283,Diesel Electric,Mild Hybrid Electric Vehicle (MHEV),254,187,,,0,,Euro 6d,False,WLTP,45.6,56.5,62.8,48.7,53.3,0,6.2,5,4.5,5.8,5.3,0,138,0,,0,,0,194,0,21,34,0.42,80,80,65.0,26 September 2025,
MAZDA,Mazda CX-60,3.3D 254ps AWD Homura / Blk Nappa / Conv & Drv Assist (10/24),8AT,Automatic,3283,Diesel Electric,Mild Hybrid Electric Vehicle (MHEV),254,187,,,0,,Euro 6d,False,WLTP,45.6,56.5,62.8,48.7,53.3,0,6.2,5,4.5,5.8,5.3,0,138,0,,0,,0,194,0,21,34,0.42,80,80,65.0,26 September 2025,
MAZDA,Mazda CX-60,3.3D 254ps AWD Homura / Blk Nappa / Pano (10/24),8AT,Automatic,3283,Diesel Electric,Mild Hybrid Electric Vehicle (MHEV),254,187,,,0,,Euro 6d,False,WLTP,45.6,56.5,62.8,48.7,53.3,0,6.2,5,4.5,5.8,5.3,0,138,0,,0,,0,194,0,21,34,0.42,80,80,65.0,26 September 2025,
MAZDA,Mazda CX-60,3.3D 254ps AWD Homura Plus / Blk Nappa / Conv & Drv Assist / Pano (10/24),8AT,Automatic,3283,Diesel Electric,Mild Hybrid Electric Vehicle (MHEV),254,187,,,0,,Euro 6d,False,WLTP,45.6,56.5,62.8,48.7,53.3,0,6.2,5,4.5,5.8,5.3,0,138,0,,0,,0,194,0,21,34,0.42,80,80,65.0,26 September 2025,
MAZDA,Mazda CX-60,3.3D 254ps AWD Takumi / Wht Nappa (10/24),8AT,Automatic,3283,Diesel Electric,Mild Hybrid Electric Vehicle (MHEV),254,187,,,0,,Euro 6d,False,WLTP,45.6,56.5,62.8,48.7,53.3,0,6.2,5,4.5,5.8,5.3,0,138,0,,0,,0,194,0,21,34,0.42,80,80,65.0,26 September 2025,
MAZDA,Mazda CX-60,3.3D 254ps AWD Takumi Plus / Wht Nappa / Conv & Drv Assist / Pano (10/24),8AT,Automatic,3283,Diesel Electric,Mild Hybrid Electric Vehicle (MHEV),254,187,,,0,,Euro 6d,False,WLTP,45.6,56.5,62.8,48.7,53.3,0,6.2,5,4.5,5.8,5.3,0,138,0,,0,,0,194,0,21,34,0.42,80,80,65.0,26 September 2025,
MAZDA,Mazda CX-60,2.5 327ps AWD Exclusive-Line Auto / Blk Lth / Conv / Drv Ass (06/24),8AT,Automatic,2488,Electricity / Petrol,Plug-in Hybrid Electric Vehicle (PHEV),192,141,2.7,230,64,,Euro 6d,False,WLTP,29.4,38.7,41.5,34.4,36.2,201.8,9.6,7.3,6.8,8.2,7.8,1.4,176,32,36,58,,71,293,14,6,0,0.10,60,60,66.0,26 September 2025,
MAZDA,Mazda CX-60,2.5 327ps AWD Exclusive-Line Auto / Blk Lth / Comf / Conv / Drv Ass (06/24),8AT,Automatic,2488,Electricity / Petrol,Plug-in Hybrid Electric Vehicle (PHEV),192,141,2.7,230,64,,Euro 6d,False,WLTP,29.4,38.7,41.5,34.4,36.2,201.8,9.6,7.3,6.8,8.2,7.8,1.4,176,32,36,58,,71,293,14,6,0,0.10,60,60,66.0,26 September 2025,
MAZDA,Mazda CX-60,2.5 327ps AWD Homura Auto / Blk Lth (06/24),8AT,Automatic,2488,Electricity / Petrol,Plug-in Hybrid Electric Vehicle (PHEV),192,141,2.7,230,64,,Euro 6d,False,WLTP,29.4,38.7,41.5,34.4,36.2,201.8,9.6,7.3,6.8,8.2,7.8,1.4,176,32,36,58,,71,293,14,6,0,0.10,60,60,66.0,26 September 2025,
MAZDA,Mazda CX-60,2.5 327ps AWD Takumi Auto / Wht Nappa (06/24),8AT,Automatic,2488,Electricity / Petrol,Plug-in Hybrid Electric Vehicle (PHEV),192,141,2.7,230,64,,Euro 6d,False,WLTP,29.4,38.7,41.5,34.4,36.2,201.8,9.6,7.3,6.8,8.2,7.8,1.4,176,32,36,58,,71,293,14,6,0,0.10,60,60,66.0,26 September 2025,
MAZDA,Mazda CX-80,(GB) Mazda CX-80 2.5 327ps AWD Exclusive-Line / Blk Lth (07/24),8AT,Automatic,2488,Electricity / Petrol,Plug-in Hybrid Electric Vehicle (PHEV),192,141,2.6,244,59,,Euro 6d,False,WLTP,27.2,35.3,38.7,32.8,34,166.2,10.4,8,7.3,8.6,8.3,1.7,188,38,36,58,,64,293,13,6,0,0.10,60,60,64.0,26 September 2025,
MAZDA,Mazda CX-80,(NI) Mazda CX-80 2.5 327ps AWD Exclusive-Line / Blk Lth (05/24),8AT,Automatic,2488,Electricity / Petrol,Plug-in Hybrid Electric Vehicle (PHEV),192,141,2.6,244,59,,Euro 6d,False,WLTP,27.2,35.3,38.7,32.8,34,166.2,10.4,8,7.3,8.6,8.3,1.7,188,38,36,58,,64,293,13,6,0,0.10,60,60,64.0,26 September 2025,
MAZDA,Mazda CX-80,(GB) Mazda CX-80 2.5 327ps AWD Exclusive-Line / Blk Lth / Comf (07/24),8AT,Automatic,2488,Electricity / Petrol,Plug-in Hybrid Electric Vehicle (PHEV),192,141,2.6,244,59,,Euro 6d,False,WLTP,27.2,35.3,38.7,32.8,34,166.2,10.4,8,7.3,8.6,8.3,1.7,188,38,36,58,,64,293,13,6,0,0.10,60,60,64.0,26 September 2025,
MAZDA,Mazda CX-80,(GB) Mazda CX-80 2.5 327ps AWD Exclusive-Line / Blk Lth / Comf / Conv & Drv Assist (07/04),8AT,Automatic,2488,Electricity / Petrol,Plug-in Hybrid Electric Vehicle (PHEV),192,141,2.6,244,59,,Euro 6d,False,WLTP,27.2,35.3,38.7,32.8,34,166.2,10.4,8,7.3,8.6,8.3,1.7,188,38,36,58,,64,293,13,6,0,0.10,60,60,64.0,26 September 2025,
MAZDA,Mazda CX-80,(GB) Mazda CX-80 2.5 327ps AWD Exclusive-Line / Blk Lth / Conv & Drv Assist (07/24),8AT,Automatic,2488,Electricity / Petrol,Plug-in Hybrid Electric Vehicle (PHEV),192,141,2.6,244,59,,Euro 6d,False,WLTP,27.2,35.3,38.7,32.8,34,166.2,10.4,8,7.3,8.6,8.3,1.7,188,38,36,58,,64,293,13,6,0,0.10,60,60,64.0,26 September 2025,
MAZDA,Mazda CX-80,(GB) Mazda CX-80 2.5 327ps AWD Homura / Blk Nappa (07/24),8AT,Automatic,2488,Electricity / Petrol,Plug-in Hybrid Electric Vehicle (PHEV),192,141,2.6,244,59,,Euro 6d,False,WLTP,27.2,35.3,38.7,32.8,34,166.2,10.4,8,7.3,8.6,8.3,1.7,188,38,36,58,,64,293,13,6,0,0.10,60,60,64.0,26 September 2025,
MAZDA,Mazda CX-80,(NI) Mazda CX-80 2.5 327ps AWD Homura / Blk Nappa (05/24),8AT,Automatic,2488,Electricity / Petrol,Plug-in Hybrid Electric Vehicle (PHEV),192,141,2.6,244,59,,Euro 6d,False,WLTP,27.2,35.3,38.7,32.8,34,166.2,10.4,8,7.3,8.6,8.3,1.7,188,38,36,58,,64,293,13,6,0,0.10,60,60,64.0,26 September 2025,
MAZDA,Mazda CX-80,(GB) Mazda CX-80 2.5 327ps AWD Homura / Blk Nappa / Conv & Drv Assist (07/24),8AT,Automatic,2488,Electricity / Petrol,Plug-in Hybrid Electric Vehicle (PHEV),192,141,2.6,244,59,,Euro 6d,False,WLTP,27.2,35.3,38.7,32.8,34,166.2,10.4,8,7.3,8.6,8.3,1.7,188,38,36,58,,64,293,13,6,0,0.10,60,60,64.0,26 September 2025,
MAZDA,Mazda CX-80,(GB) Mazda CX-80 2.5 327ps AWD Homura / Blk Nappa / Pano (07/24),8AT,Automatic,2488,Electricity / Petrol,Plug-in Hybrid Electric Vehicle (PHEV),192,141,2.6,244,59,,Euro 6d,False,WLTP,27.2,35.3,38.7,32.8,34,166.2,10.4,8,7.3,8.6,8.3,1.7,188,38,36,58,,64,293,13,6,0,0.10,60,60,64.0,26 September 2025,
MAZDA,Mazda CX-80,(GB) Mazda CX-80 2.5 327ps AWD Homura / Captain / Blk Nappa (07/24),8AT,Automatic,2488,Electricity / Petrol,Plug-in Hybrid Electric Vehicle (PHEV),192,141,2.6,244,59,,Euro 6d,False,WLTP,27.2,35.3,38.7,32.8,34,166.2,10.4,8,7.3,8.6,8.3,1.7,188,38,36,58,,64,293,13,6,0,0.10,60,60,64.0,26 September 2025,
MAZDA,Mazda CX-80,(GB) Mazda CX-80 2.5 327ps AWD Homura / Captain / Blk Nappa / Conv & Drv Assist (07/24),8AT,Automatic,2488,Electricity / Petrol,Plug-in Hybrid Electric Vehicle (PHEV),192,141,2.6,244,59,,Euro 6d,False,WLTP,27.2,35.3,38.7,32.8,34,166.2,10.4,8,7.3,8.6,8.3,1.7,188,38,36,58,,64,293,13,6,0,0.10,60,60,64.0,26 September 2025,
MAZDA,Mazda CX-80,(GB) Mazda CX-80 2.5 327ps AWD Homura / Captain / Blk Nappa / Pano (07/24),8AT,Automatic,2488,Electricity / Petrol,Plug-in Hybrid Electric Vehicle (PHEV),192,141,2.6,244,59,,Euro 6d,False,WLTP,27.2,35.3,38.7,32.8,34,166.2,10.4,8,7.3,8.6,8.3,1.7,188,38,36,58,,64,293,13,6,0,0.10,60,60,64.0,26 September 2025,
MAZDA,Mazda CX-80,(GB) Mazda CX-80 2.5 327ps AWD Homura Plus / Blk Nappa / Conv & Drv Assist / Pano (07/24),8AT,Automatic,2488,Electricity / Petrol,Plug-in Hybrid Electric Vehicle (PHEV),192,141,2.6,244,59,,Euro 6d,False,WLTP,27.2,35.3,38.7,32.8,34,166.2,10.4,8,7.3,8.6,8.3,1.7,188,38,36,58,,64,293,13,6,0,0.10,60,60,64.0,26 September 2025,
MAZDA,Mazda CX-80,(NI) Mazda CX-80 2.5 327ps AWD Homura Plus / Blk Nappa / Conv & Drv Assist / Pano (05/24),8AT,Automatic,2488,Electricity / Petrol,Plug-in Hybrid Electric Vehicle (PHEV),192,141,2.6,244,59,,Euro 6d,False,WLTP,27.2,35.3,38.7,32.8,34,166.2,10.4,8,7.3,8.6,8.3,1.7,188,38,36,58,,64,293,13,6,0,0.10,60,60,64.0,26 September 2025,
MAZDA,Mazda CX-80,(GB) Mazda CX-80 2.5 327ps AWD Homura Plus / Captain / Blk Nappa / Conv & Drv Assist / Pano (07/24),8AT,Automatic,2488,Electricity / Petrol,Plug-in Hybrid Electric Vehicle (PHEV),192,141,2.6,244,59,,Euro 6d,False,WLTP,27.2,35.3,38.7,32.8,34,166.2,10.4,8,7.3,8.6,8.3,1.7,188,38,36,58,,64,293,13,6,0,0.10,60,60,64.0,26 September 2025,
MAZDA,Mazda CX-80,(NI) Mazda CX-80 2.5 327ps AWD Homura Plus / Captain / Blk Nappa / Conv & Drv Assist / Pano (05/24),8AT,Automatic,2488,Electricity / Petrol,Plug-in Hybrid Electric Vehicle (PHEV),192,141,2.6,244,59,,Euro 6d,False,WLTP,27.2,35.3,38.7,32.8,34,166.2,10.4,8,7.3,8.6,8.3,1.7,188,38,36,58,,64,293,13,6,0,0.10,60,60,64.0,26 September 2025,
MAZDA,Mazda CX-80,(GB) Mazda CX-80 2.5 327ps AWD Takumi / Wht Nappa (07/24),8AT,Automatic,2488,Electricity / Petrol,Plug-in Hybrid Electric Vehicle (PHEV),192,141,2.6,244,59,,Euro 6d,False,WLTP,27.2,35.3,38.7,32.8,34,166.2,10.4,8,7.3,8.6,8.3,1.7,188,38,36,58,,64,293,13,6,0,0.10,60,60,64.0,26 September 2025,
MAZDA,Mazda CX-80,(GB) Mazda CX-80 2.5 327ps AWD Takumi / Wht Nappa / Conv & Drv Assist (07/24),8AT,Automatic,2488,Electricity / Petrol,Plug-in Hybrid Electric Vehicle (PHEV),192,141,2.6,244,59,,Euro 6d,False,WLTP,27.2,35.3,38.7,32.8,34,166.2,10.4,8,7.3,8.6,8.3,1.7,188,38,36,58,,64,293,13,6,0,0.10,60,60,64.0,26 September 2025,
MAZDA,Mazda CX-80,(GB) Mazda CX-80 2.5 327ps AWD Takumi / Wht Nappa / Pano (07/24),8AT,Automatic,2488,Electricity / Petrol,Plug-in Hybrid Electric Vehicle (PHEV),192,141,2.6,244,59,,Euro 6d,False,WLTP,27.2,35.3,38.7,32.8,34,166.2,10.4,8,7.3,8.6,8.3,1.7,188,38,36,58,,64,293,13,6,0,0.10,60,60,64.0,26 September 2025,
MAZDA,Mazda CX-80,(GB) Mazda CX-80 2.5 327ps AWD Takumi Plus / Captain / Wht Nappa / Conv & Drv Assist / Pano (07/24),8AT,Automatic,2488,Electricity / Petrol,Plug-in Hybrid Electric Vehicle (PHEV),192,141,2.6,244,59,,Euro 6d,False,WLTP,27.2,35.3,38.7,32.8,34,166.2,10.4,8,7.3,8.6,8.3,1.7,188,38,36,58,,64,293,13,6,0,0.10,60,60,64.0,26 September 2025,
MAZDA,Mazda CX-80,(NI) Mazda CX-80 2.5 327ps AWD Takumi Plus / Captain / Wht Nappa / Conv & Drv Assist / Pano (05/24),8AT,Automatic,2488,Electricity / Petrol,Plug-in Hybrid Electric Vehicle (PHEV),192,141,2.6,244,59,,Euro 6d,False,WLTP,27.2,35.3,38.7,32.8,34,166.2,10.4,8,7.3,8.6,8.3,1.7,188,38,36,58,,64,293,13,6,0,0.10,60,60,64.0,26 September 2025,
MAZDA,Mazda CX-80,(GB) Mazda CX-80 2.5 327ps AWD Takumi Plus / Wht Nappa / Conv & Drv Assist / Pano (07/24),8AT,Automatic,2488,Electricity / Petrol,Plug-in Hybrid Electric Vehicle (PHEV),192,141,2.6,244,59,,Euro 6d,False,WLTP,27.2,35.3,38.7,32.8,34,166.2,10.4,8,7.3,8.6,8.3,1.7,188,38,36,58,,64,293,13,6,0,0.10,60,60,64.0,26 September 2025,
MAZDA,Mazda CX-80,(GB) Mazda CX-80 3.3D 254ps AWD Exclusive-Line / Blk Lth (07/24),8AT,Automatic,3283,Diesel Electric,Mild Hybrid Electric Vehicle (MHEV),254,187,,,0,,Euro 6d,False,WLTP,42.2,51.4,57.6,46.3,49.6,0,6.7,5.5,4.9,6.1,5.7,0,148,0,0,0,,0,194,0,21,34,0.42,80,80,64.0,26 September 2025,
MAZDA,Mazda CX-80,(GB) Mazda CX-80 3.3D 254ps AWD Exclusive-Line / Blk Lth / Comf (07/24),8AT,Automatic,3283,Diesel Electric,Mild Hybrid Electric Vehicle (MHEV),254,187,,,0,,Euro 6d,False,WLTP,42.2,51.4,57.6,46.3,49.6,0,6.7,5.5,4.9,6.1,5.7,0,148,0,0,0,,0,194,0,21,34,0.42,80,80,64.0,26 September 2025,
MAZDA,Mazda CX-80,(NI) Mazda CX-80 3.3D 254ps AWD Exclusive-Line / Blk Lth / Comf (05/24),8AT,Automatic,3283,Diesel Electric,Mild Hybrid Electric Vehicle (MHEV),254,187,,,0,,Euro 6d,False,WLTP,42.2,51.4,57.6,46.3,49.6,0,6.7,5.5,4.9,6.1,5.7,0,148,0,0,0,,0,194,0,21,34,0.42,80,80,64.0,26 September 2025,
MAZDA,Mazda CX-80,(GB) Mazda CX-80 3.3D 254ps AWD Exclusive-Line / Blk Lth / Comf / Conv & Drv Assist (07/24),8AT,Automatic,3283,Diesel Electric,Mild Hybrid Electric Vehicle (MHEV),254,187,,,0,,Euro 6d,False,WLTP,42.2,51.4,57.6,46.3,49.6,0,6.7,5.5,4.9,6.1,5.7,0,148,0,0,0,,0,194,0,21,34,0.42,80,80,64.0,26 September 2025,
MAZDA,Mazda CX-80,(GB) Mazda CX-80 3.3D 254ps AWD Exclusive-Line / Blk Lth / Conv & Drv Assist (07/24),8AT,Automatic,3283,Diesel Electric,Mild Hybrid Electric Vehicle (MHEV),254,187,,,0,,Euro 6d,False,WLTP,42.2,51.4,57.6,46.3,49.6,0,6.7,5.5,4.9,6.1,5.7,0,148,0,0,0,,0,194,0,21,34,0.42,80,80,64.0,26 September 2025,
MAZDA,Mazda CX-80,(GB) Mazda CX-80 3.3D 254ps AWD Homura / Blk Nappa (07/24),8AT,Automatic,3283,Diesel Electric,Mild Hybrid Electric Vehicle (MHEV),254,187,,,0,,Euro 6d,False,WLTP,42.2,51.4,57.6,46.3,49.6,0,6.7,5.5,4.9,6.1,5.7,0,148,0,0,0,,0,194,0,21,34,0.42,80,80,64.0,26 September 2025,
MAZDA,Mazda CX-80,(GB) Mazda CX-80 3.3D 254ps AWD Homura / Blk Nappa / Conv & Drv Assist (07/24),8AT,Automatic,3283,Diesel Electric,Mild Hybrid Electric Vehicle (MHEV),254,187,,,0,,Euro 6d,False,WLTP,42.2,51.4,57.6,46.3,49.6,0,6.7,5.5,4.9,6.1,5.7,0,148,0,0,0,,0,194,0,21,34,0.42,80,80,64.0,26 September 2025,
MAZDA,Mazda CX-80,(NI) Mazda CX-80 3.3D 254ps AWD Homura / Blk Nappa / Conv & Drv Assist (05/24),8AT,Automatic,3283,Diesel Electric,Mild Hybrid Electric Vehicle (MHEV),254,187,,,0,,Euro 6d,False,WLTP,42.2,51.4,57.6,46.3,49.6,0,6.7,5.5,4.9,6.1,5.7,0,148,0,0,0,,0,194,0,21,34,0.42,80,80,64.0,26 September 2025,
MAZDA,Mazda CX-80,(GB) Mazda CX-80 3.3D 254ps AWD Homura / Blk Nappa / Pano (07/24),8AT,Automatic,3283,Diesel Electric,Mild Hybrid Electric Vehicle (MHEV),254,187,,,0,,Euro 6d,False,WLTP,42.2,51.4,57.6,46.3,49.6,0,6.7,5.5,4.9,6.1,5.7,0,148,0,0,0,,0,194,0,21,34,0.42,80,80,64.0,26 September 2025,
MAZDA,Mazda CX-80,(GB) Mazda CX-80 3.3D 254ps AWD Homura / Captain / Blk Nappa (07/24),8AT,Automatic,3283,Diesel Electric,Mild Hybrid Electric Vehicle (MHEV),254,187,,,0,,Euro 6d,False,WLTP,42.2,51.4,57.6,46.3,49.6,0,6.7,5.5,4.9,6.1,5.7,0,148,0,0,0,,0,194,0,21,34,0.42,80,80,64.0,26 September 2025,
MAZDA,Mazda CX-80,(GB) Mazda CX-80 3.3D 254ps AWD Homura / Captain / Blk Nappa / Conv & Drv Assist (07/24),8AT,Automatic,3283,Diesel Electric,Mild Hybrid Electric Vehicle (MHEV),254,187,,,0,,Euro 6d,False,WLTP,42.2,51.4,57.6,46.3,49.6,0,6.7,5.5,4.9,6.1,5.7,0,148,0,0,0,,0,194,0,21,34,0.42,80,80,64.0,26 September 2025,
MAZDA,Mazda CX-80,(GB) Mazda CX-80 3.3D 254ps AWD Homura / Captain / Blk Nappa / Pano (07/24),8AT,Automatic,3283,Diesel Electric,Mild Hybrid Electric Vehicle (MHEV),254,187,,,0,,Euro 6d,False,WLTP,42.2,51.4,57.6,46.3,49.6,0,6.7,5.5,4.9,6.1,5.7,0,148,0,0,0,,0,194,0,21,34,0.42,80,80,64.0,26 September 2025,
MAZDA,Mazda CX-80,(GB) Mazda CX-80 3.3D 254ps AWD Homura Plus / Blk Nappa / Conv & Drv Assist / Pano (07/24),8AT,Automatic,3283,Diesel Electric,Mild Hybrid Electric Vehicle (MHEV),254,187,,,0,,Euro 6d,False,WLTP,42.2,51.4,57.6,46.3,49.6,0,6.7,5.5,4.9,6.1,5.7,0,148,0,0,0,,0,194,0,21,34,0.42,80,80,64.0,26 September 2025,
MAZDA,Mazda CX-80,(NI) Mazda CX-80 3.3D 254ps AWD Homura Plus / Blk Nappa / Conv & Drv Assist / Pano (05/24),8AT,Automatic,3283,Diesel Electric,Mild Hybrid Electric Vehicle (MHEV),254,187,,,0,,Euro 6d,False,WLTP,42.2,51.4,57.6,46.3,49.6,0,6.7,5.5,4.9,6.1,5.7,0,148,0,0,0,,0,194,0,21,34,0.42,80,80,64.0,26 September 2025,
MAZDA,Mazda CX-80,(GB) Mazda CX-80 3.3D 254ps AWD Homura Plus / Captain / Blk Nappa / Conv & Drv Assist / Pano (07/24),8AT,Automatic,3283,Diesel Electric,Mild Hybrid Electric Vehicle (MHEV),254,187,,,0,,Euro 6d,False,WLTP,42.2,51.4,57.6,46.3,49.6,0,6.7,5.5,4.9,6.1,5.7,0,148,0,0,0,,0,194,0,21,34,0.42,80,80,64.0,26 September 2025,
MAZDA,Mazda CX-80,(NI) Mazda CX-80 3.3D 254ps AWD Homura Plus / Captain / Blk Nappa / Conv & Drv Assist / Pano (05/24),8AT,Automatic,3283,Diesel Electric,Mild Hybrid Electric Vehicle (MHEV),254,187,,,0,,Euro 6d,False,WLTP,42.2,51.4,57.6,46.3,49.6,0,6.7,5.5,4.9,6.1,5.7,0,148,0,0,0,,0,194,0,21,34,0.42,80,80,64.0,26 September 2025,
MAZDA,Mazda CX-80,(GB) Mazda CX-80 3.3D 254ps AWD Takumi / Wht Nappa (07/24),8AT,Automatic,3283,Diesel Electric,Mild Hybrid Electric Vehicle (MHEV),254,187,,,0,,Euro 6d,False,WLTP,42.2,51.4,57.6,46.3,49.6,0,6.7,5.5,4.9,6.1,5.7,0,148,0,0,0,,0,194,0,21,34,0.42,80,80,64.0,26 September 2025,
MAZDA,Mazda CX-80,(GB) Mazda CX-80 3.3D 254ps AWD Takumi / Wht Nappa / Conv & Drv Assist (07/24),8AT,Automatic,3283,Diesel Electric,Mild Hybrid Electric Vehicle (MHEV),254,187,,,0,,Euro 6d,False,WLTP,42.2,51.4,57.6,46.3,49.6,0,6.7,5.5,4.9,6.1,5.7,0,148,0,0,0,,0,194,0,21,34,0.42,80,80,64.0,26 September 2025,
MAZDA,Mazda CX-80,(GB) Mazda CX-80 3.3D 254ps AWD Takumi Plus / Captain / Wht Nappa / Conv & Drv Assist / Pano (07/24),8AT,Automatic,3283,Diesel Electric,Mild Hybrid Electric Vehicle (MHEV),254,187,,,0,,Euro 6d,False,WLTP,42.2,51.4,57.6,46.3,49.6,0,6.7,5.5,4.9,6.1,5.7,0,148,0,0,0,,0,194,0,21,34,0.42,80,80,64.0,26 September 2025,
MAZDA,Mazda CX-80,(GB) Mazda CX-80 3.3D 254ps AWD Takumi Plus / Wht Nappa / Conv & Drv Assist / Pano (07/24),8AT,Automatic,3283,Diesel Electric,Mild Hybrid Electric Vehicle (MHEV),254,187,,,0,,Euro 6d,False,WLTP,42.2,51.4,57.6,46.3,49.6,0,6.7,5.5,4.9,6.1,5.7,0,148,0,0,0,,0,194,0,21,34,0.42,80,80,64.0,26 September 2025,
MAZDA,Mazda CX-80,(GB) 2.5 327ps AWD Exclusive-Line / Blk Lth (07/24),8AT,Automatic,2488,Electricity / Petrol,Plug-in Hybrid Electric Vehicle (PHEV),192,141,2.6,244,59,,Euro 6d,False,WLTP,27.2,35.3,38.7,32.8,34,166.2,10.4,8,7.3,8.6,8.3,1.7,188,38,36,58,,64,293,13,6,0,0.10,60,60,64.0,26 September 2025,
MAZDA,Mazda CX-80,(NI) 2.5 327ps AWD Exclusive-Line / Blk Lth (05/24),8AT,Automatic,2488,Electricity / Petrol,Plug-in Hybrid Electric Vehicle (PHEV),192,141,2.6,244,59,,Euro 6d,False,WLTP,27.2,35.3,38.7,32.8,34,166.2,10.4,8,7.3,8.6,8.3,1.7,188,38,36,58,,64,293,13,6,0,0.10,60,60,64.0,26 September 2025,
MAZDA,Mazda CX-80,(GB) 2.5 327ps AWD Exclusive-Line / Blk Lth / Comf (07/24),8AT,Automatic,2488,Electricity / Petrol,Plug-in Hybrid Electric Vehicle (PHEV),192,141,2.6,244,59,,Euro 6d,False,WLTP,27.2,35.3,38.7,32.8,34,166.2,10.4,8,7.3,8.6,8.3,1.7,188,38,36,58,,64,293,13,6,0,0.10,60,60,64.0,26 September 2025,
MAZDA,Mazda CX-80,(GB) 2.5 327ps AWD Exclusive-Line / Blk Lth / Comf / Conv & Drv Assist (07/04),8AT,Automatic,2488,Electricity / Petrol,Plug-in Hybrid Electric Vehicle (PHEV),192,141,2.6,244,59,,Euro 6d,False,WLTP,27.2,35.3,38.7,32.8,34,166.2,10.4,8,7.3,8.6,8.3,1.7,188,38,36,58,,64,293,13,6,0,0.10,60,60,64.0,26 September 2025,
MAZDA,Mazda CX-80,(GB) 2.5 327ps AWD Exclusive-Line / Blk Lth / Conv & Drv Assist (07/24),8AT,Automatic,2488,Electricity / Petrol,Plug-in Hybrid Electric Vehicle (PHEV),192,141,2.6,244,59,,Euro 6d,False,WLTP,27.2,35.3,38.7,32.8,34,166.2,10.4,8,7.3,8.6,8.3,1.7,188,38,36,58,,64,293,13,6,0,0.10,60,60,64.0,26 September 2025,
MAZDA,Mazda CX-80,(GB) 2.5 327ps AWD Homura / Blk Nappa (07/24),8AT,Automatic,2488,Electricity / Petrol,Plug-in Hybrid Electric Vehicle (PHEV),192,141,2.6,244,59,,Euro 6d,False,WLTP,27.2,35.3,38.7,32.8,34,166.2,10.4,8,7.3,8.6,8.3,1.7,188,38,36,58,,64,293,13,6,0,0.10,60,60,64.0,26 September 2025,
MAZDA,Mazda CX-80,(NI) 2.5 327ps AWD Homura / Blk Nappa (05/24),8AT,Automatic,2488,Electricity / Petrol,Plug-in Hybrid Electric Vehicle (PHEV),192,141,2.6,244,59,,Euro 6d,False,WLTP,27.2,35.3,38.7,32.8,34,166.2,10.4,8,7.3,8.6,8.3,1.7,188,38,36,58,,64,293,13,6,0,0.10,60,60,64.0,26 September 2025,
MAZDA,Mazda CX-80,(GB) 2.5 327ps AWD Homura / Blk Nappa / Conv & Drv Assist (07/24),8AT,Automatic,2488,Electricity / Petrol,Plug-in Hybrid Electric Vehicle (PHEV),192,141,2.6,244,59,,Euro 6d,False,WLTP,27.2,35.3,38.7,32.8,34,166.2,10.4,8,7.3,8.6,8.3,1.7,188,38,36,58,,64,293,13,6,0,0.10,60,60,64.0,26 September 2025,
MAZDA,Mazda CX-80,(GB) 2.5 327ps AWD Homura / Blk Nappa / Pano (07/24),8AT,Automatic,2488,Electricity / Petrol,Plug-in Hybrid Electric Vehicle (PHEV),192,141,2.6,244,59,,Euro 6d,False,WLTP,27.2,35.3,38.7,32.8,34,166.2,10.4,8,7.3,8.6,8.3,1.7,188,38,36,58,,64,293,13,6,0,0.10,60,60,64.0,26 September 2025,
MAZDA,Mazda CX-80,(GB) 2.5 327ps AWD Homura / Captain / Blk Nappa (07/24),8AT,Automatic,2488,Electricity / Petrol,Plug-in Hybrid Electric Vehicle (PHEV),192,141,2.6,244,59,,Euro 6d,False,WLTP,27.2,35.3,38.7,32.8,34,166.2,10.4,8,7.3,8.6,8.3,1.7,188,38,36,58,,64,293,13,6,0,0.10,60,60,64.0,26 September 2025,
MAZDA,Mazda CX-80,(GB) 2.5 327ps AWD Homura / Captain / Blk Nappa / Conv & Drv Assist (07/24),8AT,Automatic,2488,Electricity / Petrol,Plug-in Hybrid Electric Vehicle (PHEV),192,141,2.6,244,59,,Euro 6d,False,WLTP,27.2,35.3,38.7,32.8,34,166.2,10.4,8,7.3,8.6,8.3,1.7,188,38,36,58,,64,293,13,6,0,0.10,60,60,64.0,26 September 2025,
MAZDA,Mazda CX-80,(GB) 2.5 327ps AWD Homura / Captain / Blk Nappa / Pano (07/24),8AT,Automatic,2488,Electricity / Petrol,Plug-in Hybrid Electric Vehicle (PHEV),192,141,2.6,244,59,,Euro 6d,False,WLTP,27.2,35.3,38.7,32.8,34,166.2,10.4,8,7.3,8.6,8.3,1.7,188,38,36,58,,64,293,13,6,0,0.10,60,60,64.0,26 September 2025,
MAZDA,Mazda CX-80,(GB) 2.5 327ps AWD Homura Plus / Blk Nappa / Conv & Drv Assist / Pano (07/24),8AT,Automatic,2488,Electricity / Petrol,Plug-in Hybrid Electric Vehicle (PHEV),192,141,2.6,244,59,,Euro 6d,False,WLTP,27.2,35.3,38.7,32.8,34,166.2,10.4,8,7.3,8.6,8.3,1.7,188,38,36,58,,64,293,13,6,0,0.10,60,60,64.0,26 September 2025,
MAZDA,Mazda CX-80,(NI) 2.5 327ps AWD Homura Plus / Blk Nappa / Conv & Drv Assist / Pano (05/24),8AT,Automatic,2488,Electricity / Petrol,Plug-in Hybrid Electric Vehicle (PHEV),192,141,2.6,244,59,,Euro 6d,False,WLTP,27.2,35.3,38.7,32.8,34,166.2,10.4,8,7.3,8.6,8.3,1.7,188,38,36,58,,64,293,13,6,0,0.10,60,60,64.0,26 September 2025,
MAZDA,Mazda CX-80,(GB) 2.5 327ps AWD Homura Plus / Captain / Blk Nappa / Conv & Drv Assist / Pano (07/24),8AT,Automatic,2488,Electricity / Petrol,Plug-in Hybrid Electric Vehicle (PHEV),192,141,2.6,244,59,,Euro 6d,False,WLTP,27.2,35.3,38.7,32.8,34,166.2,10.4,8,7.3,8.6,8.3,1.7,188,38,36,58,,64,293,13,6,0,0.10,60,60,64.0,26 September 2025,
MAZDA,Mazda CX-80,(NI) 2.5 327ps AWD Homura Plus / Captain / Blk Nappa / Conv & Drv Assist / Pano (05/24),8AT,Automatic,2488,Electricity / Petrol,Plug-in Hybrid Electric Vehicle (PHEV),192,141,2.6,244,59,,Euro 6d,False,WLTP,27.2,35.3,38.7,32.8,34,166.2,10.4,8,7.3,8.6,8.3,1.7,188,38,36,58,,64,293,13,6,0,0.10,60,60,64.0,26 September 2025,
MAZDA,Mazda CX-80,(GB) 2.5 327ps AWD Takumi / Wht Nappa (07/24),8AT,Automatic,2488,Electricity / Petrol,Plug-in Hybrid Electric Vehicle (PHEV),192,141,2.6,244,59,,Euro 6d,False,WLTP,27.2,35.3,38.7,32.8,34,166.2,10.4,8,7.3,8.6,8.3,1.7,188,38,36,58,,64,293,13,6,0,0.10,60,60,64.0,26 September 2025,
MAZDA,Mazda CX-80,(GB) 2.5 327ps AWD Takumi / Wht Nappa / Conv & Drv Assist (07/24),8AT,Automatic,2488,Electricity / Petrol,Plug-in Hybrid Electric Vehicle (PHEV),192,141,2.6,244,59,,Euro 6d,False,WLTP,27.2,35.3,38.7,32.8,34,166.2,10.4,8,7.3,8.6,8.3,1.7,188,38,36,58,,64,293,13,6,0,0.10,60,60,64.0,26 September 2025,
MAZDA,Mazda CX-80,(GB) 2.5 327ps AWD Takumi / Wht Nappa / Pano (07/24),8AT,Automatic,2488,Electricity / Petrol,Plug-in Hybrid Electric Vehicle (PHEV),192,141,2.6,244,59,,Euro 6d,False,WLTP,27.2,35.3,38.7,32.8,34,166.2,10.4,8,7.3,8.6,8.3,1.7,188,38,36,58,,64,293,13,6,0,0.10,60,60,64.0,26 September 2025,
MAZDA,Mazda CX-80,(GB) 2.5 327ps AWD Takumi Plus / Captain / Wht Nappa / Conv & Drv Assist / Pano (07/24),8AT,Automatic,2488,Electricity / Petrol,Plug-in Hybrid Electric Vehicle (PHEV),192,141,2.6,244,59,,Euro 6d,False,WLTP,27.2,35.3,38.7,32.8,34,166.2,10.4,8,7.3,8.6,8.3,1.7,188,38,36,58,,64,293,13,6,0,0.10,60,60,64.0,26 September 2025,
MAZDA,Mazda CX-80,(NI) 2.5 327ps AWD Takumi Plus / Captain / Wht Nappa / Conv & Drv Assist / Pano (05/24),8AT,Automatic,2488,Electricity / Petrol,Plug-in Hybrid Electric Vehicle (PHEV),192,141,2.6,244,59,,Euro 6d,False,WLTP,27.2,35.3,38.7,32.8,34,166.2,10.4,8,7.3,8.6,8.3,1.7,188,38,36,58,,64,293,13,6,0,0.10,60,60,64.0,26 September 2025,
MAZDA,Mazda CX-80,(GB) 2.5 327ps AWD Takumi Plus / Wht Nappa / Conv & Drv Assist / Pano (07/24),8AT,Automatic,2488,Electricity / Petrol,Plug-in Hybrid Electric Vehicle (PHEV),192,141,2.6,244,59,,Euro 6d,False,WLTP,27.2,35.3,38.7,32.8,34,166.2,10.4,8,7.3,8.6,8.3,1.7,188,38,36,58,,64,293,13,6,0,0.10,60,60,64.0,26 September 2025,
MAZDA,Mazda CX-80,(GB) 3.3D 254ps AWD Exclusive-Line / Blk Lth (07/24),8AT,Automatic,3283,Diesel Electric,Mild Hybrid Electric Vehicle (MHEV),254,187,,,0,,Euro 6d,False,WLTP,42.2,51.4,57.6,46.3,49.6,0,6.7,5.5,4.9,6.1,5.7,0,148,0,,0,,0,194,0,21,34,0.42,80,80,64.0,26 September 2025,
MAZDA,Mazda CX-80,(GB) 3.3D 254ps AWD Exclusive-Line / Blk Lth / Comf (07/24),8AT,Automatic,3283,Diesel Electric,Mild Hybrid Electric Vehicle (MHEV),254,187,,,0,,Euro 6d,False,WLTP,42.2,51.4,57.6,46.3,49.6,0,6.7,5.5,4.9,6.1,5.7,0,148,0,,0,,0,194,0,21,34,0.42,80,80,64.0,26 September 2025,
MAZDA,Mazda CX-80,(NI) 3.3D 254ps AWD Exclusive-Line / Blk Lth / Comf (05/24),8AT,Automatic,3283,Diesel Electric,Mild Hybrid Electric Vehicle (MHEV),254,187,,,0,,Euro 6d,False,WLTP,42.2,51.4,57.6,46.3,49.6,0,6.7,5.5,4.9,6.1,5.7,0,148,0,,0,,0,194,0,21,34,0.42,80,80,64.0,26 September 2025,
MAZDA,Mazda CX-80,(GB) 3.3D 254ps AWD Exclusive-Line / Blk Lth / Comf / Conv & Drv Assist (07/24),8AT,Automatic,3283,Diesel Electric,Mild Hybrid Electric Vehicle (MHEV),254,187,,,0,,Euro 6d,False,WLTP,42.2,51.4,57.6,46.3,49.6,0,6.7,5.5,4.9,6.1,5.7,0,148,0,,0,,0,194,0,21,34,0.42,80,80,64.0,26 September 2025,
MAZDA,Mazda CX-80,(GB) 3.3D 254ps AWD Exclusive-Line / Blk Lth / Conv & Drv Assist (07/24),8AT,Automatic,3283,Diesel Electric,Mild Hybrid Electric Vehicle (MHEV),254,187,,,0,,Euro 6d,False,WLTP,42.2,51.4,57.6,46.3,49.6,0,6.7,5.5,4.9,6.1,5.7,0,148,0,,0,,0,194,0,21,34,0.42,80,80,64.0,26 September 2025,
MAZDA,Mazda CX-80,(GB) 3.3D 254ps AWD Homura / Blk Nappa (07/24),8AT,Automatic,3283,Diesel Electric,Mild Hybrid Electric Vehicle (MHEV),254,187,,,0,,Euro 6d,False,WLTP,42.2,51.4,57.6,46.3,49.6,0,6.7,5.5,4.9,6.1,5.7,0,148,0,,0,,0,194,0,21,34,0.42,80,80,64.0,26 September 2025,
MAZDA,Mazda CX-80,(GB) 3.3D 254ps AWD Homura / Blk Nappa / Conv & Drv Assist (07/24),8AT,Automatic,3283,Diesel Electric,Mild Hybrid Electric Vehicle (MHEV),254,187,,,0,,Euro 6d,False,WLTP,42.2,51.4,57.6,46.3,49.6,0,6.7,5.5,4.9,6.1,5.7,0,148,0,,0,,0,194,0,21,34,0.42,80,80,64.0,26 September 2025,
MAZDA,Mazda CX-80,(NI) 3.3D 254ps AWD Homura / Blk Nappa / Conv & Drv Assist (05/24),8AT,Automatic,3283,Diesel Electric,Mild Hybrid Electric Vehicle (MHEV),254,187,,,0,,Euro 6d,False,WLTP,42.2,51.4,57.6,46.3,49.6,0,6.7,5.5,4.9,6.1,5.7,0,148,0,,0,,0,194,0,21,34,0.42,80,80,64.0,26 September 2025,
MAZDA,Mazda CX-80,(GB) 3.3D 254ps AWD Homura / Blk Nappa / Pano (07/24),8AT,Automatic,3283,Diesel Electric,Mild Hybrid Electric Vehicle (MHEV),254,187,,,0,,Euro 6d,False,WLTP,42.2,51.4,57.6,46.3,49.6,0,6.7,5.5,4.9,6.1,5.7,0,148,0,,0,,0,194,0,21,34,0.42,80,80,64.0,26 September 2025,
MAZDA,Mazda CX-80,(GB) 3.3D 254ps AWD Homura / Captain / Blk Nappa (07/24),8AT,Automatic,3283,Diesel Electric,Mild Hybrid Electric Vehicle (MHEV),254,187,,,0,,Euro 6d,False,WLTP,42.2,51.4,57.6,46.3,49.6,0,6.7,5.5,4.9,6.1,5.7,0,148,0,,0,,0,194,0,21,34,0.42,80,80,64.0,26 September 2025,
MAZDA,Mazda CX-80,(GB) 3.3D 254ps AWD Homura / Captain / Blk Nappa / Conv & Drv Assist (07/24),8AT,Automatic,3283,Diesel Electric,Mild Hybrid Electric Vehicle (MHEV),254,187,,,0,,Euro 6d,False,WLTP,42.2,51.4,57.6,46.3,49.6,0,6.7,5.5,4.9,6.1,5.7,0,148,0,,0,,0,194,0,21,34,0.42,80,80,64.0,26 September 2025,
MAZDA,Mazda CX-80,(GB) 3.3D 254ps AWD Homura / Captain / Blk Nappa / Pano (07/24),8AT,Automatic,3283,Diesel Electric,Mild Hybrid Electric Vehicle (MHEV),254,187,,,0,,Euro 6d,False,WLTP,42.2,51.4,57.6,46.3,49.6,0,6.7,5.5,4.9,6.1,5.7,0,148,0,,0,,0,194,0,21,34,0.42,80,80,64.0,26 September 2025,
MAZDA,Mazda CX-80,(GB) 3.3D 254ps AWD Homura Plus / Blk Nappa / Conv & Drv Assist / Pano (07/24),8AT,Automatic,3283,Diesel Electric,Mild Hybrid Electric Vehicle (MHEV),254,187,,,0,,Euro 6d,False,WLTP,42.2,51.4,57.6,46.3,49.6,0,6.7,5.5,4.9,6.1,5.7,0,148,0,,0,,0,194,0,21,34,0.42,80,80,64.0,26 September 2025,
MAZDA,Mazda CX-80,(NI) 3.3D 254ps AWD Homura Plus / Blk Nappa / Conv & Drv Assist / Pano (05/24),8AT,Automatic,3283,Diesel Electric,Mild Hybrid Electric Vehicle (MHEV),254,187,,,0,,Euro 6d,False,WLTP,42.2,51.4,57.6,46.3,49.6,0,6.7,5.5,4.9,6.1,5.7,0,148,0,,0,,0,194,0,21,34,0.42,80,80,64.0,26 September 2025,
MAZDA,Mazda CX-80,(GB) 3.3D 254ps AWD Homura Plus / Captain / Blk Nappa / Conv & Drv Assist / Pano (07/24),8AT,Automatic,3283,Diesel Electric,Mild Hybrid Electric Vehicle (MHEV),254,187,,,0,,Euro 6d,False,WLTP,42.2,51.4,57.6,46.3,49.6,0,6.7,5.5,4.9,6.1,5.7,0,148,0,,0,,0,194,0,21,34,0.42,80,80,64.0,26 September 2025,
MAZDA,Mazda CX-80,(NI) 3.3D 254ps AWD Homura Plus / Captain / Blk Nappa / Conv & Drv Assist / Pano (05/24),8AT,Automatic,3283,Diesel Electric,Mild Hybrid Electric Vehicle (MHEV),254,187,,,0,,Euro 6d,False,WLTP,42.2,51.4,57.6,46.3,49.6,0,6.7,5.5,4.9,6.1,5.7,0,148,0,,0,,0,194,0,21,34,0.42,80,80,64.0,26 September 2025,
MAZDA,Mazda CX-80,(GB) 3.3D 254ps AWD Takumi / Wht Nappa (07/24),8AT,Automatic,3283,Diesel Electric,Mild Hybrid Electric Vehicle (MHEV),254,187,,,0,,Euro 6d,False,WLTP,42.2,51.4,57.6,46.3,49.6,0,6.7,5.5,4.9,6.1,5.7,0,148,0,,0,,0,194,0,21,34,0.42,80,80,64.0,26 September 2025,
MAZDA,Mazda CX-80,(GB) 3.3D 254ps AWD Takumi / Wht Nappa / Conv & Drv Assist (07/24),8AT,Automatic,3283,Diesel Electric,Mild Hybrid Electric Vehicle (MHEV),254,187,,,0,,Euro 6d,False,WLTP,42.2,51.4,57.6,46.3,49.6,0,6.7,5.5,4.9,6.1,5.7,0,148,0,,0,,0,194,0,21,34,0.42,80,80,64.0,26 September 2025,
MAZDA,Mazda CX-80,(GB) 3.3D 254ps AWD Takumi Plus / Captain / Wht Nappa / Conv & Drv Assist / Pano (07/24),8AT,Automatic,3283,Diesel Electric,Mild Hybrid Electric Vehicle (MHEV),254,187,,,0,,Euro 6d,False,WLTP,42.2,51.4,57.6,46.3,49.6,0,6.7,5.5,4.9,6.1,5.7,0,148,0,,0,,0,194,0,21,34,0.42,80,80,64.0,26 September 2025,
MAZDA,Mazda CX-80,(GB) 3.3D 254ps AWD Takumi Plus / Wht Nappa / Conv & Drv Assist / Pano (07/24),8AT,Automatic,3283,Diesel Electric,Mild Hybrid Electric Vehicle (MHEV),254,187,,,0,,Euro 6d,False,WLTP,42.2,51.4,57.6,46.3,49.6,0,6.7,5.5,4.9,6.1,5.7,0,148,0,,0,,0,194,0,21,34,0.42,80,80,64.0,26 September 2025,
MAZDA,MX-30,R-EV 170ps Prime-Line Auto / Light Grey Cloth with Dark Grey trim (03/23),1AT,Automatic,1660,Electricity / Petrol,Range Extended Electric Vehicle (REEV),75,55,3.6,175,85,53,Euro 6d,False,WLTP,47.9,39.2,44.1,29.7,37.2,282.5,5.9,7.2,6.4,9.5,7.6,1,172,21,53,85,68,110,800,51,15,0,0.47,60,60,67.0,26 September 2025,
MAZDA,MX-30,R-EV 170ps Exclusive-Line Auto / Light Grey Cloth with Stone Leatherette (03/23),1AT,Automatic,1660,Electricity / Petrol,Range Extended Electric Vehicle (REEV),75,55,3.6,175,85,53,Euro 6d,False,WLTP,47.9,39.2,44.1,29.7,37.2,282.5,5.9,7.2,6.4,9.5,7.6,1,172,21,53,85,68,110,800,51,15,0,0.47,60,60,67.0,26 September 2025,
MAZDA,MX-30,R-EV 170ps Prime-Line / Light Grey Cloth with Dark Grey trim (01/25),1AT,Automatic,1660,Electricity / Petrol,Range Extended Electric Vehicle (REEV),75,55,3.6,175,85,53,Euro 6d,False,WLTP,47.9,39.2,44.1,29.7,37.2,282.5,5.9,7.2,6.4,9.5,7.6,1,172,21,53,85,68,110,800,51,15,0,0.47,60,60,67.0,26 September 2025,
MAZDA,MX-30,R-EV 170ps Exclusive-Line / Light Grey Cloth with Stone Artificial Leather (01/25),1AT,Automatic,1660,Electricity / Petrol,Range Extended Electric Vehicle (REEV),75,55,3.6,175,85,53,Euro 6d,False,WLTP,47.9,39.2,44.1,29.7,37.2,282.5,5.9,7.2,6.4,9.5,7.6,1,172,21,53,85,68,110,800,51,15,0,0.47,60,60,67.0,26 September 2025,
MAZDA,MX-30,R-EV 170ps Makoto / Dark Grey cloth with Black Artificial Leather (01/25),1AT,Automatic,1660,Electricity / Petrol,Range Extended Electric Vehicle (REEV),75,55,3.6,175,85,53,Euro 6d,False,WLTP,47.9,39.2,44.1,29.7,37.2,282.5,5.9,7.2,6.4,9.5,7.6,1,172,21,53,85,68,110,800,51,15,0,0.47,60,60,67.0,26 September 2025,
MAZDA,MX-5,Roadster 2.0 184ps Exclusive-Line / Black Leather (11/23),6MT,Manual,1998,Petrol,Micro Hybrid,184,135,,,0,,Euro 6d,False,WLTP,30.7,44.8,48.7,40.4,41.5,0,9.2,6.3,5.8,7,6.8,0,153,0,,0,,0,179,19,21,0,0.09,60,60,67.0,26 September 2025,
MAZDA,MX-5,Roadster 2.0 184ps Homura / Black Recaro (11/23),6MT,Manual,1998,Petrol,Micro Hybrid,184,135,,,0,,Euro 6d,False,WLTP,30.7,44.8,48.7,40.4,41.5,0,9.2,6.3,5.8,7,6.8,0,153,0,,0,,0,179,19,21,0,0.09,60,60,67.0,26 September 2025,
MAZDA,MX-5,RF 2.0 184ps Exclusive-Line / Black Leather (11/23),6MT,Manual,1998,Petrol,Micro Hybrid,184,135,,,0,,Euro 6d,False,WLTP,32.1,44.1,47.9,39.8,41.5,0,8.8,6.4,5.9,7.1,6.8,0,153,0,,0,,0,94,15,24,0,0.13,60,60,67.0,26 September 2025,
MAZDA,MX-5,Roadster 1.5 132ps Prime-Line / Black Cloth (05/24),6MT,Manual,1496,Petrol,Micro Hybrid,132,97,,,0,,Euro 6d,False,WLTP,36.2,48.7,52.3,42.2,45.6,0,7.8,5.8,5.4,6.7,6.2,0,140,0,,0,,0,113,10,21,0,0.17,60,60,67.0,26 September 2025,
MAZDA,MX-5,Roadster 1.5 132ps Exclusive-Line / Black Leather (05/24),6MT,Manual,1496,Petrol,Micro Hybrid,132,97,,,0,,Euro 6d,False,WLTP,36.2,48.7,52.3,42.2,45.6,0,7.8,5.8,5.4,6.7,6.2,0,140,0,,0,,0,113,10,21,0,0.17,60,60,67.0,26 September 2025,
MAZDA,MX-5,RF 1.5 132ps Prime-Line / Black Cloth (05/24),6MT,Manual,1496,Petrol,Micro Hybrid,132,97,,,0,,Euro 6d,False,WLTP,36.2,48.7,52.3,42.2,45.6,0,7.8,5.8,5.4,6.7,6.2,0,140,0,,0,,0,113,10,21,0,0.17,60,60,67.0,26 September 2025,
MAZDA,MX-5,RF 1.5 132ps Exclusive-Line / Black Leather (05/24),6MT,Manual,1496,Petrol,Micro Hybrid,132,97,,,0,,Euro 6d,False,WLTP,36.2,48.7,52.3,42.2,45.6,0,7.8,5.8,5.4,6.7,6.2,0,140,0,,0,,0,113,10,21,0,0.17,60,60,67.0,26 September 2025,
MAZDA,MX-5,Roadster 2.0 184ps Exclusive-Line / Black Leather (12/24),6MT,Manual,1998,Petrol,Micro Hybrid,184,135,,,0,,Euro 6d,False,WLTP,30.7,44.8,48.7,40.4,41.5,0,9.2,6.3,5.8,7,6.8,0,153,0,,0,,0,179,19,21,0,0.09,60,60,67.0,26 September 2025,
MAZDA,MX-5,Roadster 2.0 184ps Homura / Black Recaro (12/24),6MT,Manual,1998,Petrol,Micro Hybrid,184,135,,,0,,Euro 6d,False,WLTP,30.7,44.8,48.7,40.4,41.5,0,9.2,6.3,5.8,7,6.8,0,153,0,,0,,0,179,19,21,0,0.09,60,60,67.0,26 September 2025,
MAZDA,MX-5,RF 2.0 184ps Exclusive-Line / Black Leather (12/24),6MT,Manual,1998,Petrol,Micro Hybrid,184,135,,,0,,Euro 6d,False,WLTP,32.1,44.1,47.9,39.8,41.5,0,8.8,6.4,5.9,7.1,6.8,0,153,0,,0,,0,94,15,24,0,0.13,60,60,67.0,26 September 2025,
MAZDA,MX-5,RF 2.0 184ps Homura / Black Recaro (12/24),6MT,Manual,1998,Petrol,Micro Hybrid,184,135,,,0,,Euro 6d,False,WLTP,32.1,44.1,47.9,39.8,41.5,0,8.8,6.4,5.9,7.1,6.8,0,153,0,,0,,0,94,15,24,0,0.13,60,60,67.0,26 September 2025,
McLaren,Artura,Coupe (680 PS),"8SP, SSG",Automatic,2993,Electricity / Petrol,Plug-in Hybrid Electric Vehicle (PHEV),585,430,20,31,19,12,Euro 6d,False,WLTP,15.7,23.9,28.8,29.4,0,61.4,18,11.8,9.8,9.6,0,4.6,0,104,17,27,11,17,517,23,8,,,5,4,74.0,09 October 2023,
McLaren,GT,Coupé (620 PS),7SP. SSG,Automatic,3994,Petrol,Internal Combustion Engine (ICE),620,456,0,,,,Euro 6d,False,WLTP,21.9,12,9.4,10.2,11.9,0,12.9,23.5,30.1,27.7,23.7,0,270,0,,,,,88,13,18,,,21,17,71.0,19 October 2023,
McLaren,750S,Coupe (750 PS),7SP. SSG,Automatic,3994,Petrol,Internal Combustion Engine (ICE),750,552,0,,,,Euro 6d,False,WLTP,12.8,25.2,28.8,25.7,23.2,0,22,11.2,9.8,11,12.2,0,276,,,,,,353,33,35,,,21,17,71.0,09 October 2023,
McLaren,750S,Spider (750 PS),7SP. SSG,Automatic,3994,Petrol,Internal Combustion Engine (ICE),750,552,0,,,,Euro 6d,False,WLTP,12.8,25.2,28.8,25.7,23.2,0,22,11.2,9.8,11,12.2,0,276,,,,,,353,33,35,,,21,17,71.0,09 October 2023,
MERCEDES-BENZ,A-Class Hatchback Model Year 2026,A 180,A7,Automatic,1332,Petrol Electric,Mild Hybrid Electric Vehicle (MHEV),136,100,,,,,Euro 6 EB,False,WLTP,31.7,51.4,58.9,50.4,48.7,0,8.9,5.5,4.8,5.6,5.8,0,131,0,,,,,217,22,17,,0.08,,,68.0,12 September 2025,
MERCEDES-BENZ,A-Class Hatchback Model Year 2026,A 180,A7,Automatic,1332,Petrol Electric,Mild Hybrid Electric Vehicle (MHEV),136,100,,,,,Euro 6 EB,False,WLTP,30.4,47.1,53.3,44.8,44.8,0,9.3,6,5.3,6.3,6.3,0,143,0,,,,,217,22,17,,0.08,,,68.0,12 September 2025,
MERCEDES-BENZ,A-Class Hatchback Model Year 2026,A 200,A7,Automatic,1332,Petrol Electric,Mild Hybrid Electric Vehicle (MHEV),163,120,,,,,Euro 6 EB,False,WLTP,31.7,51.4,58.9,50.4,48.7,0,8.9,5.5,4.8,5.6,5.8,0,131,0,,,,,217,22,17,,0.08,,,68.0,12 September 2025,
MERCEDES-BENZ,A-Class Hatchback Model Year 2026,A 200,A7,Automatic,1332,Petrol Electric,Mild Hybrid Electric Vehicle (MHEV),163,120,,,,,Euro 6 EB,False,WLTP,30.4,47.1,53.3,44.8,44.8,0,9.3,6,5.3,6.3,6.3,0,143,0,,,,,217,22,17,,0.08,,,68.0,12 September 2025,
MERCEDES-BENZ,A-Class Hatchback Model Year 2026,A 200 d,A8,Automatic,1950,Diesel,Internal Combustion Engine (ICE),150,110,,,,,Euro 6 EB,False,WLTP,42.2,54.3,67.3,60.1,57.7,0,6.7,5.2,4.2,4.7,4.9,0,129,0,,,,,31,,18,24,0.82,,,69.0,12 September 2025,
MERCEDES-BENZ,A-Class Hatchback Model Year 2026,A 200 d,A8,Automatic,1950,Diesel,Internal Combustion Engine (ICE),150,110,,,,,Euro 6 EB,False,WLTP,40.4,49.6,60.1,52.3,52.3,0,7,5.7,4.7,5.4,5.4,0,143,0,,,,,31,,18,24,0.82,,,69.0,12 September 2025,
MERCEDES-BENZ,A-Class Hatchback Model Year 2026,A 250 e,A8,Automatic,1332,Electricity / Petrol,Plug-in Hybrid Electric Vehicle (PHEV),218,160,3.5,178,83,,Euro 6 EA,False,WLTP,0,0,0,0,0,403.6,0,0,0,0,0,0.7,0,17,53,86,,93,212,12,3,,0.06,,,67.0,12 September 2025,
MERCEDES-BENZ,A-Class Hatchback Model Year 2026,A 250 e,A8,Automatic,1332,Electricity / Petrol,Plug-in Hybrid Electric Vehicle (PHEV),218,160,3.2,195,73,,Euro 6 EA,False,WLTP,0,0,0,0,0,282.5,0,0,0,0,0,1,0,22,47,75,,83,212,12,3,,0.06,,,67.0,12 September 2025,
MERCEDES-BENZ,A-Class Hatchback Model Year 2026,A 180 d,A8,Automatic,1950,Diesel,Internal Combustion Engine (ICE),116,85,,,,,Euro 6 EB,False,WLTP,40.9,52.3,65.7,58.9,56.5,0,6.9,5.4,4.3,4.8,5,0,132,0,,,,,35,,17,22,1.21,,,66.0,12 September 2025,
MERCEDES-BENZ,A-Class Hatchback Model Year 2026,A 180 d,A8,Automatic,1950,Diesel,Internal Combustion Engine (ICE),116,85,,,,,Euro 6 EB,False,WLTP,39.2,47.9,60.1,52.3,51.4,0,7.2,5.9,4.7,5.4,5.5,0,145,0,,,,,35,,17,22,1.21,,,66.0,12 September 2025,
MERCEDES-BENZ,A-Class Hatchback Model Year 2026,AMG A 35 4MATIC,A8,Automatic,1991,Petrol Electric,Mild Hybrid Electric Vehicle (MHEV),306,225,,,,,Euro 6 EB,False,WLTP,21.7,32.8,39.8,38.2,34,0,13,8.6,7.1,7.4,8.3,0,188,0,,,,,128,8,10,,0.72,,,69.0,12 September 2025,
MERCEDES-BENZ,A-Class Hatchback Model Year 2026,AMG A 35 4MATIC,A8,Automatic,1991,Petrol Electric,Mild Hybrid Electric Vehicle (MHEV),306,225,,,,,Euro 6 EB,False,WLTP,21.6,32.1,38.2,35.8,32.8,0,13.1,8.8,7.4,7.9,8.6,0,196,0,,,,,128,8,10,,0.72,,,69.0,12 September 2025,
MERCEDES-BENZ,A-Class Hatchback Model Year 2026,AMG A 45 S 4MATIC+,A8,Automatic,1991,Petrol,Internal Combustion Engine (ICE),421,310,,,,,Euro 6 EB,False,WLTP,20.3,30.7,37.2,33.6,31.4,0,13.9,9.2,7.6,8.4,9,0,205,0,,,,,313,15,17,,1.05,,,70.0,12 September 2025,
MERCEDES-BENZ,A-Class Hatchback Model Year 2026,AMG A 45 S 4MATIC+,A8,Automatic,1991,Petrol,Internal Combustion Engine (ICE),421,310,,,,,Euro 6 EB,False,WLTP,20,30.4,36.7,33.2,30.7,0,14.1,9.3,7.7,8.5,9.2,0,208,0,,,,,313,15,17,,1.05,,,70.0,12 September 2025,
MERCEDES-BENZ,A-Class Saloon Model Year 2026,A 180,A7,Automatic,1332,Petrol Electric,Mild Hybrid Electric Vehicle (MHEV),136,100,,,,,Euro 6 EB,False,WLTP,31.7,51.4,58.9,52.3,49.6,0,8.9,5.5,4.8,5.4,5.7,0,129,0,,,,,217,22,17,,0.08,,,68.0,12 September 2025,
MERCEDES-BENZ,A-Class Saloon Model Year 2026,A 180,A7,Automatic,1332,Petrol Electric,Mild Hybrid Electric Vehicle (MHEV),136,100,,,,,Euro 6 EB,False,WLTP,30.4,46.3,53.3,46.3,44.8,0,9.3,6.1,5.3,6.1,6.3,0,142,0,,,,,217,22,17,,0.08,,,68.0,12 September 2025,
MERCEDES-BENZ,A-Class Saloon Model Year 2026,A 200,A7,Automatic,1332,Petrol Electric,Mild Hybrid Electric Vehicle (MHEV),163,120,,,,,Euro 6 EB,False,WLTP,31.7,51.4,58.9,52.3,49.6,0,8.9,5.5,4.8,5.4,5.7,0,129,0,,,,,217,22,17,,0.08,,,68.0,12 September 2025,
MERCEDES-BENZ,A-Class Saloon Model Year 2026,A 200,A7,Automatic,1332,Petrol Electric,Mild Hybrid Electric Vehicle (MHEV),163,120,,,,,Euro 6 EB,False,WLTP,30.4,46.3,53.3,46.3,44.8,0,9.3,6.1,5.3,6.1,6.3,0,142,0,,,,,217,22,17,,0.08,,,68.0,12 September 2025,
MERCEDES-BENZ,A-Class Saloon Model Year 2026,A 200 d,A8,Automatic,1950,Diesel,Internal Combustion Engine (ICE),150,110,,,,,Euro 6 EB,False,WLTP,42.2,54.3,68.9,62.8,58.9,0,6.7,5.2,4.1,4.5,4.8,0,127,0,,,,,31,,18,24,0.82,,,69.0,12 September 2025,
MERCEDES-BENZ,A-Class Saloon Model Year 2026,A 200 d,A8,Automatic,1950,Diesel,Internal Combustion Engine (ICE),150,110,,,,,Euro 6 EB,False,WLTP,39.8,49.6,61.4,54.3,52.3,0,7.1,5.7,4.6,5.2,5.4,0,141,0,,,,,31,,18,24,0.82,,,69.0,12 September 2025,
MERCEDES-BENZ,A-Class Saloon Model Year 2026,A 250 e,A8,Automatic,1332,Electricity / Petrol,Plug-in Hybrid Electric Vehicle (PHEV),218,160,3.6,175,85,,Euro 6 EA,False,WLTP,0,0,0,0,0,403.6,0,0,0,0,0,0.7,0,16,55,88,,93,212,12,3,,0.06,,,67.0,12 September 2025,
MERCEDES-BENZ,A-Class Saloon Model Year 2026,A 250 e,A8,Automatic,1332,Electricity / Petrol,Plug-in Hybrid Electric Vehicle (PHEV),218,160,3.2,192,75,,Euro 6 EA,False,WLTP,0,0,0,0,0,313.9,0,0,0,0,0,0.9,0,21,47,76,,84,212,12,3,,0.06,,,67.0,12 September 2025,
MERCEDES-BENZ,A-Class Saloon Model Year 2026,A 180 d,A8,Automatic,1950,Diesel,Internal Combustion Engine (ICE),116,85,,,,,Euro 6 EB,False,WLTP,40.9,52.3,67.3,60.1,56.5,0,6.9,5.4,4.2,4.7,5,0,130,0,,,,,35,,17,22,1.21,,,66.0,12 September 2025,
MERCEDES-BENZ,A-Class Saloon Model Year 2026,A 180 d,A8,Automatic,1950,Diesel,Internal Combustion Engine (ICE),116,85,,,,,Euro 6 EB,False,WLTP,39.2,47.9,60.1,53.3,51.4,0,7.2,5.9,4.7,5.3,5.5,0,144,0,,,,,35,,17,22,1.21,,,66.0,12 September 2025,
MERCEDES-BENZ,A-Class Saloon Model Year 2026,AMG A 35 4MATIC,A8,Automatic,1991,Petrol Electric,Mild Hybrid Electric Vehicle (MHEV),306,225,,,,,Euro 6 EB,False,WLTP,21.7,32.8,40.9,40.4,34.9,0,13,8.6,6.9,7,8.1,0,184,0,,,,,128,8,10,,0.72,,,69.0,12 September 2025,
MERCEDES-BENZ,A-Class Saloon Model Year 2026,AMG A 35 4MATIC,A8,Automatic,1991,Petrol Electric,Mild Hybrid Electric Vehicle (MHEV),306,225,,,,,Euro 6 EB,False,WLTP,21.6,32.1,38.7,37.7,33.2,0,13.1,8.8,7.3,7.5,8.5,0,192,0,,,,,128,8,10,,0.72,,,69.0,12 September 2025,
MERCEDES-BENZ,AMG GT 4 Door Coupe Model Year 2026,AMG GT 63 S 4MATIC+,A9,Automatic,3982,Petrol,Internal Combustion Engine (ICE),639,470,,,,,Euro 6 EB,False,WLTP,14.1,22.2,26.2,25,22.4,0,20.1,12.7,10.8,11.3,12.6,0,286,0,,,,,448,19,16,,0.24,,,71.0,12 September 2025,
MERCEDES-BENZ,AMG GT 4 Door Coupe Model Year 2026,AMG GT 63 S 4MATIC+,A9,Automatic,3982,Petrol,Internal Combustion Engine (ICE),639,470,,,,,Euro 6 EB,False,WLTP,13.8,21.2,24.8,23.2,21.2,0,20.4,13.3,11.4,12.2,13.3,0,301,0,,,,,448,19,16,,0.24,,,71.0,12 September 2025,
MERCEDES-BENZ,AMG GT 4 Door Coupe Model Year 2026,AMG GT 63 S E PERFORMANCE,A9,Automatic,3982,Electricity / Petrol,Plug-in Hybrid Electric Vehicle (PHEV),639,470,11.5,54,11,,Euro 6 EB,False,WLTP,0,0,0,0,0,25.2,0,0,0,0,0,11.2,0,254,7,11,,11,346,20,4,,,,,71.0,12 September 2025,
MERCEDES-BENZ,AMG GT 4 Door Coupe Model Year 2026,AMG GT 63 S E PERFORMANCE,A9,Automatic,3982,Electricity / Petrol,Plug-in Hybrid Electric Vehicle (PHEV),639,470,11.5,54,11,,Euro 6 EB,False,WLTP,0,0,0,0,0,25.2,0,0,0,0,0,11.2,0,254,7,11,,11,346,20,4,,,,,71.0,12 September 2025,
MERCEDES-BENZ,AMG GT Coupe Model Year 2026,AMG GT 43,A9,Automatic,1991,Petrol,Internal Combustion Engine (ICE),421,310,,,,,Euro 6 EB,False,WLTP,17.8,26.4,32.5,30.1,27.4,0,15.9,10.7,8.7,9.4,10.3,0,235,0,,,,,141,9,8,,0.04,,,71.0,12 September 2025,
MERCEDES-BENZ,AMG GT Coupe Model Year 2026,AMG GT 43,A9,Automatic,1991,Petrol,Internal Combustion Engine (ICE),421,310,,,,,Euro 6 EB,False,WLTP,17.8,26.4,32.5,30.1,27.4,0,15.9,10.7,8.7,9.4,10.3,0,235,0,,,,,141,9,8,,0.04,,,71.0,12 September 2025,
MERCEDES-BENZ,AMG GT Coupe Model Year 2026,AMG GT 55 4MATIC+,A9,Automatic,3982,Petrol,Internal Combustion Engine (ICE),476,350,,,,,Euro 6 EB,False,WLTP,12.1,19.2,23.5,23.7,20.2,0,23.3,14.7,12,11.9,14,0,319,0,,,,,291,21,10,,0.06,,,71.0,12 September 2025,
MERCEDES-BENZ,AMG GT Coupe Model Year 2026,AMG GT 55 4MATIC+,A9,Automatic,3982,Petrol,Internal Combustion Engine (ICE),476,350,,,,,Euro 6 EB,False,WLTP,12.1,19.2,23.5,23.7,20.2,0,23.3,14.7,12,11.9,14,0,319,0,,,,,291,21,10,,0.06,,,71.0,12 September 2025,
MERCEDES-BENZ,AMG GT Coupe Model Year 2026,AMG GT 63 4MATIC+,A9,Automatic,3982,Petrol,Internal Combustion Engine (ICE),585,430,,,,,Euro 6 EB,False,WLTP,12.1,19.2,23.5,23.7,20.2,0,23.3,14.7,12,11.9,14,0,319,0,,,,,291,21,10,,0.06,,,71.0,12 September 2025,
MERCEDES-BENZ,AMG GT Coupe Model Year 2026,AMG GT 63 4MATIC+,A9,Automatic,3982,Petrol,Internal Combustion Engine (ICE),585,430,,,,,Euro 6 EB,False,WLTP,12.1,19.2,23.5,23.7,20.2,0,23.3,14.7,12,11.9,14,0,319,0,,,,,291,21,10,,0.06,,,71.0,12 September 2025,
MERCEDES-BENZ,AMG GT Coupe Model Year 2026,AMG GT 63 PRO 4MATIC+,A9,Automatic,3982,Petrol,Internal Combustion Engine (ICE),612,450,,,,,Euro 6 EB,False,WLTP,12,19,23.3,24.1,20.2,0,23.5,14.9,12.1,11.7,14,0,319,0,,,,,309,25,11,,0.06,,,71.0,12 September 2025,
MERCEDES-BENZ,AMG GT Coupe Model Year 2026,AMG GT 63 PRO 4MATIC+,A9,Automatic,3982,Petrol,Internal Combustion Engine (ICE),612,450,,,,,Euro 6 EB,False,WLTP,12,19,23.3,24.1,20.2,0,23.5,14.9,12.1,11.7,14,0,319,0,,,,,309,25,11,,0.06,,,71.0,12 September 2025,
MERCEDES-BENZ,AMG GT Coupe Model Year 2026,AMG GT 63 S E PERFORMANCE,A9,Automatic,3982,Electricity / Petrol,Plug-in Hybrid Electric Vehicle (PHEV),612,450,11.7,53,11,,Euro 6 EB,False,WLTP,0,0,0,0,0,26.7,0,0,0,0,0,10.6,0,241,7,11,,11,256,11,7,,,,,71.0,12 September 2025,
MERCEDES-BENZ,AMG GT Coupe Model Year 2026,AMG GT 63 S E PERFORMANCE,A9,Automatic,3982,Electricity / Petrol,Plug-in Hybrid Electric Vehicle (PHEV),612,450,11.7,53,11,,Euro 6 EB,False,WLTP,0,0,0,0,0,26.7,0,0,0,0,0,10.6,0,241,7,11,,11,256,11,7,,,,,71.0,12 September 2025,
MERCEDES-BENZ,B-Class MPV Model Year 2026,B 200,A7,Automatic,1332,Petrol Electric,Mild Hybrid Electric Vehicle (MHEV),163,163,,,,,Euro 6 EB,False,WLTP,31.4,49.6,56.5,48.7,47.9,0,9,5.7,5,5.8,5.9,0,134,0,,,,,217,22,17,,0.08,,,68.0,12 September 2025,
MERCEDES-BENZ,B-Class MPV Model Year 2026,B 200,A7,Automatic,1332,Petrol Electric,Mild Hybrid Electric Vehicle (MHEV),163,163,,,,,Euro 6 EB,False,WLTP,30.1,44.8,51.4,42.8,42.8,0,9.4,6.3,5.5,6.6,6.6,0,149,0,,,,,217,22,17,,0.08,,,68.0,12 September 2025,
MERCEDES-BENZ,B-Class MPV Model Year 2026,B 200 d,A8,Automatic,1950,Diesel,Internal Combustion Engine (ICE),150,150,,,,,Euro 6 EB,False,WLTP,41.5,52.3,65.7,57.7,55.4,0,6.8,5.4,4.3,4.9,5.1,0,133,0,,,,,31,,18,24,0.82,,,68.0,12 September 2025,
MERCEDES-BENZ,B-Class MPV Model Year 2026,B 200 d,A8,Automatic,1950,Diesel,Internal Combustion Engine (ICE),150,150,,,,,Euro 6 EB,False,WLTP,39.2,47.9,58.9,50.4,50.4,0,7.2,5.9,4.8,5.6,5.6,0,148,0,,,,,31,,18,24,0.82,,,68.0,12 September 2025,
MERCEDES-BENZ,C-Class Estate Model Year 2026,AMG C 43 4MATIC,A9,Automatic,1991,Petrol Electric,Mild Hybrid Electric Vehicle (MHEV),421,310,,,,,Euro 6 EB,False,WLTP,19.6,30.1,37.2,35.3,31.4,0,14.4,9.4,7.6,8,9,0,206,0,,,,,80,9,10,,0.12,,,72.0,12 September 2025,
MERCEDES-BENZ,C-Class Estate Model Year 2026,AMG C 43 4MATIC,A9,Automatic,1991,Petrol Electric,Mild Hybrid Electric Vehicle (MHEV),421,310,,,,,Euro 6 EB,False,WLTP,19.3,29.1,34.9,32.8,29.7,0,14.6,9.7,8.1,8.6,9.5,0,216,0,,,,,80,9,10,,0.12,,,72.0,12 September 2025,
MERCEDES-BENZ,C-Class Estate Model Year 2026,AMG C 63 S E PERFORMANCE,A9,Automatic,1991,Electricity / Petrol,Plug-in Hybrid Electric Vehicle (PHEV),476,350,5.1,122,2,,Euro 6 EB,False,WLTP,0,0,0,0,0,38.7,0,0,0,0,0,7.3,0,167,7,11,,14,320,13,2,,0.04,,,70.0,12 September 2025,
MERCEDES-BENZ,C-Class Estate Model Year 2026,AMG C 63 S E PERFORMANCE,A9,Automatic,1991,Electricity / Petrol,Plug-in Hybrid Electric Vehicle (PHEV),476,350,5.1,122,12,,Euro 6 EB,False,WLTP,0,0,0,0,0,38.7,0,0,0,0,0,7.3,0,167,7,11,,14,320,13,2,,0.04,,,70.0,12 September 2025,
MERCEDES-BENZ,C-Class Estate Model Year 2026,C 200,A9,Automatic,1496,Petrol Electric,Mild Hybrid Electric Vehicle (MHEV),204,150,,,,,Euro 6 EB,False,WLTP,29.1,44.1,52.3,46.3,44.1,0,9.7,6.4,5.4,6.1,6.4,0,146,0,,,,,130,12,16,,0.05,,,68.0,12 September 2025,
MERCEDES-BENZ,C-Class Estate Model Year 2026,C 200,A9,Automatic,1496,Petrol Electric,Mild Hybrid Electric Vehicle (MHEV),204,150,,,,,Euro 6 EB,False,WLTP,27.2,39.8,46.3,40.4,39.2,0,10.4,7.1,6.1,7,7.2,0,163,0,,,,,130,12,16,,0.05,,,68.0,12 September 2025,
MERCEDES-BENZ,C-Class Estate Model Year 2026,C 220 d,A9,Automatic,1993,Diesel Electric,Mild Hybrid Electric Vehicle (MHEV),197,145,,,,,Euro 6 EB,False,WLTP,44.8,58.9,70.6,62.8,60.1,0,6.3,4.8,4,4.5,4.7,0,123,0,,,,,38,,12,17,0.09,,,67.0,12 September 2025,
MERCEDES-BENZ,C-Class Estate Model Year 2026,C 220 d,A9,Automatic,1993,Diesel Electric,Mild Hybrid Electric Vehicle (MHEV),197,145,,,,,Euro 6 EB,False,WLTP,41.5,52.3,62.8,54.3,54.3,0,6.8,5.4,4.5,5.2,5.2,0,137,0,,,,,38,,12,17,0.09,,,67.0,12 September 2025,
MERCEDES-BENZ,C-Class Estate Model Year 2026,C 300,A9,Automatic,1999,Petrol Electric,Mild Hybrid Electric Vehicle (MHEV),258,190,,,,,Euro 6 EB,False,WLTP,27.7,42.2,51.4,45.6,42.8,0,10.2,6.7,5.5,6.2,6.6,0,150,0,,,,,153,13,14,,0.07,,,66.0,12 September 2025,
MERCEDES-BENZ,C-Class Estate Model Year 2026,C 300,A9,Automatic,1999,Petrol Electric,Mild Hybrid Electric Vehicle (MHEV),258,190,,,,,Euro 6 EB,False,WLTP,26.2,38.2,45.6,39.8,38.2,0,10.8,7.4,6.2,7.1,7.4,0,167,0,,,,,153,13,14,,0.07,,,66.0,12 September 2025,
MERCEDES-BENZ,C-Class Estate Model Year 2026,C 300 d,A9,Automatic,1993,Diesel Electric,Mild Hybrid Electric Vehicle (MHEV),265,195,,,,,Euro 6 EB,False,WLTP,38.2,53.3,65.7,60.1,55.4,0,7.4,5.3,4.3,4.7,5.1,0,133,0,,,,,77,,14,23,0.23,,,67.0,12 September 2025,
MERCEDES-BENZ,C-Class Estate Model Year 2026,C 300 d,A9,Automatic,1993,Diesel Electric,Mild Hybrid Electric Vehicle (MHEV),265,195,,,,,Euro 6 EB,False,WLTP,36.2,48.7,57.7,52.3,50.4,0,7.8,5.8,4.9,5.4,5.6,0,148,0,,,,,77,,14,23,0.23,,,67.0,12 September 2025,
MERCEDES-BENZ,C-Class Estate Model Year 2026,C 300 de,A9,Automatic,1993,Electricity / Diesel,Plug-in Hybrid Electric Vehicle (PHEV),313,230,3.2,193,110,,Euro 6 EA,False,WLTP,0,0,0,0,0,706.3,0,0,0,0,0,0.4,0,11,70,113,,111,38,,10,12,0.10,,,67.0,12 September 2025,
MERCEDES-BENZ,C-Class Estate Model Year 2026,C 300 de,A9,Automatic,1993,Electricity / Diesel,Plug-in Hybrid Electric Vehicle (PHEV),313,230,2.9,218,96,,Euro 6 EA,False,WLTP,0,0,0,0,0,470.8,0,0,0,0,0,0.6,0,15,60,96,,95,38,,10,12,0.10,,,67.0,12 September 2025,
MERCEDES-BENZ,C-Class Estate Model Year 2026,C 300 e,A9,Automatic,1999,Electricity / Petrol,Plug-in Hybrid Electric Vehicle (PHEV),313,230,3.2,196,108,,Euro 6 EA,False,WLTP,0,0,0,0,0,470.8,0,0,0,0,0,0.6,0,13,70,113,,111,100,9,10,,0.11,,,67.0,12 September 2025,
MERCEDES-BENZ,C-Class Estate Model Year 2026,C 300 e,A9,Automatic,1999,Electricity / Petrol,Plug-in Hybrid Electric Vehicle (PHEV),313,230,2.9,213,98,,Euro 6 EA,False,WLTP,0,0,0,0,0,353.1,0,0,0,0,0,0.8,0,18,62,99,,100,100,9,10,,0.11,,,67.0,12 September 2025,
MERCEDES-BENZ,C-Class Saloon Model Year 2026,AMG C 43 4MATIC,A9,Automatic,1991,Petrol Electric,Mild Hybrid Electric Vehicle (MHEV),421,310,,,,,Euro 6 EB,False,WLTP,19.6,30.4,37.7,36.2,31.7,0,14.4,9.3,7.5,7.8,8.9,0,202,0,,,,,80,9,10,,0.12,,,72.0,12 September 2025,
MERCEDES-BENZ,C-Class Saloon Model Year 2026,AMG C 43 4MATIC,A9,Automatic,1991,Petrol Electric,Mild Hybrid Electric Vehicle (MHEV),421,310,,,,,Euro 6 EB,False,WLTP,19.5,29.4,35.8,33.6,30.4,0,14.5,9.6,7.9,8.4,9.3,0,212,0,,,,,80,9,10,,0.12,,,72.0,12 September 2025,
MERCEDES-BENZ,C-Class Saloon Model Year 2026,AMG C 63 S E PERFORMANCE,A9,Automatic,1991,Electricity / Petrol,Plug-in Hybrid Electric Vehicle (PHEV),476,350,5.1,122,12,,Euro 6 EB,False,WLTP,0,0,0,0,0,38.7,0,0,0,0,0,7.3,0,167,7,11,,14,320,13,2,,0.04,,,70.0,12 September 2025,
MERCEDES-BENZ,C-Class Saloon Model Year 2026,AMG C 63 S E PERFORMANCE,A9,Automatic,1991,Electricity / Petrol,Plug-in Hybrid Electric Vehicle (PHEV),476,350,5.1,122,12,,Euro 6 EB,False,WLTP,0,0,0,0,0,38.7,0,0,0,0,0,7.3,0,167,7,11,,14,320,13,2,,0.04,,,70.0,12 September 2025,
MERCEDES-BENZ,C-Class Saloon Model Year 2026,C 200,A9,Automatic,1496,Petrol Electric,Mild Hybrid Electric Vehicle (MHEV),204,150,,,,,Euro 6 EB,False,WLTP,29.7,44.8,54.3,48.7,45.6,0,9.5,6.3,5.2,5.8,6.2,0,141,0,,,,,130,12,16,,0.05,,,68.0,12 September 2025,
MERCEDES-BENZ,C-Class Saloon Model Year 2026,C 200,A9,Automatic,1496,Petrol Electric,Mild Hybrid Electric Vehicle (MHEV),204,150,,,,,Euro 6 EB,False,WLTP,27.7,40.9,47.9,42.2,40.4,0,10.2,6.9,5.9,6.7,7,0,158,0,,,,,130,12,16,,0.05,,,68.0,12 September 2025,
MERCEDES-BENZ,C-Class Saloon Model Year 2026,C 220 d,A9,Automatic,1993,Diesel Electric,Mild Hybrid Electric Vehicle (MHEV),197,145,,,,,Euro 6 EB,False,WLTP,45.6,61.4,72.4,64.2,62.8,0,6.2,4.6,3.9,4.4,4.5,0,119,0,,,,,38,,12,17,0.09,,,67.0,12 September 2025,
MERCEDES-BENZ,C-Class Saloon Model Year 2026,C 220 d,A9,Automatic,1993,Diesel Electric,Mild Hybrid Electric Vehicle (MHEV),197,145,,,,,Euro 6 EB,False,WLTP,42.2,54.3,64.2,56.5,55.4,0,6.7,5.2,4.4,5,5.1,0,133,0,,,,,38,,12,17,0.09,,,67.0,12 September 2025,
MERCEDES-BENZ,C-Class Saloon Model Year 2026,C 300,A9,Automatic,1999,Petrol Electric,Mild Hybrid Electric Vehicle (MHEV),258,190,,,,,Euro 6 EB,False,WLTP,28,43.5,53.3,47.9,44.1,0,10.1,6.5,5.3,5.9,6.4,0,145,0,,,,,153,13,14,,0.07,,,66.0,12 September 2025,
MERCEDES-BENZ,C-Class Saloon Model Year 2026,C 300,A9,Automatic,1999,Petrol Electric,Mild Hybrid Electric Vehicle (MHEV),258,190,,,,,Euro 6 EB,False,WLTP,26.4,39.2,47.1,41.5,39.8,0,10.7,7.2,6,6.8,7.1,0,162,0,,,,,153,13,14,,0.07,,,66.0,12 September 2025,
MERCEDES-BENZ,C-Class Saloon Model Year 2026,C 300 d,A9,Automatic,1993,Diesel Electric,Mild Hybrid Electric Vehicle (MHEV),265,195,,,,,Euro 6 EB,False,WLTP,39.2,54.3,67.3,62.8,57.7,0,7.2,5.2,4.2,4.5,4.9,0,129,0,,,,,77,,14,23,0.23,,,67.0,12 September 2025,
MERCEDES-BENZ,C-Class Saloon Model Year 2026,C 300 d,A9,Automatic,1993,Diesel Electric,Mild Hybrid Electric Vehicle (MHEV),265,195,,,,,Euro 6 EB,False,WLTP,36.2,49.6,60.1,55.4,51.4,0,7.8,5.7,4.7,5.1,5.5,0,144,0,,,,,77,,14,23,0.23,,,67.0,12 September 2025,
MERCEDES-BENZ,C-Class Saloon Model Year 2026,C 300 de,A9,Automatic,1993,Electricity / Diesel,Plug-in Hybrid Electric Vehicle (PHEV),313,230,3.3,186,114,,Euro 6 EB,False,WLTP,0,0,0,0,0,706.3,0,0,0,0,0,0.4,0,10,73,117,,115,38,,10,12,0.10,,,67.0,12 September 2025,
MERCEDES-BENZ,C-Class Saloon Model Year 2026,C 300 de,A9,Automatic,1993,Electricity / Diesel,Plug-in Hybrid Electric Vehicle (PHEV),313,230,2.9,214,99,,Euro 6 EB,False,WLTP,0,0,0,0,0,470.8,0,0,0,0,0,0.6,0,14,62,99,,97,38,,10,12,0.10,,,67.0,12 September 2025,
MERCEDES-BENZ,C-Class Saloon Model Year 2026,C 300 e,A9,Automatic,1999,Electricity / Petrol,Plug-in Hybrid Electric Vehicle (PHEV),313,230,3.3,191,110,,Euro 6 EB,False,WLTP,0,0,0,0,0,565,0,0,0,0,0,0.5,0,12,72,116,,114,100,9,10,,0.11,,,67.0,12 September 2025,
MERCEDES-BENZ,C-Class Saloon Model Year 2026,C 300 e,A9,Automatic,1999,Electricity / Petrol,Plug-in Hybrid Electric Vehicle (PHEV),313,230,3,209,100,,Euro 6 EB,False,WLTP,0,0,0,0,0,353.1,0,0,0,0,0,0.8,0,17,63,101,,101,100,9,10,,0.11,,,67.0,12 September 2025,
MERCEDES-BENZ,CLA Coupe Model Year 2026,AMG CLA 35 4MATIC,A8,Automatic,1991,Petrol Electric,Mild Hybrid Electric Vehicle (MHEV),306,225,,,,,Euro 6 EB,False,WLTP,21.7,32.8,40.4,40.4,34.9,0,13,8.6,7,7,8.1,0,185,0,,,,,128,8,10,,0.72,,,69.0,12 September 2025,
MERCEDES-BENZ,CLA Coupe Model Year 2026,AMG CLA 35 4MATIC,A8,Automatic,1991,Petrol Electric,Mild Hybrid Electric Vehicle (MHEV),306,225,,,,,Euro 6 EB,False,WLTP,21.6,32.1,38.7,37.2,33.2,0,13.1,8.8,7.3,7.6,8.5,0,193,0,,,,,128,8,10,,0.72,,,69.0,12 September 2025,
MERCEDES-BENZ,CLA Coupe Model Year 2026,AMG CLA 45 S 4MATIC+,A8,Automatic,1991,Petrol,Internal Combustion Engine (ICE),421,310,,,,,Euro 6 EB,False,WLTP,20.2,30.7,37.7,35.3,31.7,0,14,9.2,7.5,8,8.9,0,201,0,,,,,313,15,17,,1.05,,,71.0,12 September 2025,
MERCEDES-BENZ,CLA Coupe Model Year 2026,AMG CLA 45 S 4MATIC+,A8,Automatic,1991,Petrol,Internal Combustion Engine (ICE),421,310,,,,,Euro 6 EB,False,WLTP,19.9,30.4,37.2,34.9,31.4,0,14.2,9.3,7.6,8.1,9,0,205,0,,,,,313,15,17,,1.05,,,71.0,12 September 2025,
MERCEDES-BENZ,CLA Coupe Model Year 2026,CLA 180,A7,Automatic,1332,Petrol Electric,Mild Hybrid Electric Vehicle (MHEV),136,100,,,,,Euro 6 EB,False,WLTP,31.4,50.4,57.7,51.4,48.7,0,9,5.6,4.9,5.5,5.8,0,131,0,,,,,217,22,17,,0.08,,,68.0,12 September 2025,
MERCEDES-BENZ,CLA Coupe Model Year 2026,CLA 180,A7,Automatic,1332,Petrol Electric,Mild Hybrid Electric Vehicle (MHEV),136,100,,,,,Euro 6 EB,False,WLTP,30.4,46.3,53.3,45.6,44.8,0,9.3,6.1,5.3,6.2,6.3,0,144,0,,,,,217,22,17,,0.08,,,68.0,12 September 2025,
MERCEDES-BENZ,CLA Coupe Model Year 2026,CLA 200,A7,Automatic,1332,Petrol Electric,Mild Hybrid Electric Vehicle (MHEV),163,120,,,,,Euro 6 EB,False,WLTP,31.4,50.4,57.7,51.4,48.7,0,9,5.6,4.9,5.5,5.8,0,131,0,,,,,217,22,17,,0.08,,,68.0,12 September 2025,
MERCEDES-BENZ,CLA Coupe Model Year 2026,CLA 200,A7,Automatic,1332,Petrol Electric,Mild Hybrid Electric Vehicle (MHEV),163,120,,,,,Euro 6 EB,False,WLTP,30.4,46.3,53.3,45.6,44.8,0,9.3,6.1,5.3,6.2,6.3,0,144,0,,,,,217,22,17,,0.08,,,68.0,12 September 2025,
MERCEDES-BENZ,CLA Coupe Model Year 2026,CLA 220 d,A8,Automatic,1950,Diesel,Internal Combustion Engine (ICE),190,140,,,,,Euro 6 EB,False,WLTP,40.9,52.3,67.3,60.1,56.5,0,6.9,5.4,4.2,4.7,5,0,130,0,,,,,44,,17,22,0.83,,,69.0,12 September 2025,
MERCEDES-BENZ,CLA Coupe Model Year 2026,CLA 220 d,A8,Automatic,1950,Diesel,Internal Combustion Engine (ICE),190,140,,,,,Euro 6 EB,False,WLTP,38.7,48.7,60.1,53.3,51.4,0,7.3,5.8,4.7,5.3,5.5,0,143,0,,,,,44,,17,22,0.83,,,69.0,12 September 2025,
MERCEDES-BENZ,CLA Coupe Model Year 2026,CLA 250 e,A8,Automatic,1332,Electricity / Petrol,Plug-in Hybrid Electric Vehicle (PHEV),218,160,3.5,177,84,,Euro 6 EA,False,WLTP,0,0,0,0,0,403.6,0,0,0,0,0,0.7,0,16,54,87,,91,212,12,3,,0.06,,,67.0,12 September 2025,
MERCEDES-BENZ,CLA Coupe Model Year 2026,CLA 250 e,A8,Automatic,1332,Electricity / Petrol,Plug-in Hybrid Electric Vehicle (PHEV),218,160,3.2,194,74,,Euro 6 EA,False,WLTP,0,0,0,0,0,282.5,0,0,0,0,0,1,0,22,47,76,,81,212,12,3,,0.06,,,67.0,12 September 2025,
MERCEDES-BENZ,CLA Saloon Model Year 2026,CLA 350 4MATIC,N/A,Electric - Not Applicable,0,Electricity,Battery Electric Vehicle (BEV) / Pure Electric Vehicle / Electric Vehicle (EV),354,260,5.1,122,791,492,Euro 6-WLTP (for BEVs only),False,WLTP,0,0,0,0,0,0,0,0,0,0,0,0,0,0,0,,573,922,,,,,,,,68.0,12 September 2025,
MERCEDES-BENZ,CLA Saloon Model Year 2026,CLA 350 4MATIC,N/A,Electric - Not Applicable,0,Electricity,Battery Electric Vehicle (BEV) / Pure Electric Vehicle / Electric Vehicle (EV),354,260,4.4,141,694,431,Euro 6-WLTP (for BEVs only),False,WLTP,0,0,0,0,0,0,0,0,0,0,0,0,0,0,0,,498,801,,,,,,,,68.0,12 September 2025,
MERCEDES-BENZ,CLA Saloon Model Year 2026,CLA 250+,N/A,Electric - Not Applicable,0,Electricity,Battery Electric Vehicle (BEV) / Pure Electric Vehicle / Electric Vehicle (EV),272,200,5.1,122,791,492,Euro 6-WLTP (for BEVs only),False,WLTP,0,0,0,0,0,0,0,0,0,0,0,0,0,0,0,,573,922,,,,,,,,68.0,12 September 2025,
MERCEDES-BENZ,CLA Saloon Model Year 2026,CLA 250+,N/A,Electric - Not Applicable,0,Electricity,Battery Electric Vehicle (BEV) / Pure Electric Vehicle / Electric Vehicle (EV),272,200,4.4,141,694,431,Euro 6-WLTP (for BEVs only),False,WLTP,0,0,0,0,0,0,0,0,0,0,0,0,0,0,0,,498,801,,,,,,,,68.0,12 September 2025,
MERCEDES-BENZ,CLA Shooting Brake Model Year 2026,CLA 180,A7,Automatic,1332,Petrol Electric,Mild Hybrid Electric Vehicle (MHEV),136,100,,,,,Euro 6 EB,False,WLTP,31,49.6,57.7,50.4,47.9,0,9.1,5.7,4.9,5.6,5.9,0,134,0,,,,,214,21,17,,0.08,,,68.0,12 September 2025,
MERCEDES-BENZ,CLA Shooting Brake Model Year 2026,CLA 180,A7,Automatic,1332,Petrol Electric,Mild Hybrid Electric Vehicle (MHEV),136,100,,,,,Euro 6 EB,False,WLTP,30.1,45.6,51.4,44.1,43.5,0,9.4,6.2,5.5,6.4,6.5,0,147,0,,,,,214,21,17,,0.08,,,68.0,12 September 2025,
MERCEDES-BENZ,CLA Shooting Brake Model Year 2026,CLA 200,A7,Automatic,1332,Petrol Electric,Mild Hybrid Electric Vehicle (MHEV),163,120,,,,,Euro 6 EB,False,WLTP,31,49.6,57.7,50.4,47.9,0,9.1,5.7,4.9,5.6,5.9,0,134,0,,,,,214,21,17,,0.08,,,68.0,12 September 2025,
MERCEDES-BENZ,CLA Shooting Brake Model Year 2026,CLA 200,A7,Automatic,1332,Petrol Electric,Mild Hybrid Electric Vehicle (MHEV),163,120,,,,,Euro 6 EB,False,WLTP,30.1,45.6,51.4,44.1,43.5,0,9.4,6.2,5.5,6.4,6.5,0,147,0,,,,,214,21,17,,0.08,,,68.0,12 September 2025,
MERCEDES-BENZ,CLA Shooting Brake Model Year 2026,CLA 250 e,A8,Automatic,1332,Electricity / Petrol,Plug-in Hybrid Electric Vehicle (PHEV),218,160,5,125,82,,Euro 6 EB,False,WLTP,0,0,0,0,0,117.7,0,0,0,0,0,2.4,0,54,52,84,,88,212,12,3,,0.06,,,67.0,12 September 2025,
MERCEDES-BENZ,CLA Shooting Brake Model Year 2026,CLA 250 e,A8,Automatic,1332,Electricity / Petrol,Plug-in Hybrid Electric Vehicle (PHEV),218,160,4.7,132,71,,Euro 6 EB,False,WLTP,0,0,0,0,0,97.4,0,0,0,0,0,2.9,0,67,46,74,,78,212,12,3,,0.06,,,67.0,12 September 2025,
MERCEDES-BENZ,CLA Shooting Brake Model Year 2026,AMG CLA 35 4MATIC,A8,Automatic,1991,Petrol Electric,Mild Hybrid Electric Vehicle (MHEV),306,225,,,,,Euro 6 EB,False,WLTP,21.7,32.5,39.8,38.2,34,0,13,8.7,7.1,7.4,8.3,0,189,0,,,,,128,8,10,,0.72,,,69.0,12 September 2025,
MERCEDES-BENZ,CLA Shooting Brake Model Year 2026,AMG CLA 35 4MATIC,A8,Automatic,1991,Petrol Electric,Mild Hybrid Electric Vehicle (MHEV),306,225,,,,,Euro 6 EB,False,WLTP,21.4,31.7,37.7,35.8,32.5,0,13.2,8.9,7.5,7.9,8.7,0,197,0,,,,,128,8,10,,0.72,,,69.0,12 September 2025,
MERCEDES-BENZ,CLA Shooting Brake Model Year 2026,AMG CLA 45 S 4MATIC+,A8,Automatic,1991,Petrol,Internal Combustion Engine (ICE),421,310,,,,,Euro 6 EB,False,WLTP,20,30.7,37.2,34,31,0,14.1,9.2,7.6,8.3,9.1,0,206,0,,,,,313,15,17,,1.05,,,71.0,12 September 2025,
MERCEDES-BENZ,CLA Shooting Brake Model Year 2026,AMG CLA 45 S 4MATIC+,A8,Automatic,1991,Petrol,Internal Combustion Engine (ICE),421,310,,,,,Euro 6 EB,False,WLTP,19.8,30.1,36.2,33.6,30.7,0,14.3,9.4,7.8,8.4,9.2,0,209,0,,,,,313,15,17,,1.05,,,71.0,12 September 2025,
MERCEDES-BENZ,CLA Shooting Brake Model Year 2026,CLA 220 d,A8,Automatic,1950,Diesel,Internal Combustion Engine (ICE),190,140,,,,,Euro 6 EB,False,WLTP,40.4,51.4,65.7,58.9,55.4,0,7,5.5,4.3,4.8,5.1,0,133,0,,,,,44,,17,22,0.83,,,69.0,12 September 2025,
MERCEDES-BENZ,CLA Shooting Brake Model Year 2026,CLA 220 d,A8,Automatic,1950,Diesel,Internal Combustion Engine (ICE),190,140,,,,,Euro 6 EB,False,WLTP,38.2,47.9,58.9,51.4,50.4,0,7.4,5.9,4.8,5.5,5.6,0,147,0,,,,,44,,17,22,0.83,,,69.0,12 September 2025,
MERCEDES-BENZ,CLE Cabriolet Model Year 2026,AMG CLE 53 4MATIC+,A9,Automatic,2999,Petrol Electric,Mild Hybrid Electric Vehicle (MHEV),449,330,,,,,Euro 6 EB,False,WLTP,21.1,34.9,42.8,40.4,35.8,0,13.4,8.1,6.6,7,7.9,0,181,0,,,,,195,12,12,,0.11,,,70.0,12 September 2025,
MERCEDES-BENZ,CLE Cabriolet Model Year 2026,AMG CLE 53 4MATIC+,A9,Automatic,2999,Petrol Electric,Mild Hybrid Electric Vehicle (MHEV),449,330,,,,,Euro 6 EB,False,WLTP,20.5,32.8,40.4,37.7,33.6,0,13.8,8.6,7,7.5,8.4,0,192,0,,,,,195,12,12,,0.11,,,70.0,12 September 2025,
MERCEDES-BENZ,CLE Cabriolet Model Year 2026,CLE 200,A9,Automatic,1999,Petrol Electric,Mild Hybrid Electric Vehicle (MHEV),204,150,,,,,Euro 6 EB,False,WLTP,27.7,41.5,50.4,44.1,42.2,0,10.2,6.8,5.6,6.4,6.7,0,153,0,,,,,100,12,17,,0.15,,,68.0,12 September 2025,
MERCEDES-BENZ,CLE Cabriolet Model Year 2026,CLE 200,A9,Automatic,1999,Petrol Electric,Mild Hybrid Electric Vehicle (MHEV),204,150,,,,,Euro 6 EB,False,WLTP,26.7,39.2,47.1,40.9,39.2,0,10.6,7.2,6,6.9,7.2,0,163,0,,,,,100,12,17,,0.15,,,68.0,12 September 2025,
MERCEDES-BENZ,CLE Cabriolet Model Year 2026,CLE 220 d,A9,Automatic,1993,Diesel Electric,Mild Hybrid Electric Vehicle (MHEV),197,145,,,,,Euro 6 EB,False,WLTP,42.2,56.5,67.3,60.1,57.7,0,6.7,5,4.2,4.7,4.9,0,128,0,,,,,46,,13,18,0.16,,,68.0,12 September 2025,
MERCEDES-BENZ,CLE Cabriolet Model Year 2026,CLE 220 d,A9,Automatic,1993,Diesel Electric,Mild Hybrid Electric Vehicle (MHEV),197,145,,,,,Euro 6 EB,False,WLTP,40.4,51.4,61.4,54.3,53.3,0,7,5.5,4.6,5.2,5.3,0,139,0,,,,,46,,13,18,0.16,,,68.0,12 September 2025,
MERCEDES-BENZ,CLE Cabriolet Model Year 2026,CLE 300 4MATIC,A9,Automatic,1999,Petrol Electric,Mild Hybrid Electric Vehicle (MHEV),258,190,,,,,Euro 6 EB,False,WLTP,26.2,38.7,47.9,42.8,39.8,0,10.8,7.3,5.9,6.6,7.1,0,161,0,,,,,144,8,16,,0.04,,,67.0,12 September 2025,
MERCEDES-BENZ,CLE Cabriolet Model Year 2026,CLE 300 4MATIC,A9,Automatic,1999,Petrol Electric,Mild Hybrid Electric Vehicle (MHEV),258,190,,,,,Euro 6 EB,False,WLTP,25.5,36.7,44.1,39.2,37.2,0,11.1,7.7,6.4,7.2,7.6,0,172,0,,,,,144,8,16,,0.04,,,67.0,12 September 2025,
MERCEDES-BENZ,CLE Cabriolet Model Year 2026,CLE 450 4MATIC,A9,Automatic,2999,Petrol Electric,Mild Hybrid Electric Vehicle (MHEV),381,280,,,,,Euro 6 EB,False,WLTP,21.1,34.9,42.8,40.4,35.8,0,13.4,8.1,6.6,7,7.9,0,181,0,,,,,195,12,12,,0.11,,,68.0,12 September 2025,
MERCEDES-BENZ,CLE Cabriolet Model Year 2026,CLE 450 4MATIC,A9,Automatic,2999,Petrol Electric,Mild Hybrid Electric Vehicle (MHEV),381,280,,,,,Euro 6 EB,False,WLTP,20.5,32.8,40.4,37.7,33.6,0,13.8,8.6,7,7.5,8.4,0,192,0,,,,,195,12,12,,0.11,,,68.0,12 September 2025,
MERCEDES-BENZ,CLE Coupe Model Year 2026,AMG CLE 53 4MATIC+,A9,Automatic,2999,Petrol Electric,Mild Hybrid Electric Vehicle (MHEV),449,330,,,,,Euro 6 EB,False,WLTP,18.5,30.4,37.2,35.8,31,0,15.3,9.3,7.6,7.9,9.1,0,206,0,,,,,179,11,13,,0.09,,,70.0,12 September 2025,
MERCEDES-BENZ,CLE Coupe Model Year 2026,AMG CLE 53 4MATIC+,A9,Automatic,2999,Petrol Electric,Mild Hybrid Electric Vehicle (MHEV),449,330,,,,,Euro 6 EB,False,WLTP,18.3,29.4,35.3,32.8,29.7,0,15.4,9.6,8,8.6,9.5,0,217,0,,,,,179,11,13,,0.09,,,70.0,12 September 2025,
MERCEDES-BENZ,CLE Coupe Model Year 2026,CLE 200,A9,Automatic,1999,Petrol Electric,Mild Hybrid Electric Vehicle (MHEV),204,150,,,,,Euro 6 EB,False,WLTP,28,42.8,53.3,47.1,43.5,0,10.1,6.6,5.3,6,6.5,0,147,0,,,,,98,12,16,,0.15,,,68.0,12 September 2025,
MERCEDES-BENZ,CLE Coupe Model Year 2026,CLE 200,A9,Automatic,1999,Petrol Electric,Mild Hybrid Electric Vehicle (MHEV),204,150,,,,,Euro 6 EB,False,WLTP,27.2,40.4,47.9,42.2,40.4,0,10.4,7,5.9,6.7,7,0,159,0,,,,,98,12,16,,0.15,,,68.0,12 September 2025,
MERCEDES-BENZ,CLE Coupe Model Year 2026,CLE 220 d,A9,Automatic,1993,Diesel,Internal Combustion Engine (ICE),197,145,,,,,Euro 6 EB,False,WLTP,44.1,60.1,70.6,62.8,60.1,0,6.4,4.7,4,4.5,4.7,0,122,0,,,,,35,,13,18,0.16,,,68.0,12 September 2025,
MERCEDES-BENZ,CLE Coupe Model Year 2026,CLE 220 d,A9,Automatic,1993,Diesel,Internal Combustion Engine (ICE),197,145,,,,,Euro 6 EB,False,WLTP,40.9,53.3,64.2,56.5,55.4,0,6.9,5.3,4.4,5,5.1,0,135,0,,,,,35,,13,18,0.16,,,68.0,12 September 2025,
MERCEDES-BENZ,CLE Coupe Model Year 2026,CLE 300 4MATIC,A9,Automatic,1999,Diesel Electric,Mild Hybrid Electric Vehicle (MHEV),258,190,,,,,Euro 6 EB,False,WLTP,26.7,40.4,49.6,44.8,41.5,0,10.6,7,5.7,6.3,6.8,0,155,0,,,,,133,8,16,,0.01,,,67.0,12 September 2025,
MERCEDES-BENZ,CLE Coupe Model Year 2026,CLE 300 4MATIC,A9,Automatic,1999,Diesel Electric,Mild Hybrid Electric Vehicle (MHEV),258,190,,,,,Euro 6 EB,False,WLTP,25.7,37.7,45.6,40.9,38.7,0,11,7.5,6.2,6.9,7.3,0,167,0,,,,,133,8,16,,0.01,,,67.0,12 September 2025,
MERCEDES-BENZ,CLE Coupe Model Year 2026,CLE 300 e,A9,Automatic,1999,Electricity / Petrol,Plug-in Hybrid Electric Vehicle (PHEV),204,150,3.3,191,111,,Euro 6 EA,False,WLTP,0,0,0,0,0,565,0,0,0,0,0,0.5,0,12,70,112,,111,131,8,9,,0.04,,,67.0,12 September 2025,
MERCEDES-BENZ,CLE Coupe Model Year 2026,CLE 300 e,A9,Automatic,1999,Electricity / Petrol,Plug-in Hybrid Electric Vehicle (PHEV),204,150,3,208,101,,Euro 6 EA,False,WLTP,0,0,0,0,0,403.6,0,0,0,0,0,0.7,0,16,63,101,,105,131,8,9,,0.04,,,67.0,12 September 2025,
MERCEDES-BENZ,CLE Coupe Model Year 2026,CLE 450 4MATIC,A9,Automatic,2999,Petrol Electric,Mild Hybrid Electric Vehicle (MHEV),381,280,,,,,Euro 6 EB,False,WLTP,21.7,36.7,44.8,42.2,37.2,0,13,7.7,6.3,6.7,7.6,0,174,0,,,,,183,11,11,,0.05,,,68.0,12 September 2025,
MERCEDES-BENZ,CLE Coupe Model Year 2026,CLE 450 4MATIC,A9,Automatic,2999,Petrol Electric,Mild Hybrid Electric Vehicle (MHEV),381,280,,,,,Euro 6 EB,False,WLTP,20.8,34,41.5,39.2,34.5,0,13.6,8.3,6.8,7.2,8.2,0,186,0,,,,,183,11,11,,0.05,,,68.0,12 September 2025,
MERCEDES-BENZ,E-Class Estate Model Year 2026,AMG E 53 HYBRID 4MATIC+,A9,Automatic,2999,Electricity / Petrol,Plug-in Hybrid Electric Vehicle (PHEV),449,330,2.5,249,95,,Euro 6 EA,False,WLTP,0,0,0,0,0,313.9,0,0,0,0,0,0.9,0,21,60,97,,98,150,7,5,,0.04,,,67.0,12 September 2025,
MERCEDES-BENZ,E-Class Estate Model Year 2026,AMG E 53 HYBRID 4MATIC+,A9,Automatic,2999,Electricity / Petrol,Plug-in Hybrid Electric Vehicle (PHEV),449,330,2.3,267,88,,Euro 6 EA,False,WLTP,0,0,0,0,0,256.8,0,0,0,0,0,1.1,0,24,56,90,,93,150,7,5,,0.04,,,67.0,12 September 2025,
MERCEDES-BENZ,E-Class Estate Model Year 2026,E 200,A9,Automatic,1999,Petrol Electric,Mild Hybrid Electric Vehicle (MHEV),204,150,,,,,Euro 6 EB,False,WLTP,27.2,42.2,50.4,44.8,42.2,0,10.4,6.7,5.6,6.3,6.7,0,153,0,,,,,116,10,16,,0.04,,,68.0,12 September 2025,
MERCEDES-BENZ,E-Class Estate Model Year 2026,E 200,A9,Automatic,1999,Petrol Electric,Mild Hybrid Electric Vehicle (MHEV),204,150,,,,,Euro 6 EB,False,WLTP,25.9,38.2,44.8,37.2,37.2,0,10.9,7.4,6.3,7.6,7.6,0,172,0,,,,,116,10,16,,0.04,,,68.0,12 September 2025,
MERCEDES-BENZ,E-Class Estate Model Year 2026,E 220 d,A9,Automatic,1993,Diesel Electric,Mild Hybrid Electric Vehicle (MHEV),197,145,,,,,Euro 6 EB,False,WLTP,43.5,55.4,67.3,58.9,57.7,0,6.5,5.1,4.2,4.8,4.9,0,129,0,,,,,46,,11,17,0.10,,,67.0,12 September 2025,
MERCEDES-BENZ,E-Class Estate Model Year 2026,E 220 d,A9,Automatic,1993,Diesel Electric,Mild Hybrid Electric Vehicle (MHEV),197,145,,,,,Euro 6 EB,False,WLTP,38.7,50.4,60.1,50.4,50.4,0,7.3,5.6,4.7,5.6,5.6,0,146,0,,,,,46,,11,17,0.10,,,67.0,12 September 2025,
MERCEDES-BENZ,E-Class Estate Model Year 2026,E 300 de,A9,Automatic,1993,Electricity / Diesel,Plug-in Hybrid Electric Vehicle (PHEV),313,230,3.1,201,102,,Euro 6 EA,False,WLTP,0,0,0,0,0,565,0,0,0,0,0,0.5,0,12,66,107,,109,39,,14,18,0.29,,,66.0,12 September 2025,
MERCEDES-BENZ,E-Class Estate Model Year 2026,E 300 de,A9,Automatic,1993,Electricity / Diesel,Plug-in Hybrid Electric Vehicle (PHEV),313,230,2.8,226,88,,Euro 6 EA,False,WLTP,0,0,0,0,0,403.6,0,0,0,0,0,0.7,0,17,58,93,,94,39,,14,18,0.29,,,66.0,12 September 2025,
MERCEDES-BENZ,E-Class Estate Model Year 2026,E 300 e,A9,Automatic,1999,Electricity / Petrol,Plug-in Hybrid Electric Vehicle (PHEV),313,230,3.1,200,105,,Euro 6 EA,False,WLTP,0,0,0,0,0,470.8,0,0,0,0,0,0.6,0,13,68,110,,110,132,9,11,,,,,67.0,12 September 2025,
MERCEDES-BENZ,E-Class Estate Model Year 2026,E 300 e,A9,Automatic,1999,Electricity / Petrol,Plug-in Hybrid Electric Vehicle (PHEV),313,230,2.8,225,89,,Euro 6 EA,False,WLTP,0,0,0,0,0,353.1,0,0,0,0,0,0.8,0,19,59,95,,96,132,9,11,,,,,67.0,12 September 2025,
MERCEDES-BENZ,E-Class Estate Model Year 2026,E 450 d 4MATIC,A9,Automatic,2989,Diesel Electric,Mild Hybrid Electric Vehicle (MHEV),367,270,,,,,Euro 6 EB,False,WLTP,28.8,42.2,57.7,51.4,46.3,0,9.8,6.7,4.9,5.5,6.1,0,161,0,,,,,117,,10,29,0.06,,,67.0,12 September 2025,
MERCEDES-BENZ,E-Class Estate Model Year 2026,E 450 d 4MATIC,A9,Automatic,2989,Diesel Electric,Mild Hybrid Electric Vehicle (MHEV),367,270,,,,,Euro 6 EB,False,WLTP,27.4,38.7,50.4,44.1,40.9,0,10.3,7.3,5.6,6.4,6.9,0,180,0,,,,,117,,10,29,0.06,,,67.0,12 September 2025,
MERCEDES-BENZ,E-Class Saloon Model Year 2026,AMG E 53 HYBRID 4MATIC+,A9,Automatic,2999,Electricity / Petrol,Plug-in Hybrid Electric Vehicle (PHEV),449,330,2.6,241,100,,Euro 6 EA,False,WLTP,0,0,0,0,0,353.1,0,0,0,0,0,0.8,0,19,63,102,,99,150,7,5,,0.04,,,67.0,12 September 2025,
MERCEDES-BENZ,E-Class Saloon Model Year 2026,AMG E 53 HYBRID 4MATIC+,A9,Automatic,2999,Electricity / Petrol,Plug-in Hybrid Electric Vehicle (PHEV),449,330,2.4,259,90,,Euro 6 EA,False,WLTP,0,0,0,0,0,282.5,0,0,0,0,0,1,0,22,58,93,,95,150,7,5,,0.04,,,67.0,12 September 2025,
MERCEDES-BENZ,E-Class Saloon Model Year 2026,E 200,A9,Automatic,1999,Petrol Electric,Mild Hybrid Electric Vehicle (MHEV),204,150,,,,,Euro 6 EB,False,WLTP,27.7,44.1,53.3,47.9,44.1,0,10.2,6.4,5.3,5.9,6.4,0,145,0,,,,,116,10,16,,0.04,,,68.0,12 September 2025,
MERCEDES-BENZ,E-Class Saloon Model Year 2026,E 200,A9,Automatic,1999,Petrol Electric,Mild Hybrid Electric Vehicle (MHEV),204,150,,,,,Euro 6 EB,False,WLTP,26.2,38.7,46.3,40.4,38.7,0,10.8,7.3,6.1,7,7.3,0,166,0,,,,,116,10,16,,0.04,,,68.0,12 September 2025,
MERCEDES-BENZ,E-Class Saloon Model Year 2026,E 220 d,A9,Automatic,1993,Diesel Electric,Mild Hybrid Electric Vehicle (MHEV),197,145,,,,,Euro 6 EB,False,WLTP,44.1,57.7,68.9,64.2,60.1,0,6.4,4.9,4.1,4.4,4.7,0,123,0,,,,,46,,11,17,0.10,,,67.0,12 September 2025,
MERCEDES-BENZ,E-Class Saloon Model Year 2026,E 220 d,A9,Automatic,1993,Diesel Electric,Mild Hybrid Electric Vehicle (MHEV),197,145,,,,,Euro 6 EB,False,WLTP,39.2,51.4,61.4,53.3,52.3,0,7.2,5.5,4.6,5.3,5.4,0,141,0,,,,,46,,11,17,0.10,,,67.0,12 September 2025,
MERCEDES-BENZ,E-Class Saloon Model Year 2026,E 300 de,A9,Automatic,1993,Electricity / Diesel,Plug-in Hybrid Electric Vehicle (PHEV),313,230,3.2,192,106,,Euro 6 EA,False,WLTP,0,0,0,0,0,706.3,0,0,0,0,0,0.4,0,11,69,111,,112,39,,14,18,0.29,,,66.0,12 September 2025,
MERCEDES-BENZ,E-Class Saloon Model Year 2026,E 300 de,A9,Automatic,1993,Electricity / Diesel,Plug-in Hybrid Electric Vehicle (PHEV),313,230,2.9,215,93,,Euro 6 EA,False,WLTP,0,0,0,0,0,470.8,0,0,0,0,0,0.6,0,15,61,98,,96,39,,14,18,0.29,,,66.0,12 September 2025,
MERCEDES-BENZ,E-Class Saloon Model Year 2026,E 300 e,A9,Automatic,1999,Electricity / Petrol,Plug-in Hybrid Electric Vehicle (PHEV),313,230,3.2,192,110,,Euro 6 EA,False,WLTP,0,0,0,0,0,565,0,0,0,0,0,0.5,0,12,71,114,,113,132,9,11,,,,,67.0,12 September 2025,
MERCEDES-BENZ,E-Class Saloon Model Year 2026,E 300 e,A9,Automatic,1999,Electricity / Petrol,Plug-in Hybrid Electric Vehicle (PHEV),313,230,2.9,216,93,,Euro 6 EA,False,WLTP,0,0,0,0,0,353.1,0,0,0,0,0,0.8,0,17,61,98,,98,132,9,11,,,,,67.0,12 September 2025,
MERCEDES-BENZ,E-Class Saloon Model Year 2026,E 450 d 4MATIC,A9,Automatic,2989,Diesel Electric,Mild Hybrid Electric Vehicle (MHEV),367,270,,,,,Euro 6 EB,False,WLTP,30.4,42.8,58.9,55.4,47.9,0,9.3,6.6,4.8,5.1,5.9,0,154,0,,,,,117,,10,29,0.06,,,67.0,12 September 2025,
MERCEDES-BENZ,E-Class Saloon Model Year 2026,E 450 d 4MATIC,A9,Automatic,2989,Diesel Electric,Mild Hybrid Electric Vehicle (MHEV),367,270,,,,,Euro 6 EB,False,WLTP,28,39.2,52.3,47.1,42.8,0,10.1,7.2,5.4,6,6.6,0,173,0,,,,,117,,10,29,0.06,,,67.0,12 September 2025,
MERCEDES-BENZ,EQA Model Year 2026,EQA 250+,N/A,Electric - Not Applicable,0,Electricity,Battery Electric Vehicle (BEV) / Pure Electric Vehicle / Electric Vehicle (EV),190,140,4.3,144,561,349,Euro 6-WLTP (for BEVs only),False,WLTP,0,0,0,0,0,0,0,0,0,0,0,0,0,0,0,,450,725,,,,,,,,67.0,12 September 2025,
MERCEDES-BENZ,EQA Model Year 2026,EQA 250+,N/A,Electric - Not Applicable,0,Electricity,Battery Electric Vehicle (BEV) / Pure Electric Vehicle / Electric Vehicle (EV),190,140,3.8,164,497,309,Euro 6-WLTP (for BEVs only),False,WLTP,0,0,0,0,0,0,0,0,0,0,0,0,0,0,0,,403,648,,,,,,,,67.0,12 September 2025,
MERCEDES-BENZ,EQA Model Year 2026,EQA 300 4MATIC,N/A,Electric - Not Applicable,0,Electricity,Battery Electric Vehicle (BEV) / Pure Electric Vehicle / Electric Vehicle (EV),228,168,3.7,168,477,296,Euro 6-WLTP (for BEVs only),False,WLTP,0,0,0,0,0,0,0,0,0,0,0,0,0,0,0,,357,575,,,,,,,,68.0,12 September 2025,
MERCEDES-BENZ,EQA Model Year 2026,EQA 300 4MATIC,N/A,Electric - Not Applicable,0,Electricity,Battery Electric Vehicle (BEV) / Pure Electric Vehicle / Electric Vehicle (EV),228,168,3.3,186,435,270,Euro 6-WLTP (for BEVs only),False,WLTP,0,0,0,0,0,0,0,0,0,0,0,0,0,0,0,,331,532,,,,,,,,68.0,12 September 2025,
MERCEDES-BENZ,EQA Model Year 2026,EQA 350 4MATIC,N/A,Electric - Not Applicable,0,Electricity,Battery Electric Vehicle (BEV) / Pure Electric Vehicle / Electric Vehicle (EV),292,215,3.7,168,477,296,Euro 6-WLTP (for BEVs only),False,WLTP,0,0,0,0,0,0,0,0,0,0,0,0,0,0,0,,357,575,,,,,,,,68.0,12 September 2025,
MERCEDES-BENZ,EQA Model Year 2026,EQA 350 4MATIC,N/A,Electric - Not Applicable,0,Electricity,Battery Electric Vehicle (BEV) / Pure Electric Vehicle / Electric Vehicle (EV),292,215,3.3,186,435,270,Euro 6-WLTP (for BEVs only),False,WLTP,0,0,0,0,0,0,0,0,0,0,0,0,0,0,0,,331,532,,,,,,,,68.0,12 September 2025,
MERCEDES-BENZ,EQB Model Year 2026,EQB 250+,N/A,Electric - Not Applicable,0,Electricity,Battery Electric Vehicle (BEV) / Pure Electric Vehicle / Electric Vehicle (EV),190,140,4.1,151,537,334,Euro 6-WLTP (for BEVs only),False,WLTP,0,0,0,0,0,0,0,0,0,0,0,0,0,0,0,,432,696,,,,,,,,67.0,12 September 2025,
MERCEDES-BENZ,EQB Model Year 2026,EQB 250+,N/A,Electric - Not Applicable,0,Electricity,Battery Electric Vehicle (BEV) / Pure Electric Vehicle / Electric Vehicle (EV),190,140,3.6,173,468,291,Euro 6-WLTP (for BEVs only),False,WLTP,0,0,0,0,0,0,0,0,0,0,0,0,0,0,0,,374,602,,,,,,,,67.0,12 September 2025,
MERCEDES-BENZ,EQB Model Year 2026,EQB 300 4MATIC,N/A,Electric - Not Applicable,0,Electricity,Battery Electric Vehicle (BEV) / Pure Electric Vehicle / Electric Vehicle (EV),228,168,3.6,172,468,291,Euro 6-WLTP (for BEVs only),False,WLTP,0,0,0,0,0,0,0,0,0,0,0,0,0,0,0,,349,561,,,,,,,,68.0,12 September 2025,
MERCEDES-BENZ,EQB Model Year 2026,EQB 300 4MATIC,N/A,Electric - Not Applicable,0,Electricity,Battery Electric Vehicle (BEV) / Pure Electric Vehicle / Electric Vehicle (EV),228,168,3.3,191,425,264,Euro 6-WLTP (for BEVs only),False,WLTP,0,0,0,0,0,0,0,0,0,0,0,0,0,0,0,,318,511,,,,,,,,68.0,12 September 2025,
MERCEDES-BENZ,EQB Model Year 2026,EQB 350 4MATIC,N/A,Electric - Not Applicable,0,Electricity,Battery Electric Vehicle (BEV) / Pure Electric Vehicle / Electric Vehicle (EV),292,215,3.6,172,468,291,Euro 6-WLTP (for BEVs only),False,WLTP,0,0,0,0,0,0,0,0,0,0,0,0,0,0,0,,349,561,,,,,,,,68.0,12 September 2025,
MERCEDES-BENZ,EQB Model Year 2026,EQB 350 4MATIC,N/A,Electric - Not Applicable,0,Electricity,Battery Electric Vehicle (BEV) / Pure Electric Vehicle / Electric Vehicle (EV),292,215,3.3,191,425,264,Euro 6-WLTP (for BEVs only),False,WLTP,0,0,0,0,0,0,0,0,0,0,0,0,0,0,0,,318,511,,,,,,,,68.0,12 September 2025,
MERCEDES-BENZ,EQE Model Year 2026,AMG EQE 53 4MATIC+,N/A,Electric - Not Applicable,0,Electricity,Battery Electric Vehicle (BEV) / Pure Electric Vehicle / Electric Vehicle (EV),625,460,3,207,502,312,Euro 6-WLTP (for BEVs only),False,WLTP,0,0,0,0,0,0,0,0,0,0,0,0,0,0,0,,338,544,,,,,,,,69.0,12 September 2025,
MERCEDES-BENZ,EQE Model Year 2026,AMG EQE 53 4MATIC+,N/A,Electric - Not Applicable,0,Electricity,Battery Electric Vehicle (BEV) / Pure Electric Vehicle / Electric Vehicle (EV),625,460,2.6,241,436,271,Euro 6-WLTP (for BEVs only),False,WLTP,0,0,0,0,0,0,0,0,0,0,0,0,0,0,0,,295,475,,,,,,,,69.0,12 September 2025,
MERCEDES-BENZ,EQE Model Year 2026,EQE 300,N/A,Electric - Not Applicable,0,Electricity,Battery Electric Vehicle (BEV) / Pure Electric Vehicle / Electric Vehicle (EV),265,195,3.9,158,666,414,Euro 6-WLTP (for BEVs only),False,WLTP,0,0,0,0,0,0,0,0,0,0,0,0,0,0,0,,476,766,,,,,,,,68.0,12 September 2025,
MERCEDES-BENZ,EQE Model Year 2026,EQE 300,N/A,Electric - Not Applicable,0,Electricity,Battery Electric Vehicle (BEV) / Pure Electric Vehicle / Electric Vehicle (EV),265,195,3.2,192,552,343,Euro 6-WLTP (for BEVs only),False,WLTP,0,0,0,0,0,0,0,0,0,0,0,0,0,0,0,,398,640,,,,,,,,68.0,12 September 2025,
MERCEDES-BENZ,EQE Model Year 2026,EQE 350+,N/A,Electric - Not Applicable,0,Electricity,Battery Electric Vehicle (BEV) / Pure Electric Vehicle / Electric Vehicle (EV),320,235,3.9,160,693,431,Euro 6-WLTP (for BEVs only),False,WLTP,0,0,0,0,0,0,0,0,0,0,0,0,0,0,0,,484,779,,,,,,,,68.0,12 September 2025,
MERCEDES-BENZ,EQE Model Year 2026,EQE 350+,N/A,Electric - Not Applicable,0,Electricity,Battery Electric Vehicle (BEV) / Pure Electric Vehicle / Electric Vehicle (EV),320,235,3.2,194,577,359,Euro 6-WLTP (for BEVs only),False,WLTP,0,0,0,0,0,0,0,0,0,0,0,0,0,0,0,,408,656,,,,,,,,68.0,12 September 2025,
MERCEDES-BENZ,EQE Model Year 2026,EQE 500 4MATIC,N/A,Electric - Not Applicable,0,Electricity,Battery Electric Vehicle (BEV) / Pure Electric Vehicle / Electric Vehicle (EV),449,330,3.7,168,624,388,Euro 6-WLTP (for BEVs only),False,WLTP,0,0,0,0,0,0,0,0,0,0,0,0,0,0,0,,432,696,,,,,,,,67.0,12 September 2025,
MERCEDES-BENZ,EQE Model Year 2026,EQE 500 4MATIC,N/A,Electric - Not Applicable,0,Electricity,Battery Electric Vehicle (BEV) / Pure Electric Vehicle / Electric Vehicle (EV),449,330,3,205,514,319,Euro 6-WLTP (for BEVs only),False,WLTP,0,0,0,0,0,0,0,0,0,0,0,0,0,0,0,,359,577,,,,,,,,67.0,12 September 2025,
MERCEDES-BENZ,EQE SUV Model Year 2026,AMG EQE 53 4MATIC+,N/A,Electric - Not Applicable,0,Electricity,Battery Electric Vehicle (BEV) / Pure Electric Vehicle / Electric Vehicle (EV),625,460,2.7,230,455,283,Euro 6-WLTP (for BEVs only),False,WLTP,0,0,0,0,0,0,0,0,0,0,0,0,0,0,0,,310,499,,,,,,,,69.0,12 September 2025,
MERCEDES-BENZ,EQE SUV Model Year 2026,AMG EQE 53 4MATIC+,N/A,Electric - Not Applicable,0,Electricity,Battery Electric Vehicle (BEV) / Pure Electric Vehicle / Electric Vehicle (EV),625,460,2.5,254,410,255,Euro 6-WLTP (for BEVs only),False,WLTP,0,0,0,0,0,0,0,0,0,0,0,0,0,0,0,,275,442,,,,,,,,69.0,12 September 2025,
MERCEDES-BENZ,EQE SUV Model Year 2026,EQE 350 4MATIC,N/A,Electric - Not Applicable,0,Electricity,Battery Electric Vehicle (BEV) / Pure Electric Vehicle / Electric Vehicle (EV),320,235,3.4,185,568,353,Euro 6-WLTP (for BEVs only),False,WLTP,0,0,0,0,0,0,0,0,0,0,0,0,0,0,0,,418,672,,,,,,,,67.0,12 September 2025,
MERCEDES-BENZ,EQE SUV Model Year 2026,EQE 350 4MATIC,N/A,Electric - Not Applicable,0,Electricity,Battery Electric Vehicle (BEV) / Pure Electric Vehicle / Electric Vehicle (EV),320,235,2.8,225,470,292,Euro 6-WLTP (for BEVs only),False,WLTP,0,0,0,0,0,0,0,0,0,0,0,0,0,0,0,,344,553,,,,,,,,67.0,12 September 2025,
MERCEDES-BENZ,EQE SUV Model Year 2026,EQE 350+,N/A,Electric - Not Applicable,0,Electricity,Battery Electric Vehicle (BEV) / Pure Electric Vehicle / Electric Vehicle (EV),320,235,3.5,179,625,388,Euro 6-WLTP (for BEVs only),False,WLTP,0,0,0,0,0,0,0,0,0,0,0,0,0,0,0,,473,761,,,,,,,,68.0,12 September 2025,
MERCEDES-BENZ,EQE SUV Model Year 2026,EQE 350+,N/A,Electric - Not Applicable,0,Electricity,Battery Electric Vehicle (BEV) / Pure Electric Vehicle / Electric Vehicle (EV),320,235,2.9,214,526,327,Euro 6-WLTP (for BEVs only),False,WLTP,0,0,0,0,0,0,0,0,0,0,0,0,0,0,0,,396,637,,,,,,,,68.0,12 September 2025,
MERCEDES-BENZ,EQE SUV Model Year 2026,EQE 500 4MATIC,N/A,Electric - Not Applicable,0,Electricity,Battery Electric Vehicle (BEV) / Pure Electric Vehicle / Electric Vehicle (EV),449,330,3.4,185,607,377,Euro 6-WLTP (for BEVs only),False,WLTP,0,0,0,0,0,0,0,0,0,0,0,0,0,0,0,,447,719,,,,,,,,67.0,12 September 2025,
MERCEDES-BENZ,EQE SUV Model Year 2026,EQE 500 4MATIC,N/A,Electric - Not Applicable,0,Electricity,Battery Electric Vehicle (BEV) / Pure Electric Vehicle / Electric Vehicle (EV),449,330,2.8,222,508,316,Euro 6-WLTP (for BEVs only),False,WLTP,0,0,0,0,0,0,0,0,0,0,0,0,0,0,0,,373,601,,,,,,,,67.0,12 September 2025,
MERCEDES-BENZ,EQS Model Year 2026,EQS 350,N/A,Electric - Not Applicable,0,Electricity,Battery Electric Vehicle (BEV) / Pure Electric Vehicle / Electric Vehicle (EV),292,215,3.9,161,698,434,Euro 6-WLTP (for BEVs only),False,WLTP,0,0,0,0,0,0,0,0,0,0,0,0,0,0,0,,478,770,,,,,,,,67.0,12 September 2025,
MERCEDES-BENZ,EQS Model Year 2026,EQS 350,N/A,Electric - Not Applicable,0,Electricity,Battery Electric Vehicle (BEV) / Pure Electric Vehicle / Electric Vehicle (EV),292,215,3.2,193,585,364,Euro 6-WLTP (for BEVs only),False,WLTP,0,0,0,0,0,0,0,0,0,0,0,0,0,0,0,,404,650,,,,,,,,67.0,12 September 2025,
MERCEDES-BENZ,EQS Model Year 2026,EQS 450 4MATIC,N/A,Electric - Not Applicable,0,Electricity,Battery Electric Vehicle (BEV) / Pure Electric Vehicle / Electric Vehicle (EV),360,265,3.7,170,798,496,Euro 6-WLTP (for BEVs only),False,WLTP,0,0,0,0,0,0,0,0,0,0,0,0,0,0,0,,520,837,,,,,,,,67.0,12 September 2025,
MERCEDES-BENZ,EQS Model Year 2026,EQS 450 4MATIC,N/A,Electric - Not Applicable,0,Electricity,Battery Electric Vehicle (BEV) / Pure Electric Vehicle / Electric Vehicle (EV),360,265,3,208,659,409,Euro 6-WLTP (for BEVs only),False,WLTP,0,0,0,0,0,0,0,0,0,0,0,0,0,0,0,,437,704,,,,,,,,67.0,12 September 2025,
MERCEDES-BENZ,EQS Model Year 2026,EQS 450+,N/A,Electric - Not Applicable,0,Electricity,Battery Electric Vehicle (BEV) / Pure Electric Vehicle / Electric Vehicle (EV),360,265,3.8,164,820,510,Euro 6-WLTP (for BEVs only),False,WLTP,0,0,0,0,0,0,0,0,0,0,0,0,0,0,0,,557,896,,,,,,,,67.0,12 September 2025,
MERCEDES-BENZ,EQS Model Year 2026,EQS 450+,N/A,Electric - Not Applicable,0,Electricity,Battery Electric Vehicle (BEV) / Pure Electric Vehicle / Electric Vehicle (EV),360,265,3.1,198,688,428,Euro 6-WLTP (for BEVs only),False,WLTP,0,0,0,0,0,0,0,0,0,0,0,0,0,0,0,,471,758,,,,,,,,67.0,12 September 2025,
MERCEDES-BENZ,EQS SUV Model Year 2026,EQS 450 4MATIC,N/A,Electric - Not Applicable,0,Electricity,Battery Electric Vehicle (BEV) / Pure Electric Vehicle / Electric Vehicle (EV),360,265,3.1,204,662,411,Euro 6-WLTP (for BEVs only),False,WLTP,0,0,0,0,0,0,0,0,0,0,0,0,0,0,0,,472,760,,,,,,,,67.0,12 September 2025,
MERCEDES-BENZ,EQS SUV Model Year 2026,EQS 450 4MATIC,N/A,Electric - Not Applicable,0,Electricity,Battery Electric Vehicle (BEV) / Pure Electric Vehicle / Electric Vehicle (EV),360,265,2.7,229,591,367,Euro 6-WLTP (for BEVs only),False,WLTP,0,0,0,0,0,0,0,0,0,0,0,0,0,0,0,,425,684,,,,,,,,67.0,12 September 2025,
MERCEDES-BENZ,EQS SUV Model Year 2026,EQS 580 4MATIC,N/A,Electric - Not Applicable,0,Electricity,Battery Electric Vehicle (BEV) / Pure Electric Vehicle / Electric Vehicle (EV),544,400,3.1,204,662,411,Euro 6-WLTP (for BEVs only),False,WLTP,0,0,0,0,0,0,0,0,0,0,0,0,0,0,0,,472,760,,,,,,,,66.0,12 September 2025,
MERCEDES-BENZ,EQS SUV Model Year 2026,EQS 580 4MATIC,N/A,Electric - Not Applicable,0,Electricity,Battery Electric Vehicle (BEV) / Pure Electric Vehicle / Electric Vehicle (EV),544,400,2.7,229,591,367,Euro 6-WLTP (for BEVs only),False,WLTP,0,0,0,0,0,0,0,0,0,0,0,0,0,0,0,,425,684,,,,,,,,66.0,12 September 2025,
MERCEDES-BENZ,EQS SUV Model Year 2026,Maybach EQS 680,N/A,Electric - Not Applicable,0,Electricity,Battery Electric Vehicle (BEV) / Pure Electric Vehicle / Electric Vehicle (EV),658,484,2.9,218,618,384,Euro 6-WLTP (for BEVs only),False,WLTP,0,0,0,0,0,0,0,0,0,0,0,0,0,0,0,,429,690,,,,,,,,66.0,12 September 2025,
MERCEDES-BENZ,EQS SUV Model Year 2026,Maybach EQS 680,N/A,Electric - Not Applicable,0,Electricity,Battery Electric Vehicle (BEV) / Pure Electric Vehicle / Electric Vehicle (EV),658,484,2.6,237,569,354,Euro 6-WLTP (for BEVs only),False,WLTP,0,0,0,0,0,0,0,0,0,0,0,0,0,0,0,,398,641,,,,,,,,66.0,12 September 2025,
MERCEDES-BENZ,G-Class Model Year 2026,AMG G 63,A9,Automatic,3982,Petrol,Internal Combustion Engine (ICE),585,585,,,,,Euro 6 EB,False,WLTP,12.4,20.6,23,19.6,19.2,0,22.7,13.7,12.3,14.4,14.7,0,335,0,,,,,242,21,17,,0.04,,,74.0,12 September 2025,
MERCEDES-BENZ,G-Class Model Year 2026,AMG G 63,A9,Automatic,3982,Petrol,Internal Combustion Engine (ICE),585,585,,,,,Euro 6 EB,False,WLTP,12.3,19.6,21.2,17.9,18,0,23,14.4,13.3,15.8,15.7,0,358,0,,,,,242,21,17,,0.04,,,74.0,12 September 2025,
MERCEDES-BENZ,G-Class Model Year 2026,G 450 d,A9,Automatic,2989,Diesel,Internal Combustion Engine (ICE),367,367,,,,,Euro 6 EB,False,WLTP,25,35.3,40.4,29.7,32.5,0,11.3,8,7,9.5,8.7,0,227,0,,,,,159,,11,35,1.34,,,71.0,12 September 2025,
MERCEDES-BENZ,G-Class Model Year 2026,G 450 d,A9,Automatic,2989,Diesel,Internal Combustion Engine (ICE),367,367,,,,,Euro 6 EB,False,WLTP,23,32.5,34.5,25,28.5,0,12.3,8.7,8.2,11.3,9.9,0,261,0,,,,,159,,11,35,1.34,,,71.0,12 September 2025,
MERCEDES-BENZ,G-Class Model Year 2026,G 500,A9,Automatic,2999,Petrol,Internal Combustion Engine (ICE),449,449,,,,,Euro 6 EB,False,WLTP,19,28.5,30.7,24.4,25.7,0,14.9,9.9,9.2,11.6,11,0,249,0,,,,,270,15,15,,0.10,,,71.0,12 September 2025,
MERCEDES-BENZ,G-Class Model Year 2026,G 500,A9,Automatic,2999,Petrol,Internal Combustion Engine (ICE),449,449,,,,,Euro 6 EB,False,WLTP,18.5,26.2,27.2,20.5,22.8,0,15.3,10.8,10.4,13.8,12.4,0,281,0,,,,,270,15,15,,0.10,,,71.0,12 September 2025,
MERCEDES-BENZ,G-Class Model Year 2026,G 580,N/A,Electric - Not Applicable,0,Electricity,Battery Electric Vehicle (BEV) / Pure Electric Vehicle / Electric Vehicle (EV),587,432,2.2,277,473,294,Euro 6-WLTP (for BEVs only),False,WLTP,0,0,0,0,0,0,0,0,0,0,0,0,0,0,0,,410,660,,,,,,,,68.0,12 September 2025,
MERCEDES-BENZ,G-Class Model Year 2026,G 580,N/A,Electric - Not Applicable,0,Electricity,Battery Electric Vehicle (BEV) / Pure Electric Vehicle / Electric Vehicle (EV),587,432,2.1,303,434,270,Euro 6-WLTP (for BEVs only),False,WLTP,0,0,0,0,0,0,0,0,0,0,0,0,0,0,0,,373,601,,,,,,,,68.0,12 September 2025,
MERCEDES-BENZ,GLA Model Year 2026,AMG GLA 35 4MATIC,A8,Automatic,1991,Petrol Electric,Mild Hybrid Electric Vehicle (MHEV),306,225,,,,,Euro 6 EB,False,WLTP,20.6,32.1,38.2,34.5,32.1,0,13.7,8.8,7.4,8.2,8.8,0,200,0,,,,,152,8,13,,0.07,,,70.0,12 September 2025,
MERCEDES-BENZ,GLA Model Year 2026,AMG GLA 35 4MATIC,A8,Automatic,1991,Petrol Electric,Mild Hybrid Electric Vehicle (MHEV),306,225,,,,,Euro 6 EB,False,WLTP,20.6,31,36.2,32.1,30.7,0,13.7,9.1,7.8,8.8,9.2,0,209,0,,,,,152,8,13,,0.07,,,70.0,12 September 2025,
MERCEDES-BENZ,GLA Model Year 2026,AMG GLA 45 S 4MATIC+,A8,Automatic,1991,Petrol,Internal Combustion Engine (ICE),421,310,,,,,Euro 6 EB,False,WLTP,19.9,29.7,35.3,31.7,29.7,0,14.2,9.5,8,8.9,9.5,0,215,0,,,,,300,14,29,,0.12,,,70.0,12 September 2025,
MERCEDES-BENZ,GLA Model Year 2026,AMG GLA 45 S 4MATIC+,A8,Automatic,1991,Petrol,Internal Combustion Engine (ICE),421,310,,,,,Euro 6 EB,False,WLTP,19.2,27.7,32.8,29.7,28.3,0,14.7,10.2,8.6,9.5,10,0,227,0,,,,,300,14,29,,0.12,,,70.0,12 September 2025,
MERCEDES-BENZ,GLA Model Year 2026,GLA 180,A7,Automatic,1332,Petrol Electric,Mild Hybrid Electric Vehicle (MHEV),136,100,,,,,Euro 6 EB,False,WLTP,30.4,46.3,52.3,43.5,43.5,0,9.3,6.1,5.4,6.5,6.5,0,146,0,,,,,236,27,20,,0.13,,,68.0,12 September 2025,
MERCEDES-BENZ,GLA Model Year 2026,GLA 180,A7,Automatic,1332,Petrol Electric,Mild Hybrid Electric Vehicle (MHEV),136,100,,,,,Euro 6 EB,False,WLTP,28.8,42.2,46.3,38.7,39.2,0,9.8,6.7,6.1,7.3,7.2,0,162,0,,,,,236,27,20,,0.13,,,68.0,12 September 2025,
MERCEDES-BENZ,GLA Model Year 2026,GLA 200,A7,Automatic,1332,Petrol Electric,Mild Hybrid Electric Vehicle (MHEV),163,120,,,,,Euro 6 EB,False,WLTP,30.4,47.1,52.3,43.5,44.1,0,9.3,6,5.4,6.5,6.4,0,146,0,,,,,223,23,20,,0.16,,,68.0,12 September 2025,
MERCEDES-BENZ,GLA Model Year 2026,GLA 200,A7,Automatic,1332,Petrol Electric,Mild Hybrid Electric Vehicle (MHEV),163,120,,,,,Euro 6 EB,False,WLTP,28.8,42.8,47.1,38.7,39.8,0,9.8,6.6,6,7.3,7.1,0,161,0,,,,,223,23,20,,0.16,,,68.0,12 September 2025,
MERCEDES-BENZ,GLA Model Year 2026,GLA 200 d,A8,Automatic,1950,Diesel,Internal Combustion Engine (ICE),150,110,,,,,Euro 6 EB,False,WLTP,42.2,52.3,61.4,52.3,53.3,0,6.7,5.4,4.6,5.4,5.3,0,140,0,,,,,52,,17,24,1.08,,,69.0,12 September 2025,
MERCEDES-BENZ,GLA Model Year 2026,GLA 200 d,A8,Automatic,1950,Diesel,Internal Combustion Engine (ICE),150,110,,,,,Euro 6 EB,False,WLTP,39.8,48.7,55.4,47.1,48.7,0,7.1,5.8,5.1,6,5.8,0,153,0,,,,,52,,17,24,1.08,,,69.0,12 September 2025,
MERCEDES-BENZ,GLA Model Year 2026,GLA 220 d 4MATIC,A8,Automatic,1950,Diesel,Internal Combustion Engine (ICE),190,140,,,,,Euro 6 EB,False,WLTP,38.7,49.6,58.9,50.4,50.4,0,7.3,5.7,4.8,5.6,5.6,0,148,0,,,,,56,,18,23,0.92,,,69.0,12 September 2025,
MERCEDES-BENZ,GLA Model Year 2026,GLA 220 d 4MATIC,A8,Automatic,1950,Diesel,Internal Combustion Engine (ICE),190,140,,,,,Euro 6 EB,False,WLTP,36.2,45.6,52.3,44.1,45.6,0,7.8,6.2,5.4,6.4,6.2,0,163,0,,,,,56,,18,23,0.92,,,69.0,12 September 2025,
MERCEDES-BENZ,GLA Model Year 2026,GLA 250 e,A8,Automatic,1332,Electricity / Petrol,Plug-in Hybrid Electric Vehicle (PHEV),218,160,3.2,192,74,,Euro 6 EA,False,WLTP,0,0,0,0,0,282.5,0,0,0,0,0,1,0,22,47,75,,80,215,9,4,,0.06,,,67.0,12 September 2025,
MERCEDES-BENZ,GLA Model Year 2026,GLA 250 e,A8,Automatic,1332,Electricity / Petrol,Plug-in Hybrid Electric Vehicle (PHEV),218,160,2.9,214,65,,Euro 6 EA,False,WLTP,0,0,0,0,0,235.4,0,0,0,0,0,1.2,0,28,41,66,,72,215,9,4,,0.06,,,67.0,12 September 2025,
MERCEDES-BENZ,GLB Model Year 2026,AMG GLB 35 4MATIC,A8,Automatic,1991,Petrol Electric,Mild Hybrid Electric Vehicle (MHEV),306,225,,,,,Euro 6 EB,False,WLTP,20.6,31.7,37.7,33.6,31.7,0,13.7,8.9,7.5,8.4,8.9,0,203,0,,,,,152,8,13,,0.07,,,70.0,12 September 2025,
MERCEDES-BENZ,GLB Model Year 2026,AMG GLB 35 4MATIC,A8,Automatic,1991,Petrol Electric,Mild Hybrid Electric Vehicle (MHEV),306,225,,,,,Euro 6 EB,False,WLTP,20.5,30.4,35.8,31.4,30.1,0,13.8,9.3,7.9,9,9.4,0,213,0,,,,,152,8,13,,0.07,,,70.0,12 September 2025,
MERCEDES-BENZ,GLB Model Year 2026,GLB 200,A7,Automatic,1332,Petrol Electric,Mild Hybrid Electric Vehicle (MHEV),163,120,,,,,Euro 6 EB,False,WLTP,30.1,45.6,50.4,41.5,42.2,0,9.4,6.2,5.6,6.8,6.7,0,151,0,,,,,223,23,20,,0.16,,,68.0,12 September 2025,
MERCEDES-BENZ,GLB Model Year 2026,GLB 200,A7,Automatic,1332,Petrol Electric,Mild Hybrid Electric Vehicle (MHEV),163,120,,,,,Euro 6 EB,False,WLTP,28.3,40.9,44.8,36.7,38.2,0,10,6.9,6.3,7.7,7.4,0,168,0,,,,,223,23,20,,0.16,,,68.0,12 September 2025,
MERCEDES-BENZ,GLB Model Year 2026,GLB 200 d,A8,Automatic,1950,Diesel,Internal Combustion Engine (ICE),150,110,,,,,Euro 6 EB,False,WLTP,41.5,50.4,60.1,49.6,51.4,0,6.8,5.6,4.7,5.7,5.5,0,145,0,,,,,52,,17,24,1.08,,,69.0,12 September 2025,
MERCEDES-BENZ,GLB Model Year 2026,GLB 200 d,A8,Automatic,1950,Diesel,Internal Combustion Engine (ICE),150,110,,,,,Euro 6 EB,False,WLTP,38.7,46.3,53.3,44.8,46.3,0,7.3,6.1,5.3,6.3,6.1,0,160,0,,,,,52,,17,24,1.08,,,69.0,12 September 2025,
MERCEDES-BENZ,GLB Model Year 2026,GLB 220 d 4MATIC,A8,Automatic,1950,Diesel,Internal Combustion Engine (ICE),190,140,,,,,Euro 6 EB,False,WLTP,38.2,47.9,56.5,47.9,48.7,0,7.4,5.9,5,5.9,5.8,0,152,0,,,,,56,,18,23,0.92,,,69.0,12 September 2025,
MERCEDES-BENZ,GLB Model Year 2026,GLB 220 d 4MATIC,A8,Automatic,1950,Diesel,Internal Combustion Engine (ICE),190,140,,,,,Euro 6 EB,False,WLTP,35.3,44.1,50.4,42.2,43.5,0,8,6.4,5.6,6.7,6.5,0,170,0,,,,,56,,18,23,0.92,,,69.0,12 September 2025,
MERCEDES-BENZ,GLC Coupe Model Year 2026,AMG GLC 43 4MATIC,A9,Automatic,1991,Petrol Electric,Mild Hybrid Electric Vehicle (MHEV),421,310,,,,,Euro 6 EB,False,WLTP,19.2,28,34.5,32.8,29.4,0,14.7,10.1,8.2,8.6,9.6,0,218,0,,,,,77,8,14,,0.09,,,71.0,12 September 2025,
MERCEDES-BENZ,GLC Coupe Model Year 2026,AMG GLC 43 4MATIC,A9,Automatic,1991,Petrol Electric,Mild Hybrid Electric Vehicle (MHEV),421,310,,,,,Euro 6 EB,False,WLTP,18.5,26.4,32.1,29.7,27.4,0,15.3,10.7,8.8,9.5,10.3,0,235,0,,,,,77,8,14,,0.09,,,71.0,12 September 2025,
MERCEDES-BENZ,GLC Coupe Model Year 2026,AMG GLC 63 S E PERFORMANCE,A9,Automatic,1991,Electricity / Petrol,Plug-in Hybrid Electric Vehicle (PHEV),476,350,10.5,59,12,,Euro 6 EB,False,WLTP,0,0,0,0,0,29.1,0,0,0,0,0,9.7,0,221,7,12,,12,335,18,3,,0.01,,,71.0,12 September 2025,
MERCEDES-BENZ,GLC Coupe Model Year 2026,AMG GLC 63 S E PERFORMANCE,A9,Automatic,1991,Electricity / Petrol,Plug-in Hybrid Electric Vehicle (PHEV),476,350,10.5,59,12,,Euro 6 EB,False,WLTP,0,0,0,0,0,29.1,0,0,0,0,0,9.7,0,221,7,12,,12,335,18,3,,0.01,,,71.0,12 September 2025,
MERCEDES-BENZ,GLC Coupe Model Year 2026,GLC 300 4MATIC,A9,Automatic,1999,Petrol Electric,Mild Hybrid Electric Vehicle (MHEV),258,190,,,,,Euro 6 EB,False,WLTP,27.2,40.9,47.9,40.4,39.8,0,10.4,6.9,5.9,7,7.1,0,161,0,,,,,187,10,16,,0.01,,,66.0,12 September 2025,
MERCEDES-BENZ,GLC Coupe Model Year 2026,GLC 300 4MATIC,A9,Automatic,1999,Petrol Electric,Mild Hybrid Electric Vehicle (MHEV),258,190,,,,,Euro 6 EB,False,WLTP,25.2,37.2,42.8,35.3,35.8,0,11.2,7.6,6.6,8,7.9,0,180,0,,,,,187,10,16,,0.01,,,66.0,12 September 2025,
MERCEDES-BENZ,GLC Coupe Model Year 2026,GLC 300 d 4MATIC,A9,Automatic,1993,Diesel Electric,Mild Hybrid Electric Vehicle (MHEV),269,198,,,,,Euro 6 EB,False,WLTP,37.2,50.4,60.1,53.3,51.4,0,7.6,5.6,4.7,5.3,5.5,0,144,0,,,,,92,,13,21,0.27,,,67.0,12 September 2025,
MERCEDES-BENZ,GLC Coupe Model Year 2026,GLC 300 d 4MATIC,A9,Automatic,1993,Diesel Electric,Mild Hybrid Electric Vehicle (MHEV),269,198,,,,,Euro 6 EB,False,WLTP,34.5,47.1,54.3,47.1,46.3,0,8.2,6,5.2,6,6.1,0,159,0,,,,,92,,13,21,0.27,,,67.0,12 September 2025,
MERCEDES-BENZ,GLC Coupe Model Year 2026,GLC 300 de 4MATIC,A9,Automatic,1993,Electricity / Diesel,Plug-in Hybrid Electric Vehicle (PHEV),333,245,3.5,177,124,,Euro 6 EA,False,WLTP,0,0,0,0,0,176.6,0,0,0,0,0,1.6,0,41,77,124,,127,33,,11,14,0.11,,,67.0,12 September 2025,
MERCEDES-BENZ,GLC Coupe Model Year 2026,GLC 300 de 4MATIC,A9,Automatic,1993,Electricity / Diesel,Plug-in Hybrid Electric Vehicle (PHEV),333,245,3.3,191,111,,Euro 6 EA,False,WLTP,0,0,0,0,0,148.7,0,0,0,0,0,1.9,0,50,70,112,,117,33,,11,14,0.11,,,67.0,12 September 2025,
MERCEDES-BENZ,GLC Coupe Model Year 2026,GLC 300 e 4MATIC,A9,Automatic,1999,Electricity / Petrol,Plug-in Hybrid Electric Vehicle (PHEV),313,230,3.5,177,126,,Euro 6 EA,False,WLTP,0,0,0,0,0,141.3,0,0,0,0,0,2,0,46,80,129,,132,135,14,10,,0.06,,,67.0,12 September 2025,
MERCEDES-BENZ,GLC Coupe Model Year 2026,GLC 300 e 4MATIC,A9,Automatic,1999,Electricity / Petrol,Plug-in Hybrid Electric Vehicle (PHEV),313,230,3.3,190,112,,Euro 6 EA,False,WLTP,0,0,0,0,0,113,0,0,0,0,0,2.5,0,57,72,116,,120,135,14,10,,0.06,,,67.0,12 September 2025,
MERCEDES-BENZ,GLC Coupe Model Year 2026,GLC 220 d 4MATIC,A9,Automatic,1993,Diesel Electric,Mild Hybrid Electric Vehicle (MHEV),197,145,,,,,Euro 6 EB,False,WLTP,42.8,55.4,65.7,56.5,56.5,0,6.6,5.1,4.3,5,5,0,132,0,,,,,38,,11,17,0.02,,,68.0,12 September 2025,
MERCEDES-BENZ,GLC Coupe Model Year 2026,GLC 220 d 4MATIC,A9,Automatic,1993,Diesel Electric,Mild Hybrid Electric Vehicle (MHEV),197,145,,,,,Euro 6 EB,False,WLTP,38.2,49.6,57.7,48.7,49.6,0,7.4,5.7,4.9,5.8,5.7,0,150,0,,,,,38,,11,17,0.02,,,68.0,12 September 2025,
MERCEDES-BENZ,GLC SUV Model Year 2026,AMG GLC 43 4MATIC,A9,Automatic,1991,Petrol Electric,Mild Hybrid Electric Vehicle (MHEV),421,310,,,,,Euro 6 EB,False,WLTP,19.2,28,33.6,30.7,28.5,0,14.7,10.1,8.4,9.2,9.9,0,225,0,,,,,77,8,14,,0.09,,,71.0,12 September 2025,
MERCEDES-BENZ,GLC SUV Model Year 2026,AMG GLC 43 4MATIC,A9,Automatic,1991,Petrol Electric,Mild Hybrid Electric Vehicle (MHEV),421,310,,,,,Euro 6 EB,False,WLTP,18.3,26.2,31.7,28.5,26.9,0,15.4,10.8,8.9,9.9,10.5,0,239,0,,,,,77,8,14,,0.09,,,71.0,12 September 2025,
MERCEDES-BENZ,GLC SUV Model Year 2026,AMG GLC 63 S E PERFORMANCE,A9,Automatic,1991,Electricity / Petrol,Plug-in Hybrid Electric Vehicle (PHEV),680,500,10.5,59,12,,Euro 6 EB,False,WLTP,0,0,0,0,0,29.1,0,0,0,0,0,9.7,0,221,7,12,,12,335,18,3,,0.01,,,71.0,12 September 2025,
MERCEDES-BENZ,GLC SUV Model Year 2026,AMG GLC 63 S E PERFORMANCE,A9,Automatic,1991,Electricity / Petrol,Plug-in Hybrid Electric Vehicle (PHEV),680,500,10.5,59,12,,Euro 6 EB,False,WLTP,0,0,0,0,0,29.1,0,0,0,0,0,9.7,0,221,7,12,,12,335,18,3,,0.01,,,71.0,12 September 2025,
MERCEDES-BENZ,GLC SUV Model Year 2026,GLC 300 4MATIC,A9,Automatic,1999,Petrol Electric,Mild Hybrid Electric Vehicle (MHEV),258,190,,,,,Euro 6 EB,False,WLTP,27.2,40.9,47.1,39.2,39.2,0,10.4,6.9,6,7.2,7.2,0,163,0,,,,,187,10,16,,0.01,,,66.0,12 September 2025,
MERCEDES-BENZ,GLC SUV Model Year 2026,GLC 300 4MATIC,A9,Automatic,1999,Petrol Electric,Mild Hybrid Electric Vehicle (MHEV),258,190,,,,,Euro 6 EB,False,WLTP,25.5,37.2,42.8,34.5,35.3,0,11.1,7.6,6.6,8.2,8,0,181,0,,,,,187,10,16,,0.01,,,66.0,12 September 2025,
MERCEDES-BENZ,GLC SUV Model Year 2026,GLC 300 d 4MATIC,A9,Automatic,1993,Diesel Electric,Mild Hybrid Electric Vehicle (MHEV),269,198,,,,,Euro 6 EB,False,WLTP,37.2,50.4,60.1,52.3,51.4,0,7.6,5.6,4.7,5.4,5.5,0,145,0,,,,,92,,13,21,0.27,,,67.0,12 September 2025,
MERCEDES-BENZ,GLC SUV Model Year 2026,GLC 300 d 4MATIC,A9,Automatic,1993,Diesel Electric,Mild Hybrid Electric Vehicle (MHEV),269,198,,,,,Euro 6 EB,False,WLTP,34.5,47.1,53.3,44.8,45.6,0,8.2,6,5.3,6.3,6.2,0,162,0,,,,,92,,13,21,0.27,,,67.0,12 September 2025,
MERCEDES-BENZ,GLC SUV Model Year 2026,GLC 300 de 4MATIC,A9,Automatic,1993,Electricity / Diesel,Plug-in Hybrid Electric Vehicle (PHEV),333,245,3.5,178,123,,Euro 6 EA,False,WLTP,0,0,0,0,0,176.6,0,0,0,0,0,1.6,0,41,76,123,,127,33,,11,14,0.11,,,67.0,12 September 2025,
MERCEDES-BENZ,GLC SUV Model Year 2026,GLC 300 de 4MATIC,A9,Automatic,1993,Electricity / Diesel,Plug-in Hybrid Electric Vehicle (PHEV),333,245,3.3,191,110,,Euro 6 EA,False,WLTP,0,0,0,0,0,148.7,0,0,0,0,0,1.9,0,51,70,112,,117,33,,11,14,0.11,,,67.0,12 September 2025,
MERCEDES-BENZ,GLC SUV Model Year 2026,GLC 300 e 4MATIC,A9,Automatic,1999,Electricity / Petrol,Plug-in Hybrid Electric Vehicle (PHEV),313,230,3.5,178,125,,Euro 6 EA,False,WLTP,0,0,0,0,0,134.5,0,0,0,0,0,2.1,0,47,80,128,,133,135,14,10,,0.06,,,67.0,12 September 2025,
MERCEDES-BENZ,GLC SUV Model Year 2026,GLC 300 e 4MATIC,A9,Automatic,1999,Electricity / Petrol,Plug-in Hybrid Electric Vehicle (PHEV),313,230,3.3,190,112,,Euro 6 EA,False,WLTP,0,0,0,0,0,113,0,0,0,0,0,2.5,0,57,72,116,,120,135,14,10,,0.06,,,67.0,12 September 2025,
MERCEDES-BENZ,GLC SUV Model Year 2026,GLC 220 d 4MATIC,A9,Automatic,1993,Diesel Electric,Mild Hybrid Electric Vehicle (MHEV),197,145,,,,,Euro 6 EB,False,WLTP,43.5,55.4,64.2,54.3,55.4,0,6.5,5.1,4.4,5.2,5.1,0,134,0,,,,,38,,11,17,0.02,,,68.0,12 September 2025,
MERCEDES-BENZ,GLC SUV Model Year 2026,GLC 220 d 4MATIC,A9,Automatic,1993,Diesel Electric,Mild Hybrid Electric Vehicle (MHEV),197,145,,,,,Euro 6 EB,False,WLTP,38.7,49.6,56.5,45.6,48.7,0,7.3,5.7,5,6.2,5.8,0,154,0,,,,,38,,11,17,0.02,,,68.0,12 September 2025,
MERCEDES-BENZ,GLE Coupe Model Year 2026,AMG GLE 53 4MATIC+,A9,Automatic,2999,Petrol Electric,Mild Hybrid Electric Vehicle (MHEV),435,320,,,,,Euro 6 EB,False,WLTP,18.8,28.5,33.2,29.1,28,0,15,9.9,8.5,9.7,10.1,0,229,0,,,,,238,19,14,,0.01,,,71.0,12 September 2025,
MERCEDES-BENZ,GLE Coupe Model Year 2026,AMG GLE 53 4MATIC+,A9,Automatic,2999,Petrol Electric,Mild Hybrid Electric Vehicle (MHEV),435,320,,,,,Euro 6 EB,False,WLTP,18.3,27.2,31.4,27.7,26.7,0,15.4,10.4,9,10.2,10.6,0,241,0,,,,,238,19,14,,0.01,,,71.0,12 September 2025,
MERCEDES-BENZ,GLE Coupe Model Year 2026,AMG GLE 53 HYBRID 4MATIC+,A9,Automatic,2999,Electricity / Petrol,Plug-in Hybrid Electric Vehicle (PHEV),449,330,2.9,213,90,,Euro 6 EB,False,WLTP,0,0,0,0,0,76.4,0,0,0,0,0,3.7,0,84,58,93,,97,108,8,6,,0.06,,,70.0,12 September 2025,
MERCEDES-BENZ,GLE Coupe Model Year 2026,AMG GLE 53 HYBRID 4MATIC+,A9,Automatic,2999,Electricity / Petrol,Plug-in Hybrid Electric Vehicle (PHEV),449,330,2.9,215,86,,Euro 6 EB,False,WLTP,0,0,0,0,0,68.9,0,0,0,0,0,4.1,0,92,55,89,,93,108,8,6,,0.06,,,70.0,12 September 2025,
MERCEDES-BENZ,GLE Coupe Model Year 2026,AMG GLE 63 S 4MATIC+,A9,Automatic,3982,Petrol Electric,Mild Hybrid Electric Vehicle (MHEV),612,450,,,,,Euro 6 EB,False,WLTP,14.5,22.6,26.7,25,22.8,0,19.5,12.5,10.6,11.3,12.4,0,281,0,,,,,426,24,20,,0.21,,,68.0,12 September 2025,
MERCEDES-BENZ,GLE Coupe Model Year 2026,AMG GLE 63 S 4MATIC+,A9,Automatic,3982,Petrol Electric,Mild Hybrid Electric Vehicle (MHEV),612,450,,,,,Euro 6 EB,False,WLTP,14.5,22.1,25.9,24.6,22.2,0,19.5,12.8,10.9,11.5,12.7,0,288,0,,,,,426,24,20,,0.21,,,68.0,12 September 2025,
MERCEDES-BENZ,GLE Coupe Model Year 2026,GLE 300 d 4MATIC,A9,Automatic,1993,Petrol Electric,Mild Hybrid Electric Vehicle (MHEV),269,198,,,,,Euro 6 EB,False,WLTP,31.7,43.5,50.4,42.2,42.8,0,8.9,6.5,5.6,6.7,6.6,0,173,0,,,,,86,,9,17,0.14,,,69.0,12 September 2025,
MERCEDES-BENZ,GLE Coupe Model Year 2026,GLE 300 d 4MATIC,A9,Automatic,1993,Petrol Electric,Mild Hybrid Electric Vehicle (MHEV),269,198,,,,,Euro 6 EB,False,WLTP,30.1,38.2,43.5,35.8,37.2,0,9.4,7.4,6.5,7.9,7.6,0,198,0,,,,,86,,9,17,0.14,,,69.0,12 September 2025,
MERCEDES-BENZ,GLE Coupe Model Year 2026,GLE 350 de 4MATIC,A9,Automatic,1993,Electricity / Diesel,Plug-in Hybrid Electric Vehicle (PHEV),333,245,3.3,189,112,,Euro 6 EB,False,WLTP,0,0,0,0,0,141.3,0,0,0,0,0,2,0,52,72,116,,124,40,,11,14,0.14,,,69.0,12 September 2025,
MERCEDES-BENZ,GLE Coupe Model Year 2026,GLE 350 de 4MATIC,A9,Automatic,1993,Electricity / Diesel,Plug-in Hybrid Electric Vehicle (PHEV),333,245,3,207,94,,Euro 6 EB,False,WLTP,0,0,0,0,0,104.6,0,0,0,0,0,2.7,0,70,61,98,,106,40,,11,14,0.14,,,69.0,12 September 2025,
MERCEDES-BENZ,GLE Coupe Model Year 2026,GLE 400 e 4MATIC,A9,Automatic,1999,Electricity / Petrol,Plug-in Hybrid Electric Vehicle (PHEV),381,280,3.3,188,113,,Euro 6 EB,False,WLTP,0,0,0,0,0,104.6,0,0,0,0,0,2.7,0,62,72,116,,124,190,8,9,,0.08,,,69.0,12 September 2025,
MERCEDES-BENZ,GLE Coupe Model Year 2026,GLE 400 e 4MATIC,A9,Automatic,1999,Electricity / Petrol,Plug-in Hybrid Electric Vehicle (PHEV),381,280,3,207,94,,Euro 6 EB,False,WLTP,0,0,0,0,0,78.5,0,0,0,0,0,3.6,0,82,62,99,,109,190,8,9,,0.08,,,69.0,12 September 2025,
MERCEDES-BENZ,GLE Coupe Model Year 2026,GLE 450 d 4MATIC,A9,Automatic,2989,Petrol Electric,Mild Hybrid Electric Vehicle (MHEV),367,270,,,,,Euro 6 EB,False,WLTP,25.5,37.7,48.7,40.9,38.7,0,11.1,7.5,5.8,6.9,7.3,0,190,0,,,,,92,,8,23,1.37,,,69.0,12 September 2025,
MERCEDES-BENZ,GLE Coupe Model Year 2026,GLE 450 d 4MATIC,A9,Automatic,2989,Petrol Electric,Mild Hybrid Electric Vehicle (MHEV),367,270,,,,,Euro 6 EB,False,WLTP,23.5,34.5,41.5,33.6,34,0,12,8.2,6.8,8.4,8.3,0,218,0,,,,,92,,8,23,1.37,,,69.0,12 September 2025,
MERCEDES-BENZ,GLE Estate Model Year 2026,AMG GLE 53 4MATIC+,A9,Automatic,2999,Petrol Electric,Mild Hybrid Electric Vehicle (MHEV),435,320,,,,,Euro 6 EB,False,WLTP,18.8,28.3,32.8,28.5,27.7,0,15,10,8.6,9.9,10.2,0,232,0,,,,,238,19,14,,0.01,,,71.0,12 September 2025,
MERCEDES-BENZ,GLE Estate Model Year 2026,AMG GLE 53 4MATIC+,A9,Automatic,2999,Petrol Electric,Mild Hybrid Electric Vehicle (MHEV),435,320,,,,,Euro 6 EB,False,WLTP,18,26.2,30.4,26.2,25.7,0,15.7,10.8,9.3,10.8,11,0,250,0,,,,,238,19,14,,0.01,,,71.0,12 September 2025,
MERCEDES-BENZ,GLE Estate Model Year 2026,AMG GLE 53 HYBRID 4MATIC+,A9,Automatic,2999,Electricity / Petrol,Plug-in Hybrid Electric Vehicle (PHEV),449,330,2.9,216,87,,Euro 6 EB,False,WLTP,0,0,0,0,0,72.4,0,0,0,0,0,3.9,0,89,56,90,,95,108,8,8,,0.06,,,70.0,12 September 2025,
MERCEDES-BENZ,GLE Estate Model Year 2026,AMG GLE 53 HYBRID 4MATIC+,A9,Automatic,2999,Electricity / Petrol,Plug-in Hybrid Electric Vehicle (PHEV),449,330,2.8,220,83,,Euro 6 EB,False,WLTP,0,0,0,0,0,64.2,0,0,0,0,0,4.4,0,100,53,85,,90,108,8,8,,0.06,,,70.0,12 September 2025,
MERCEDES-BENZ,GLE Estate Model Year 2026,AMG GLE 63 S 4MATIC+,A9,Automatic,3982,Petrol Electric,Mild Hybrid Electric Vehicle (MHEV),612,450,,,,,Euro 6 EB,False,WLTP,14.5,22.6,26.7,24.8,22.6,0,19.5,12.5,10.6,11.4,12.5,0,283,0,,,,,426,24,20,,0.21,,,68.0,12 September 2025,
MERCEDES-BENZ,GLE Estate Model Year 2026,AMG GLE 63 S 4MATIC+,A9,Automatic,3982,Petrol Electric,Mild Hybrid Electric Vehicle (MHEV),612,450,,,,,Euro 6 EB,False,WLTP,14.5,21.9,25.5,23.9,22.1,0,19.5,12.9,11.1,11.8,12.8,0,291,0,,,,,426,24,20,,0.21,,,68.0,12 September 2025,
MERCEDES-BENZ,GLE Estate Model Year 2026,GLE 300 d 4MATIC,A9,Automatic,1993,Diesel Electric,Mild Hybrid Electric Vehicle (MHEV),269,198,,,,,Euro 6 EB,False,WLTP,32.1,43.5,49.6,40.9,42.2,0,8.8,6.5,5.7,6.9,6.7,0,175,0,,,,,86,,9,17,0.14,,,69.0,12 September 2025,
MERCEDES-BENZ,GLE Estate Model Year 2026,GLE 300 d 4MATIC,A9,Automatic,1993,Diesel Electric,Mild Hybrid Electric Vehicle (MHEV),269,198,,,,,Euro 6 EB,False,WLTP,29.4,37.2,41.5,34.5,36.2,0,9.6,7.6,6.8,8.2,7.8,0,205,0,,,,,86,,9,17,0.14,,,69.0,12 September 2025,
MERCEDES-BENZ,GLE Estate Model Year 2026,GLE 350 de 4MATIC,A9,Automatic,1993,Electricity / Diesel,Plug-in Hybrid Electric Vehicle (PHEV),333,245,3.3,191,110,,Euro 6 EB,False,WLTP,0,0,0,0,0,134.5,0,0,0,0,0,2.1,0,54,71,114,,123,40,,11,14,0.14,,,69.0,12 September 2025,
MERCEDES-BENZ,GLE Estate Model Year 2026,GLE 350 de 4MATIC,A9,Automatic,1993,Electricity / Diesel,Plug-in Hybrid Electric Vehicle (PHEV),333,245,2.9,213,90,,Euro 6 EB,False,WLTP,0,0,0,0,0,97.4,0,0,0,0,0,2.9,0,75,58,94,,104,40,,11,14,0.14,,,69.0,12 September 2025,
MERCEDES-BENZ,GLE Estate Model Year 2026,GLE 400 e 4MATIC,A9,Automatic,1999,Electricity / Petrol,Plug-in Hybrid Electric Vehicle (PHEV),381,280,3.3,190,112,,Euro 6 EB,False,WLTP,0,0,0,0,0,100.9,0,0,0,0,0,2.8,0,63,71,114,,125,190,8,9,,0.08,,,69.0,12 September 2025,
MERCEDES-BENZ,GLE Estate Model Year 2026,GLE 400 e 4MATIC,A9,Automatic,1999,Electricity / Petrol,Plug-in Hybrid Electric Vehicle (PHEV),381,280,2.9,211,89,,Euro 6 EB,False,WLTP,0,0,0,0,0,74.3,0,0,0,0,0,3.8,0,87,60,96,,108,190,8,9,,0.08,,,69.0,12 September 2025,
MERCEDES-BENZ,GLE Estate Model Year 2026,GLE 450 4MATIC,A9,Automatic,2999,Petrol Electric,Mild Hybrid Electric Vehicle (MHEV),381,280,,,,,Euro 6 EB,False,WLTP,19.2,30.4,36.2,31,29.7,0,14.7,9.3,7.8,9.1,9.5,0,216,0,,,,,229,15,15,,0.15,,,67.0,12 September 2025,
MERCEDES-BENZ,GLE Estate Model Year 2026,GLE 450 4MATIC,A9,Automatic,2999,Petrol Electric,Mild Hybrid Electric Vehicle (MHEV),381,280,,,,,Euro 6 EB,False,WLTP,17.9,26.2,30.4,25.9,25.7,0,15.8,10.8,9.3,10.9,11,0,251,0,,,,,229,15,15,,0.15,,,67.0,12 September 2025,
MERCEDES-BENZ,GLE Estate Model Year 2026,GLE 450 d 4MATIC,A9,Automatic,2989,Diesel Electric,Mild Hybrid Electric Vehicle (MHEV),367,270,,,,,Euro 6 EB,False,WLTP,25.5,37.7,47.9,39.2,38.7,0,11.1,7.5,5.9,7.2,7.3,0,192,0,,,,,97,,8,23,1.37,,,69.0,12 September 2025,
MERCEDES-BENZ,GLE Estate Model Year 2026,GLE 450 d 4MATIC,A9,Automatic,2989,Diesel Electric,Mild Hybrid Electric Vehicle (MHEV),367,270,,,,,Euro 6 EB,False,WLTP,23.2,33.6,40.4,32.5,32.8,0,12.2,8.4,7,8.7,8.6,0,225,0,,,,,97,,8,23,1.37,,,69.0,12 September 2025,
MERCEDES-BENZ,GLS Model Year 2026,AMG GLS 63 4MATIC+,A9,Automatic,3982,Petrol Electric,Mild Hybrid Electric Vehicle (MHEV),612,450,,,,,Euro 6 EB,False,WLTP,13.3,20.8,25.2,23.7,21.2,0,21.2,13.6,11.2,11.9,13.3,0,300,0,,,,,579,18,18,,0.03,,,71.0,12 September 2025,
MERCEDES-BENZ,GLS Model Year 2026,AMG GLS 63 4MATIC+,A9,Automatic,3982,Petrol Electric,Mild Hybrid Electric Vehicle (MHEV),612,450,,,,,Euro 6 EB,False,WLTP,13.5,20.5,24.4,23.2,20.9,0,20.9,13.8,11.6,12.2,13.5,0,306,0,,,,,579,18,18,,0.03,,,71.0,12 September 2025,
MERCEDES-BENZ,GLS Model Year 2026,GLS 450 4MATIC,A9,Automatic,2999,Petrol Electric,Mild Hybrid Electric Vehicle (MHEV),381,280,,,,,Euro 6 EB,False,WLTP,18.5,29.1,34.5,29.4,28.3,0,15.3,9.7,8.2,9.6,10,0,227,0,,,,,229,15,15,,0.15,,,68.0,12 September 2025,
MERCEDES-BENZ,GLS Model Year 2026,GLS 450 4MATIC,A9,Automatic,2999,Petrol Electric,Mild Hybrid Electric Vehicle (MHEV),381,280,,,,,Euro 6 EB,False,WLTP,17.9,26.2,30.4,25.9,25.7,0,15.8,10.8,9.3,10.9,11,0,252,0,,,,,229,15,15,,0.15,,,68.0,12 September 2025,
MERCEDES-BENZ,GLS Model Year 2026,GLS 450 d 4MATIC,A9,Automatic,2989,Diesel Electric,Mild Hybrid Electric Vehicle (MHEV),367,270,,,,,Euro 6 EB,False,WLTP,25.5,35.8,45.6,37.2,36.7,0,11.1,7.9,6.2,7.6,7.7,0,201,0,,,,,106,,9,25,1.36,,,69.0,12 September 2025,
MERCEDES-BENZ,GLS Model Year 2026,GLS 450 d 4MATIC,A9,Automatic,2989,Diesel Electric,Mild Hybrid Electric Vehicle (MHEV),367,270,,,,,Euro 6 EB,False,WLTP,21.6,33.2,39.8,32.5,32.5,0,13.1,8.5,7.1,8.7,8.7,0,229,0,,,,,106,,9,25,1.36,,,69.0,12 September 2025,
MERCEDES-BENZ,GLS Model Year 2026,Maybach GLS 600,A9,Automatic,3982,Petrol Electric,Mild Hybrid Electric Vehicle (MHEV),557,410,,,,,Euro 6 EB,False,WLTP,12.8,20.5,24.4,22.8,20.6,0,22,13.8,11.6,12.4,13.7,0,310,0,,,,,623,19,21,,0.07,,,70.0,12 September 2025,
MERCEDES-BENZ,GLS Model Year 2026,Maybach GLS 600,A9,Automatic,3982,Petrol Electric,Mild Hybrid Electric Vehicle (MHEV),557,410,,,,,Euro 6 EB,False,WLTP,12.8,19.8,23.9,22.6,20.2,0,22.1,14.3,11.8,12.5,14,0,316,0,,,,,623,19,21,,0.07,,,70.0,12 September 2025,
MERCEDES-BENZ,S-Class Saloon Model Year 2026,AMG S 63 E Performance,A9,Automatic,3982,Electricity / Petrol,Plug-in Hybrid Electric Vehicle (PHEV),802,590,5.6,111,31,,Euro 6 EB,False,WLTP,0,0,0,0,0,35.8,0,0,0,0,0,7.9,0,179,19,31,,31,288,14,4,,0.05,,,70.0,12 September 2025,
MERCEDES-BENZ,S-Class Saloon Model Year 2026,AMG S 63 E Performance,A9,Automatic,3982,Electricity / Petrol,Plug-in Hybrid Electric Vehicle (PHEV),802,590,5.6,111,31,,Euro 6 EB,False,WLTP,0,0,0,0,0,35.8,0,0,0,0,0,7.9,0,179,19,31,,31,288,14,4,,0.05,,,70.0,12 September 2025,
MERCEDES-BENZ,S-Class Saloon Model Year 2026,Maybach S 580,A9,Automatic,3982,Petrol Electric,Mild Hybrid Electric Vehicle (MHEV),503,370,,,,,Euro 6 EB,False,WLTP,16.1,25.2,33.2,32.8,27.4,0,17.5,11.2,8.5,8.6,10.3,0,233,0,,,,,223,26,14,,0.05,,,70.0,12 September 2025,
MERCEDES-BENZ,S-Class Saloon Model Year 2026,Maybach S 580,A9,Automatic,3982,Petrol Electric,Mild Hybrid Electric Vehicle (MHEV),503,370,,,,,Euro 6 EB,False,WLTP,15.5,23,29.4,29.4,25,0,18.2,12.3,9.6,9.6,11.3,0,256,0,,,,,223,26,14,,0.05,,,70.0,12 September 2025,
MERCEDES-BENZ,S-Class Saloon Model Year 2026,Maybach S 580 e,A9,Automatic,2999,Electricity / Petrol,Plug-in Hybrid Electric Vehicle (PHEV),510,375,3.6,175,97,,Euro 6 EA,False,WLTP,0,0,0,0,0,97.4,0,0,0,0,0,2.9,0,66,63,102,,99,258,6,4,,0.12,,,67.0,12 September 2025,
MERCEDES-BENZ,S-Class Saloon Model Year 2026,Maybach S 580 e,A9,Automatic,2999,Electricity / Petrol,Plug-in Hybrid Electric Vehicle (PHEV),510,375,3.4,184,88,,Euro 6 EA,False,WLTP,0,0,0,0,0,83.1,0,0,0,0,0,3.4,0,78,57,91,,89,258,6,4,,0.12,,,67.0,12 September 2025,
MERCEDES-BENZ,S-Class Saloon Model Year 2026,Maybach S 680,A9,Automatic,5980,Petrol,Internal Combustion Engine (ICE),612,450,,,,,Euro 6 EB,False,WLTP,12.1,19.6,25.5,26.9,21.4,0,23.4,14.4,11.1,10.5,13.2,0,300,0,,,,,352,24,18,,,,,67.0,12 September 2025,
MERCEDES-BENZ,S-Class Saloon Model Year 2026,Maybach S 680,A9,Automatic,5980,Petrol,Internal Combustion Engine (ICE),612,450,,,,,Euro 6 EB,False,WLTP,11.7,18.3,23.5,24.4,20,0,24.1,15.4,12,11.6,14.1,0,322,0,,,,,352,24,18,,,,,67.0,12 September 2025,
MERCEDES-BENZ,S-Class Saloon Model Year 2026,S 350 d L Saloon,A9,Automatic,2989,Diesel Electric,Mild Hybrid Electric Vehicle (MHEV),313,230,,,,,Euro 6 EB,False,WLTP,28.5,42.8,60.1,56.5,47.9,0,9.9,6.6,4.7,5,5.9,0,155,0,,,,,75,,12,28,1.00,,,67.0,12 September 2025,
MERCEDES-BENZ,S-Class Saloon Model Year 2026,S 350 d L Saloon,A9,Automatic,2989,Diesel Electric,Mild Hybrid Electric Vehicle (MHEV),313,230,,,,,Euro 6 EB,False,WLTP,25.7,38.2,51.4,46.3,41.5,0,11,7.4,5.5,6.1,6.8,0,179,0,,,,,75,,12,28,1.00,,,67.0,12 September 2025,
MERCEDES-BENZ,S-Class Saloon Model Year 2026,S 350 d Saloon,A9,Automatic,2989,Diesel Electric,Mild Hybrid Electric Vehicle (MHEV),313,230,,,,,Euro 6 EB,False,WLTP,28.8,42.8,60.1,57.7,47.9,0,9.8,6.6,4.7,4.9,5.9,0,154,0,,,,,75,,12,28,1.00,,,67.0,12 September 2025,
MERCEDES-BENZ,S-Class Saloon Model Year 2026,S 350 d Saloon,A9,Automatic,2989,Diesel Electric,Mild Hybrid Electric Vehicle (MHEV),313,230,,,,,Euro 6 EB,False,WLTP,25.9,38.7,51.4,47.1,41.5,0,10.9,7.3,5.5,6,6.8,0,177,0,,,,,75,,12,28,1.00,,,67.0,12 September 2025,
MERCEDES-BENZ,S-Class Saloon Model Year 2026,S 450 d L 4MATIC Saloon,A9,Automatic,2989,Diesel Electric,Mild Hybrid Electric Vehicle (MHEV),367,270,,,,,Euro 6 EB,False,WLTP,27.2,42.2,56.5,52.3,45.6,0,10.4,6.7,5,5.4,6.2,0,163,0,,,,,88,,9,25,1.28,,,67.0,12 September 2025,
MERCEDES-BENZ,S-Class Saloon Model Year 2026,S 450 d L 4MATIC Saloon,A9,Automatic,2989,Diesel Electric,Mild Hybrid Electric Vehicle (MHEV),367,270,,,,,Euro 6 EB,False,WLTP,24.1,37.7,49.6,45.6,39.8,0,11.7,7.5,5.7,6.2,7.1,0,186,0,,,,,88,,9,25,1.28,,,67.0,12 September 2025,
MERCEDES-BENZ,S-Class Saloon Model Year 2026,S 450 e L Saloon,A9,Automatic,2999,Electricity / Petrol,Plug-in Hybrid Electric Vehicle (PHEV),408,300,3.6,172,107,,Euro 6 EA,False,WLTP,0,0,0,0,0,122.8,0,0,0,0,0,2.3,0,52,73,117,,114,246,9,5,,0.12,,,68.0,12 September 2025,
MERCEDES-BENZ,S-Class Saloon Model Year 2026,S 450 e L Saloon,A9,Automatic,2999,Electricity / Petrol,Plug-in Hybrid Electric Vehicle (PHEV),408,300,3.5,180,92,,Euro 6 EA,False,WLTP,0,0,0,0,0,91.1,0,0,0,0,0,3.1,0,71,60,96,,93,246,9,5,,0.12,,,68.0,12 September 2025,
MERCEDES-BENZ,S-Class Saloon Model Year 2026,S 500 4MATIC Saloon,A9,Automatic,2999,Petrol Electric,Mild Hybrid Electric Vehicle (MHEV),449,330,,,,,Euro 6 EA,False,WLTP,19.6,33.6,42.2,40.4,34.5,0,14.4,8.4,6.7,7,8.2,0,186,0,,,,,186,14,12,,0.02,,,67.0,12 September 2025,
MERCEDES-BENZ,S-Class Saloon Model Year 2026,S 500 4MATIC Saloon,A9,Automatic,2999,Petrol Electric,Mild Hybrid Electric Vehicle (MHEV),449,330,,,,,Euro 6 EA,False,WLTP,18.2,30.4,36.7,35.8,30.7,0,15.5,9.3,7.7,7.9,9.2,0,209,0,,,,,186,14,12,,0.02,,,67.0,12 September 2025,
MERCEDES-BENZ,S-Class Saloon Model Year 2026,S 500 L 4MATIC Saloon,A9,Automatic,2999,Petrol Electric,Mild Hybrid Electric Vehicle (MHEV),449,330,,,,,Euro 6 EA,False,WLTP,19.6,33.6,42.2,40.4,34.5,0,14.4,8.4,6.7,7,8.2,0,187,0,,,,,186,14,12,,0.02,,,67.0,12 September 2025,
MERCEDES-BENZ,S-Class Saloon Model Year 2026,S 500 L 4MATIC Saloon,A9,Automatic,2999,Petrol Electric,Mild Hybrid Electric Vehicle (MHEV),449,330,,,,,Euro 6 EA,False,WLTP,18.2,30.1,36.7,35.3,30.7,0,15.5,9.4,7.7,8,9.2,0,210,0,,,,,186,14,12,,0.02,,,67.0,12 September 2025,
MERCEDES-BENZ,S-Class Saloon Model Year 2026,S 580 e L 4MATIC Saloon,A9,Automatic,2999,Electricity / Petrol,Plug-in Hybrid Electric Vehicle (PHEV),510,375,3.7,167,102,,Euro 6 EA,False,WLTP,0,0,0,0,0,108.7,0,0,0,0,0,2.6,0,59,66,106,,104,258,6,4,,0.12,,,68.0,12 September 2025,
MERCEDES-BENZ,S-Class Saloon Model Year 2026,S 580 e L 4MATIC Saloon,A9,Automatic,2999,Electricity / Petrol,Plug-in Hybrid Electric Vehicle (PHEV),510,375,3.4,184,89,,Euro 6 EA,False,WLTP,0,0,0,0,0,85.6,0,0,0,0,0,3.3,0,76,58,93,,90,258,6,4,,0.12,,,68.0,12 September 2025,
MERCEDES-BENZ,SL Model Year 2026,Maybach SL 680 Monogram Series,A9,Automatic,3982,Petrol,Internal Combustion Engine (ICE),585,430,,,,,Euro 6 EA,False,WLTP,12.3,19.8,24.4,24.6,20.8,0,22.9,14.3,11.6,11.5,13.6,0,309,0,,,,,249,18,9,,,,,69.0,12 September 2025,
MERCEDES-BENZ,SL Model Year 2026,Maybach SL 680 Monogram Series,A9,Automatic,3982,Petrol,Internal Combustion Engine (ICE),585,430,,,,,Euro 6 EA,False,WLTP,12.3,19.8,24.4,24.6,20.8,0,22.9,14.3,11.6,11.5,13.6,0,309,0,,,,,249,18,9,,,,,69.0,12 September 2025,
MERCEDES-BENZ,SL Model Year 2026,AMG SL 43,A9,Automatic,1991,Petrol Electric,Mild Hybrid Electric Vehicle (MHEV),421,310,,,,,Euro 6 EA,False,WLTP,19.8,30.7,37.2,34.9,31.4,0,14.3,9.2,7.6,8.1,9,0,205,0,,,,,57,9,9,,0.11,,,71.0,12 September 2025,
MERCEDES-BENZ,SL Model Year 2026,AMG SL 43,A9,Automatic,1991,Petrol Electric,Mild Hybrid Electric Vehicle (MHEV),421,310,,,,,Euro 6 EA,False,WLTP,19.2,29.1,34.9,32.5,29.7,0,14.7,9.7,8.1,8.7,9.5,0,216,0,,,,,57,9,9,,0.11,,,71.0,12 September 2025,
MERCEDES-BENZ,SL Model Year 2026,AMG SL 55 4MATIC+,A9,Automatic,3982,Petrol,Internal Combustion Engine (ICE),476,350,,,,,Euro 6 EA,False,WLTP,12.4,20.8,25.9,27.2,21.9,0,22.8,13.6,10.9,10.4,12.9,0,293,0,,,,,311,18,15,,0.51,,,71.0,12 September 2025,
MERCEDES-BENZ,SL Model Year 2026,AMG SL 55 4MATIC+,A9,Automatic,3982,Petrol,Internal Combustion Engine (ICE),476,350,,,,,Euro 6 EA,False,WLTP,12.1,19.9,24.8,25.7,21.1,0,23.3,14.2,11.4,11,13.4,0,306,0,,,,,311,18,15,,0.51,,,71.0,12 September 2025,
MERCEDES-BENZ,SL Model Year 2026,AMG SL 63 4MATIC+,A9,Automatic,3982,Petrol,Internal Combustion Engine (ICE),585,430,,,,,Euro 6 EA,False,WLTP,12.3,20.5,25.5,26.9,21.7,0,23,13.8,11.1,10.5,13,0,296,0,,,,,311,18,15,,0.51,,,71.0,12 September 2025,
MERCEDES-BENZ,SL Model Year 2026,AMG SL 63 4MATIC+,A9,Automatic,3982,Petrol,Internal Combustion Engine (ICE),585,430,,,,,Euro 6 EA,False,WLTP,12.1,19.9,24.8,25.7,21.1,0,23.3,14.2,11.4,11,13.4,0,305,0,,,,,311,18,15,,0.51,,,71.0,12 September 2025,
MERCEDES-BENZ,SL Model Year 2026,AMG SL 63 S E Performance,A9,Automatic,3982,Electricity / Petrol,Plug-in Hybrid Electric Vehicle (PHEV),612,450,12,52,12,,Euro 6 EA,False,WLTP,0,0,0,0,0,28.3,0,0,0,0,0,10,0,228,7,12,,12,244,11,7,,0.01,,,71.0,12 September 2025,
MERCEDES-BENZ,SL Model Year 2026,AMG SL 63 S E Performance,A9,Automatic,3982,Electricity / Petrol,Plug-in Hybrid Electric Vehicle (PHEV),612,450,12,52,12,,Euro 6 EA,False,WLTP,0,0,0,0,0,28.3,0,0,0,0,0,10,0,228,7,12,,12,244,11,7,,0.01,,,71.0,12 September 2025,
MERCEDES-BENZ,V-Class Model Year 2026,V 220 d Premium Extra-Long,A9,Automatic,1950,Diesel,Internal Combustion Engine (ICE),161,120,,,,,Euro 6 EA,False,WLTP,31,37.7,44.8,37.7,38.2,0,9.1,7.5,6.3,7.5,7.4,0,193,0,,,,,14,,28,32,0.17,,,77.0,12 September 2025,
MERCEDES-BENZ,V-Class Model Year 2026,V 220 d Premium Extra-Long,A9,Automatic,1950,Diesel,Internal Combustion Engine (ICE),161,120,,,,,Euro 6 EA,False,WLTP,31,37.7,44.8,37.7,38.2,0,9.1,7.5,6.3,7.5,7.4,0,193,0,,,,,14,,28,32,0.17,,,77.0,12 September 2025,
MERCEDES-BENZ,V-Class Model Year 2026,V 220 d Premium Long,A9,Automatic,1950,Diesel,Internal Combustion Engine (ICE),161,120,,,,,Euro 6 EA,False,WLTP,31.4,38.2,44.8,37.7,38.7,0,9,7.4,6.3,7.5,7.3,0,192,0,,,,,14,,28,32,0.17,,,77.0,12 September 2025,
MERCEDES-BENZ,V-Class Model Year 2026,V 220 d Premium Long,A9,Automatic,1950,Diesel,Internal Combustion Engine (ICE),161,120,,,,,Euro 6 EA,False,WLTP,31.4,38.2,44.8,37.7,38.7,0,9,7.4,6.3,7.5,7.3,0,192,0,,,,,14,,28,32,0.17,,,77.0,12 September 2025,
MERCEDES-BENZ,V-Class Model Year 2026,V 300 d Marco Polo,A9,Automatic,1950,Diesel,Internal Combustion Engine (ICE),233,174,,,,,Euro 6 EA,False,WLTP,27.2,35.3,41.5,35.8,35.8,0,10.4,8,6.8,7.9,7.9,0,207,0,,,,,150,,24,41,0.27,,,74.0,12 September 2025,
MERCEDES-BENZ,V-Class Model Year 2026,V 300 d Marco Polo,A9,Automatic,1950,Diesel,Internal Combustion Engine (ICE),233,174,,,,,Euro 6 EA,False,WLTP,27.2,35.3,41.5,35.8,35.8,0,10.4,8,6.8,7.9,7.9,0,207,0,,,,,150,,24,41,0.27,,,74.0,12 September 2025,
MERCEDES-BENZ,V-Class Model Year 2026,V 300 d Premium Extra-Long,A9,Automatic,1950,Diesel,Internal Combustion Engine (ICE),233,174,,,,,Euro 6 EA,False,WLTP,28.5,36.7,43.5,37.7,37.7,0,9.9,7.7,6.5,7.5,7.5,0,197,0,,,,,150,,24,41,0.27,,,74.0,12 September 2025,
MERCEDES-BENZ,V-Class Model Year 2026,V 300 d Premium Extra-Long,A9,Automatic,1950,Diesel,Internal Combustion Engine (ICE),233,174,,,,,Euro 6 EA,False,WLTP,28.5,36.7,43.5,37.7,37.7,0,9.9,7.7,6.5,7.5,7.5,0,198,0,,,,,150,,24,41,0.27,,,74.0,12 September 2025,
MERCEDES-BENZ,V-Class Model Year 2026,V 300 d Premium Long,A9,Automatic,1950,Diesel,Internal Combustion Engine (ICE),233,174,,,,,Euro 6 EA,False,WLTP,28.8,37.2,44.1,37.7,37.7,0,9.8,7.6,6.4,7.5,7.5,0,196,0,,,,,150,,24,41,0.27,,,74.0,12 September 2025,
MERCEDES-BENZ,V-Class Model Year 2026,V 300 d Premium Long,A9,Automatic,1950,Diesel,Internal Combustion Engine (ICE),233,174,,,,,Euro 6 EA,False,WLTP,28.3,36.7,43.5,37.2,37.2,0,10,7.7,6.5,7.6,7.6,0,199,0,,,,,150,,24,41,0.27,,,74.0,12 September 2025,
MG MOTORS UK,MG4 EV 2023MY,SE 51kWh,N/A,Electric - Not Applicable,0,Electricity,Battery Electric Vehicle (BEV) / Pure Electric Vehicle / Electric Vehicle (EV),170,125,3.6,170,350,217,Euro 6-WLTP (for BEVs only),False,WLTP,0,0,0,0,0,0,0,0,0,0,0,0,0,0,0,,306,492,0,,,,,,,66.0,02 October 2023,
MG MOTORS UK,MG4 EV 2023MY,SE Long range 64kWh,N/A,Electric - Not Applicable,0,Electricity,Battery Electric Vehicle (BEV) / Pure Electric Vehicle / Electric Vehicle (EV),203,150,3.8,163,450,280,Euro 6-WLTP (for BEVs only),False,WLTP,0,0,0,0,0,0,0,0,0,0,0,0,0,0,0,,378,608,0,,,,,,,65.0,02 October 2023,
MG MOTORS UK,MG4 EV 2023MY,Trophy Long range 64kWh,N/A,Electric - Not Applicable,0,Electricity,Battery Electric Vehicle (BEV) / Pure Electric Vehicle / Electric Vehicle (EV),203,150,3.6,169,435,270,Euro 6-WLTP (for BEVs only),False,WLTP,0,0,0,0,0,0,0,0,0,0,0,0,0,0,0,,333,536,0,,,,,,,65.0,02 October 2023,
MG MOTORS UK,MG4 EV 2023MY,Trophy extended range 77kWh,N/A,Electric - Not Applicable,0,Electricity,Battery Electric Vehicle (BEV) / Pure Electric Vehicle / Electric Vehicle (EV),244,180,3.7,167,520,323,Euro 6-WLTP (for BEVs only),False,WLTP,0,0,0,0,0,0,0,0,0,0,0,0,0,0,0,,440,708,0,,,,,,,67.0,02 October 2023,
MG MOTORS UK,MG4 EV 2023MY,X power 64kwh,N/A,Electric - Not Applicable,0,Electricity,Battery Electric Vehicle (BEV) / Pure Electric Vehicle / Electric Vehicle (EV),435,320,3.2,190,385,239,Euro 6-WLTP (for BEVs only),False,WLTP,0,0,0,0,0,0,0,0,0,0,0,0,0,0,0,,329,529,0,,,,,,,68.0,02 October 2023,
MG MOTORS UK,MG5 ev 61.1kWh 2023MY,SE Long range,N/A,Electric - Not Applicable,0,Electricity,Battery Electric Vehicle (BEV) / Pure Electric Vehicle / Electric Vehicle (EV),156,115,3.5,175,403,250,Euro 6-WLTP (for BEVs only),False,WLTP,0,0,0,0,0,0,0,0,0,0,0,0,0,0,0,,291,469,0,,,,,,,68.0,02 October 2023,
MG MOTORS UK,MG5 ev 61.1kWh 2023MY,Trophy Long range,N/A,Electric - Not Applicable,0,Electricity,Battery Electric Vehicle (BEV) / Pure Electric Vehicle / Electric Vehicle (EV),156,115,3.5,175,403,250,Euro 6-WLTP (for BEVs only),False,WLTP,0,0,0,0,0,0,0,0,0,0,0,0,0,0,0,,291,469,0,,,,,,,68.0,02 October 2023,
MG MOTORS UK,MG HS 2023MY,SE 1.5T GDi,M6,Manual,1490,Petrol,Internal Combustion Engine (ICE),162,119,0,,,,Euro 6d,False,WLTP,32.3,41,43.7,34.7,37.9,0,8.8,6.9,6.5,8.1,7.4,0,168,0,,,,,116,25,16,,,,,68.0,02 October 2023,
MG MOTORS UK,MG HS 2023MY,SE 1.5T GDI DCT,7DCT,Automatic,1490,Petrol,Internal Combustion Engine (ICE),162,119,0,,,,Euro 6d,False,WLTP,29.5,40.2,43.5,33.3,36.6,0,9.6,7,6.5,8.5,7.7,0,174,0,,,,,114,22,15,,,,,68.0,02 October 2023,
MG MOTORS UK,MG HS 2023MY,Trophy 1.5T GDi,M6,Manual,1490,Petrol,Internal Combustion Engine (ICE),162,119,0,,,,Euro 6d,False,WLTP,32.3,41,43.7,34.7,37.9,0,8.8,6.9,6.5,8.1,7.4,0,168,0,,,,,116,25,16,,,,,68.0,02 October 2023,
MG MOTORS UK,MG HS 2023MY,Trophy 1.5T GDi DCT,7DCT,Automatic,1490,Petrol,Internal Combustion Engine (ICE),162,119,0,,,,Euro 6d,False,WLTP,29.5,40.2,43.5,33.3,36.6,0,9.6,7,6.5,8.5,7.7,0,174,0,,,,,114,22,15,,,,,68.0,02 October 2023,
MG MOTORS UK,MG HS Plug-in 2023MY,SE 1.5T GDi Plug-in Hybrid,10 Speed Automatic,Automatic,1490,Electricity / Petrol,Plug-in Hybrid Electric Vehicle (PHEV),162,119,3.7,166,69,43,Euro 6d,False,WLTP,0,0,0,0,0,155.8,0,0,0,0,0,1.8,0,43,32,52,0,,160,17,5,,,,,68.0,02 October 2023,
MG MOTORS UK,MG HS Plug-in 2023MY,Trophy 1.5T GDi Plug-in Hybrid,10 Speed Automatic,Automatic,1490,Electricity / Petrol,Plug-in Hybrid Electric Vehicle (PHEV),162,119,3.7,166,69,43,Euro 6d,False,WLTP,0,0,0,0,0,155.8,0,0,0,0,0,1.8,0,43,32,52,0,,160,17,5,,,,,68.0,02 October 2023,
MORGAN MOTOR COMPANY,Plus Four,2 seat open top roadster Standard exhaust,M6,Manual,1998,Petrol,Internal Combustion Engine (ICE),258,190,,,,,Euro 6 EA,False,WLTP,26.4,39.3,46.3,40.4,38.7,0,10.7,7.2,6.1,7,7.3,0,165,0,,,,,130,13,13,,0.55,,,72.0,26 September 2025,
MORGAN MOTOR COMPANY,Plus Four,2 seat open top roadster Sports exhaust,M6,Manual,1998,Petrol,Internal Combustion Engine (ICE),258,190,,,,,Euro 6 EA,False,WLTP,26.4,39.3,46.3,40.4,38.7,0,10.7,7.2,6.1,7,7.3,0,165,0,,,,,130,13,13,,0.55,,,71.0,26 September 2025,
MORGAN MOTOR COMPANY,Plus Four,2 seat open top roadster Standard exhaust,8AT,Automatic,1998,Petrol,Internal Combustion Engine (ICE),258,190,,,,,Euro 6 EA,False,WLTP,32.5,49.6,54.3,43.5,45.6,0,8.7,5.7,5.2,6.5,6.2,0,142,0,,,,,181,19,18,,0.27,,,73.0,26 September 2025,
MORGAN MOTOR COMPANY,Plus Four,2 seat open top roadster Sports exhaust,8AT,Automatic,1998,Petrol,Internal Combustion Engine (ICE),258,190,,,,,Euro 6 EA,False,WLTP,32.5,49.6,54.3,43.5,45.6,0,8.7,5.7,5.2,6.5,6.2,0,142,0,,,,,181,19,18,,0.27,,,73.0,26 September 2025,
MORGAN MOTOR COMPANY,Plus Six,2 seat open top roadster Standard exhaust,8AT,Automatic,2998,Petrol,Internal Combustion Engine (ICE),340,250,,,,,Euro 6 EA,False,WLTP,23,39.3,44.8,38.2,36.7,0,12.3,7.2,6.3,7.4,7.7,0,175,0,,,,,162,19,12,,0.29,,,71.0,26 September 2025,
MORGAN MOTOR COMPANY,Plus Six,2 seat open top roadster Sports exhaust,8AT,Automatic,2998,Petrol,Internal Combustion Engine (ICE),340,250,,,,,Euro 6 EA,False,WLTP,23,39.3,44.8,38.2,36.7,0,12.3,7.2,6.3,7.4,7.7,0,175,0,,,,,162,19,12,,0.29,,,71.0,26 September 2025,
MORGAN MOTOR COMPANY,Plus Six Supersport,2 seat open top roadster Standard exhaust,8AT,Automatic,2998,Petrol,Internal Combustion Engine (ICE),340,250,,,,,Euro 6 EA,False,WLTP,23,39.3,44.8,38.2,36.7,0,12.3,7.2,6.3,7.4,7.7,0,175,0,,,,,162,19,12,,0.29,,,71.0,26 September 2025,
MORGAN MOTOR COMPANY,Plus Six Supersport,2 seat open top roadster Sports exhaust,8AT,Automatic,2998,Petrol,Internal Combustion Engine (ICE),340,250,,,,,Euro 6 EA,False,WLTP,23,39.3,44.8,38.2,36.7,0,12.3,7.2,6.3,7.4,7.7,0,175,0,,,,,162,19,12,,0.29,,,71.0,26 September 2025,
MORGAN MOTOR COMPANY,Midsummer,2 seat open top roadster,8AT,Automatic,2998,Petrol,Internal Combustion Engine (ICE),340,250,,,,,Euro 6 EA,False,WLTP,23,39.3,44.8,38.2,36.7,0,12.3,7.2,6.3,7.4,7.7,0,175,0,,,,,162,19,12,,0.29,,,71.0,26 September 2025,
NISSAN,MICRA,MICRA IGT92 ACEN,M5,Manual,999,Petrol,Internal Combustion Engine (ICE),92,68,0,,,,Euro 6d,False,WLTP,42.2,56.5,61.4,49.6,53.3,0,6.7,5,4.6,5.7,5.3,0,121,0,,,,,0,0,0,,,,,0.0,22 September 2021,
NISSAN,MICRA,MICRA IGT92 NSPORT,M5,Manual,999,Petrol,Internal Combustion Engine (ICE),92,68,0,,,,Euro 6d,False,WLTP,40.9,53.3,58.9,47.9,50.4,0,6.9,5.3,4.8,5.9,5.6,0,126,0,,,,,0,0,0,,,,,0.0,22 September 2021,
NISSAN,MICRA,MICRA IGT92 TEKNA,M5,Manual,999,Petrol,Internal Combustion Engine (ICE),92,68,0,,,,Euro 6d,False,WLTP,40.9,53.3,58.9,47.9,50.4,0,6.9,5.3,4.8,5.9,5.6,0,126,0,,,,,0,0,0,,,,,0.0,22 September 2021,
NISSAN,MICRA,MICRA IGT92 VISIA,M5,Manual,999,Petrol,Internal Combustion Engine (ICE),92,68,0,,,,Euro 6d,False,WLTP,42.8,56.5,61.4,50.4,53.3,0,6.6,5,4.6,5.6,5.3,0,120,0,,,,,0,0,0,,,,,0.0,22 September 2021,
NISSAN,MICRA,MICRA IGT92 ACEN XT,A7,Automatic,999,Petrol,Internal Combustion Engine (ICE),92,68,0,,,,Euro 6d,False,WLTP,38.2,49.6,54.3,43.5,47.1,0,7.4,5.7,5.2,6.5,6,0,137,0,,,,,0,0,0,,,,,0.0,22 September 2021,
NISSAN,MICRA,MICRA IGT92 NSPORT XT,A7,Automatic,999,Petrol,Internal Combustion Engine (ICE),92,68,0,,,,Euro 6d,False,WLTP,37.2,47.9,52.3,41.5,44.8,0,7.6,5.9,5.4,6.8,6.3,0,143,0,,,,,0,0,0,,,,,0.0,22 September 2021,
NISSAN,MICRA,MICRA IGT92 TEKNA XT,A7,Automatic,999,Petrol,Internal Combustion Engine (ICE),92,68,0,,,,Euro 6d,False,WLTP,37.2,47.9,52.3,41.5,44.8,0,7.6,5.9,5.4,6.8,6.3,0,142,0,,,,,0,0,0,,,,,0.0,22 September 2021,
NISSAN,LEAF,LEAF 40B ACEN MY21,A1,Automatic,0,Electricity,Battery Electric Vehicle (BEV) / Pure Electric Vehicle / Electric Vehicle (EV),0,110,3,206,270,168,Euro 6-WLTP (for BEVs only),False,WLTP,0,0,0,0,0,0,0,0,0,0,0,0,0,0,0,,242,389,0,0,0,,,,,0.0,22 September 2021,
NISSAN,LEAF,LEAF 40B NCON MY21,A1,Automatic,0,Electricity,Battery Electric Vehicle (BEV) / Pure Electric Vehicle / Electric Vehicle (EV),0,110,3,206,270,168,Euro 6-WLTP (for BEVs only),False,WLTP,0,0,0,0,0,0,0,0,0,0,0,0,0,0,0,,242,389,0,0,0,,,,,0.0,22 September 2021,
NISSAN,LEAF,LEAF 40B TEK MY21,A1,Automatic,0,Electricity,Battery Electric Vehicle (BEV) / Pure Electric Vehicle / Electric Vehicle (EV),0,110,3,206,270,168,Euro 6-WLTP (for BEVs only),False,WLTP,0,0,0,0,0,0,0,0,0,0,0,0,0,0,0,,242,389,0,0,0,,,,,0.0,22 September 2021,
NISSAN,LEAF,LEAF 62B NCON MY21,A1,Automatic,0,Electricity,Battery Electric Vehicle (BEV) / Pure Electric Vehicle / Electric Vehicle (EV),0,160,3.3,185,385,239,Euro 6-WLTP (for BEVs only),False,WLTP,0,0,0,0,0,0,0,0,0,0,0,0,0,0,0,,328,528,0,0,0,,,,,0.0,22 September 2021,
NISSAN,LEAF,LEAF 62B TEK MY21,A1,Automatic,0,Electricity,Battery Electric Vehicle (BEV) / Pure Electric Vehicle / Electric Vehicle (EV),0,160,3.3,185,385,239,Euro 6-WLTP (for BEVs only),False,WLTP,0,0,0,0,0,0,0,0,0,0,0,0,0,0,0,,328,528,0,0,0,,,,,0.0,22 September 2021,
NISSAN,XTRAIL,XTRAIL DG160 NCON 2W DCT,A7,Automatic,1332,Petrol,Internal Combustion Engine (ICE),160,116,0,,,,Euro 6d,False,WLTP,0,0,0,0,0,0,8.9,6.9,6.2,7.6,7.2,0,163,0,,,,,0,0,0,,,,,0.0,22 September 2021,
NISSAN,XTRAIL,XTRAIL DG160 TEK 2W DCT,A7,Automatic,1332,Petrol,Internal Combustion Engine (ICE),160,116,0,,,,Euro 6d,False,WLTP,0,0,0,0,0,0,9.3,7.3,6.6,8.2,7.7,0,173,0,,,,,0,0,0,,,,,0.0,22 September 2021,
NISSAN,XTRAIL,XTRAIL DG160 N-DESIGN 2W DCT,A7,Automatic,1332,Diesel,Internal Combustion Engine (ICE),160,116,0,,,,Euro 6d-TEMP,True,WLTP,0,0,0,0,0,0,8.9,6.9,6.2,7.6,7.2,0,163,0,,,,,0,0,0,,,,,0.0,22 September 2021,
NISSAN,XTRAIL,XTRAIL DG160 NCON 2W DCT 7,A7,Automatic,1332,Petrol,Internal Combustion Engine (ICE),160,116,0,,,,Euro 6d,False,WLTP,0,0,0,0,0,0,9.1,7,6.3,7.7,7.3,0,165,0,,,,,0,0,0,,,,,0.0,22 September 2021,
NISSAN,XTRAIL,XTRAIL DG160 TEK 2W DCT 7,A7,Automatic,1332,Petrol,Internal Combustion Engine (ICE),160,116,0,,,,Euro 6d,False,WLTP,0,0,0,0,0,0,9.4,7.4,6.7,8.3,7.8,0,175,0,,,,,0,0,0,,,,,0.0,22 September 2021,
NISSAN,XTRAIL,XTRAIL DG160 N-DESIGN 2W DCT 7,A7,Automatic,1332,Diesel,Internal Combustion Engine (ICE),160,116,0,,,,Euro 6d-TEMP,True,WLTP,0,0,0,0,0,0,9.1,7,6.3,7.7,7.3,0,165,0,,,,,0,0,0,,,,,0.0,22 September 2021,
NISSAN,QASHQAI,QASH 140 MT VIS,M6,Manual,1332,Petrol,Internal Combustion Engine (ICE),160,103,0,,,,Euro 6d,False,WLTP,33.3,45.7,52.3,43.8,44.5,0,8.5,6.2,5.4,6.5,6.3,0,143,0,,,,,0,0,0,,,,,0.0,22 September 2021,
NISSAN,QASHQAI,QASH 140 MT ACPR,M6,Manual,1332,Petrol,Internal Combustion Engine (ICE),160,103,0,,,,Euro 6d,False,WLTP,33.2,45.6,52.5,44.3,44.7,0,8.5,6.2,5.4,6.4,6.3,0,143,0,,,,,0,0,0,,,,,0.0,22 September 2021,
NISSAN,QASHQAI,QASH 140 MT NCO,M6,Manual,1332,Petrol,Internal Combustion Engine (ICE),160,103,0,,,,Euro 6d,False,WLTP,33.1,45,51.9,43.6,44.2,0,8.5,6.3,5.4,6.5,6.4,0,144,0,,,,,0,0,0,,,,,0.0,22 September 2021,
NISSAN,QASHQAI,QASH 140 MT TEK,M6,Manual,1332,Petrol,Internal Combustion Engine (ICE),160,103,0,,,,Euro 6d,False,WLTP,32.8,44.8,51.4,43.5,44.1,0,8.6,6.3,5.5,6.5,6.4,0,146,0,,,,,0,0,0,,,,,0.0,22 September 2021,
NISSAN,QASHQAI,QASH 140 MT PREMIERE,M6,Manual,1332,Petrol,Internal Combustion Engine (ICE),160,103,0,,,,Euro 6d,False,WLTP,33.2,44.8,52.3,43.5,44.1,0,8.5,6.3,5.4,6.5,6.4,0,145,0,,,,,0,0,0,,,,,0.0,22 September 2021,
NISSAN,QASHQAI,QASH 160 MT ACPR,M6,Manual,1332,Petrol,Internal Combustion Engine (ICE),160,116,0,,,,Euro 6d,False,WLTP,33.4,45.4,52.7,44.1,44.7,0,8.5,6.2,5.4,6.4,6.3,0,143,0,,,,,0,0,0,,,,,0.0,22 September 2021,
NISSAN,QASHQAI,QASH 160 MT NCO,M6,Manual,1332,Petrol,Internal Combustion Engine (ICE),160,116,0,,,,Euro 6d,False,WLTP,33,44.9,52.1,43.6,44.2,0,8.6,6.3,5.4,6.5,6.4,0,144,0,,,,,0,0,0,,,,,0.0,22 September 2021,
NISSAN,QASHQAI,QASH 160 MT TEK,M6,Manual,1332,Petrol,Internal Combustion Engine (ICE),160,116,0,,,,Euro 6d,False,WLTP,32.8,44.8,52.3,43.5,44.1,0,8.6,6.3,5.4,6.5,6.4,0,146,0,,,,,0,0,0,,,,,0.0,22 September 2021,
NISSAN,QASHQAI,QASH 160 MT TEK+,M6,Manual,1332,Petrol,Internal Combustion Engine (ICE),160,116,0,,,,Euro 6d,False,WLTP,32.5,44.2,51.5,43.2,43.6,0,8.7,6.4,5.5,6.5,6.5,0,146,0,,,,,0,0,0,,,,,0.0,22 September 2021,
NISSAN,QASHQAI,QASH 160 CVT ACPR,A7,Automatic,1332,Petrol,Internal Combustion Engine (ICE),160,116,0,,,,Euro 6d,False,WLTP,35.7,47.5,53,42.1,44.9,0,7.9,5.9,5.3,6.7,6.3,0,142,0,,,,,0,0,0,,,,,0.0,22 September 2021,
NISSAN,QASHQAI,QASH 160 CVT NCO,A7,Automatic,1332,Petrol,Internal Combustion Engine (ICE),160,116,0,,,,Euro 6d,False,WLTP,35.7,46.8,52.2,41.2,44.3,0,7.9,6,5.4,6.9,6.4,0,144,0,,,,,0,0,0,,,,,0.0,22 September 2021,
NISSAN,QASHQAI,QASH 160 CVT TEK,A7,Automatic,1332,Petrol,Internal Combustion Engine (ICE),160,116,0,,,,Euro 6d,False,WLTP,35.8,46.3,52.3,41.5,44.1,0,7.9,6.1,5.4,6.8,6.4,0,145,0,,,,,0,0,0,,,,,0.0,22 September 2021,
NISSAN,QASHQAI,QASH 160 CVT TEK+,A7,Automatic,1332,Petrol,Internal Combustion Engine (ICE),160,116,0,,,,Euro 6d,False,WLTP,35.5,45.9,51.6,40.9,43.8,0,8,6.2,5.5,6.9,6.5,0,144,0,,,,,0,0,0,,,,,0.0,22 September 2021,
NISSAN,QASHQAI,QASH 160 CVT PREMIERE,A7,Automatic,1332,Petrol,Internal Combustion Engine (ICE),160,116,0,,,,Euro 6d,False,WLTP,35.8,47.1,52.3,40.9,44.1,0,7.9,6,5.4,6.9,6.4,0,145,0,,,,,0,0,0,,,,,0.0,22 September 2021,
NISSAN,QASHQAI,QASH 160 CVT 4W NCO,A7,Automatic,1332,Petrol,Internal Combustion Engine (ICE),160,116,0,,,,Euro 6d,False,WLTP,32.8,42.6,48.3,39,41.2,0,8.6,6.6,5.8,7.2,6.9,0,155,0,,,,,0,0,0,,,,,0.0,22 September 2021,
NISSAN,QASHQAI,QASH 160 CVT 4W TEK,A7,Automatic,1332,Petrol,Internal Combustion Engine (ICE),160,116,0,,,,Euro 6d,False,WLTP,32.5,42.8,47.9,38.7,40.9,0,8.7,6.6,5.9,7.3,6.9,0,158,0,,,,,0,0,0,,,,,0.0,22 September 2021,
NISSAN,QASHQAI,QASH 160 CVT 4W TEK+,A7,Automatic,1332,Petrol,Internal Combustion Engine (ICE),160,116,0,,,,Euro 6d,False,WLTP,31.3,41.9,47.3,38.4,40.2,0,9,6.7,6,7.4,7,0,157,0,,,,,0,0,0,,,,,0.0,22 September 2021,
NISSAN,JUKE,JUKE DIGT114 VISIA,M6,Manual,999,Petrol,Internal Combustion Engine (ICE),114,84,0,,,,Euro 6d,False,WLTP,41.5,51.4,55.4,43.5,47.9,0,6.8,5.5,5.1,6.5,5.9,0,134,0,,,,,0,0,0,,,,,0.0,22 September 2021,
NISSAN,JUKE,JUKE DIGT114 ACENTA,M6,Manual,999,Petrol,Internal Combustion Engine (ICE),114,84,0,,,,Euro 6d,False,WLTP,41.5,51.4,55.4,43.5,47.9,0,6.8,5.5,5.1,6.5,5.9,0,134,0,,,,,0,0,0,,,,,0.0,22 September 2021,
NISSAN,JUKE,JUKE DIGT114 NCON,M6,Manual,999,Petrol,Internal Combustion Engine (ICE),114,84,0,,,,Euro 6d,False,WLTP,40.9,51.4,55.4,42.8,47.9,0,6.9,5.5,5.1,6.6,5.9,0,134,0,,,,,0,0,0,,,,,0.0,22 September 2021,
NISSAN,JUKE,JUKE DIGT114 NCON 19W,M6,Manual,999,Petrol,Internal Combustion Engine (ICE),114,84,0,,,,Euro 6d,False,WLTP,40.9,51.4,54.3,42.2,47.1,0,6.9,5.5,5.2,6.7,6,0,136,0,,,,,0,0,0,,,,,0.0,22 September 2021,
NISSAN,JUKE,JUKE DIGT114 TEKNA,M6,Manual,999,Petrol,Internal Combustion Engine (ICE),114,84,0,,,,Euro 6d,False,WLTP,40.9,50.4,54.3,42.2,46.3,0,6.9,5.6,5.2,6.7,6.1,0,137,0,,,,,0,0,0,,,,,0.0,22 September 2021,
NISSAN,JUKE,JUKE DIGT114 TEKNA 17W,M6,Manual,999,Petrol,Internal Combustion Engine (ICE),114,84,0,,,,Euro 6d,False,WLTP,40.9,51.4,55.4,42.8,47.1,0,6.9,5.5,5.1,6.6,6,0,135,0,,,,,0,0,0,,,,,0.0,22 September 2021,
NISSAN,JUKE,JUKE DIGT114 TEKNA+ BE BI,M6,Manual,999,Petrol,Internal Combustion Engine (ICE),114,84,0,,,,Euro 6d,False,WLTP,40.4,50.4,53.3,40.9,46.3,0,7,5.6,5.3,6.9,6.1,0,139,0,,,,,0,0,0,,,,,0.0,22 September 2021,
NISSAN,JUKE,JUKE DIGT114 DCT ENIGMA,M6,Manual,999,Petrol,Internal Combustion Engine (ICE),114,84,0,,,,Euro 6d,False,WLTP,40.9,50.4,54.3,41.5,46.3,0,6.9,5.6,5.2,6.8,6.1,0,137,0,,,,,0,0,0,,,,,0.0,22 September 2021,
NISSAN,JUKE,JUKE DIGT114 DCT ACENTA,A7,Automatic,999,Petrol,Internal Combustion Engine (ICE),114,84,0,,,,Euro 6d,False,WLTP,38.2,50.4,55.4,42.8,46.3,0,7.4,5.6,5.1,6.6,6.1,0,137,0,,,,,0,0,0,,,,,0.0,22 September 2021,
NISSAN,JUKE,JUKE DIGT114 DCT NCON,A7,Automatic,999,Petrol,Internal Combustion Engine (ICE),114,84,0,,,,Euro 6d,False,WLTP,38.2,50.4,55.4,42.8,46.3,0,7.4,5.6,5.1,6.6,6.1,0,137,0,,,,,0,0,0,,,,,0.0,22 September 2021,
NISSAN,JUKE,JUKE DIGT114 DCT NCON 19W,A7,Automatic,999,Petrol,Internal Combustion Engine (ICE),114,84,0,,,,Euro 6d,False,WLTP,37.7,50.4,54.3,41.5,45.6,0,7.5,5.6,5.2,6.8,6.2,0,140,0,,,,,0,0,0,,,,,0.0,22 September 2021,
NISSAN,JUKE,JUKE DIGT114 DCT TEKNA,A7,Automatic,999,Petrol,Internal Combustion Engine (ICE),114,84,0,,,,Euro 6d,False,WLTP,37.2,49.6,53.3,41.5,45.6,0,7.6,5.7,5.3,6.8,6.2,0,140,0,,,,,0,0,0,,,,,0.0,22 September 2021,
NISSAN,JUKE,JUKE DIGT114 DCT TEKNA 17W,A7,Automatic,999,Petrol,Internal Combustion Engine (ICE),114,84,0,,,,Euro 6d,False,WLTP,37.7,50.4,54.3,42.8,46.3,0,7.5,5.6,5.2,6.6,6.1,0,138,0,,,,,0,0,0,,,,,0.0,22 September 2021,
NISSAN,JUKE,JUKE DIGT114 DCT TEKNA+ BE BI,A7,Automatic,999,Petrol,Internal Combustion Engine (ICE),114,84,0,,,,Euro 6d,False,WLTP,37.2,49.6,53.3,40.9,44.8,0,7.6,5.7,5.3,6.9,6.3,0,142,0,,,,,0,0,0,,,,,0.0,22 September 2021,
NISSAN,JUKE,JUKE DIGT114 DCT ENIGMA,A7,Automatic,999,Petrol,Internal Combustion Engine (ICE),114,84,0,,,,Euro 6d,False,WLTP,37.7,49.6,53.3,40.9,45.6,0,7.5,5.7,5.3,6.9,6.2,0,141,0,,,,,0,0,0,,,,,0.0,22 September 2021,
PEUGEOT,208,Electric 50 kWh (VL) (Active Premium+ & Allure Premium+),A1,Electric - Not Applicable,0,Electricity,Battery Electric Vehicle (BEV) / Pure Electric Vehicle / Electric Vehicle (EV),136,100,4.1,150,373,232,Euro 6-WLTP (for BEVs only),False,WLTP,0,0,0,0,0,0,0,0,0,0,0,0,0,0,0,,316,509,0,,,,,,,65.0,16 October 2024,
PEUGEOT,208,Electric 50 kWh (VH) (Active Premium+ & Allure Premium+),A1,Electric - Not Applicable,0,Electricity,Battery Electric Vehicle (BEV) / Pure Electric Vehicle / Electric Vehicle (EV),136,100,3.8,162,346,215,Euro 6-WLTP (for BEVs only),False,WLTP,0,0,0,0,0,0,0,0,0,0,0,0,0,0,0,,296,476,0,,,,,,,65.0,16 October 2024,
PEUGEOT,208,Electric 50 kWh (VL) (GT),A1,Electric - Not Applicable,0,Electricity,Battery Electric Vehicle (BEV) / Pure Electric Vehicle / Electric Vehicle (EV),136,100,4,152,362,225,Euro 6-WLTP (for BEVs only),False,WLTP,0,0,0,0,0,0,0,0,0,0,0,0,0,0,0,,305,491,0,,,,,,,65.0,16 October 2024,
PEUGEOT,208,Electric 50 kWh (VH) (GT),A1,Electric - Not Applicable,0,Electricity,Battery Electric Vehicle (BEV) / Pure Electric Vehicle / Electric Vehicle (EV),136,100,3.5,173,331,206,Euro 6-WLTP (for BEVs only),False,WLTP,0,0,0,0,0,0,0,0,0,0,0,0,0,0,0,,277,446,0,,,,,,,65.0,16 October 2024,
PEUGEOT,208,Electric 54 kWh (VL) UHZKWZ-K0R000,A1,Electric - Not Applicable,0,Electricity,Battery Electric Vehicle (BEV) / Pure Electric Vehicle / Electric Vehicle (EV),156,115,4.5,138,416,258,Euro 6-WLTP (for BEVs only),False,WLTP,0,0,0,0,0,0,0,0,0,0,0,0,0,0,0,,357,574,0,,,,,,,65.0,16 October 2024,
PEUGEOT,208,Electric 54 kWh (VH) UHZKWZ-K0R000,A1,Electric - Not Applicable,0,Electricity,Battery Electric Vehicle (BEV) / Pure Electric Vehicle / Electric Vehicle (EV),156,115,4,154,374,232,Euro 6-WLTP (for BEVs only),False,WLTP,0,0,0,0,0,0,0,0,0,0,0,0,0,0,0,,321,516,0,,,,,,,65.0,16 October 2024,
PEUGEOT,208,PureTech 75 (VL) (K1T500),M5,Manual,1199,Petrol,Internal Combustion Engine (ICE),75,55,0,,,,Euro 6 EA,False,WLTP,45.9,58.7,63.2,51.7,55.2,0,6.2,4.8,4.5,5.5,5.1,0,114,0,,,,,869,43,32,,,60,60,68.0,16 October 2024,
PEUGEOT,208,PureTech 75 (VH) (K1T500),M5,Manual,1199,Petrol,Internal Combustion Engine (ICE),75,55,0,,,,Euro 6 EA,False,WLTP,41.2,49.4,54.9,44.9,47.9,0,6.9,5.7,5.1,6.3,5.9,0,132,0,,,,,869,43,32,,,60,60,68.0,16 October 2024,
PEUGEOT,208,PureTech 100 (VL) (Active Premium+ & Allure Premium+),M6,Manual,1199,Petrol,Internal Combustion Engine (ICE),101,74,0,,,,Euro 6 EA,False,WLTP,44.1,58,67.4,56.7,57.6,0,6.4,4.9,4.2,5,4.9,0,110,0,,,,,509,22,14,,0.40,60,60,67.0,16 October 2024,
PEUGEOT,208,PureTech 100 (VH) (Active Premium+ & Allure Premium+),M6,Manual,1199,Petrol,Internal Combustion Engine (ICE),101,74,0,,,,Euro 6 EA,False,WLTP,41.2,54.1,57.2,47.2,49.5,0,6.9,5.6,4.9,6,5.7,0,128,0,,,,,509,22,14,,0.40,60,60,67.0,16 October 2024,
PEUGEOT,208,PureTech 100 (VL) (GT),M6,Manual,1199,Petrol,Internal Combustion Engine (ICE),101,74,0,,,,Euro 6 EA,False,WLTP,44.1,58,67.4,56.7,57.6,0,6.4,4.2,4.2,5,4.9,0,110,0,,,,,509,22,14,,0.40,60,60,67.0,16 October 2024,
PEUGEOT,208,PureTech 100 (VH) (GT),M6,Manual,1199,Petrol,Internal Combustion Engine (ICE),101,74,0,,,,Euro 6 EA,False,WLTP,41.2,50.1,57.2,47.2,49.5,0,6.9,5.6,4.9,6,5.7,0,128,0,,,,,509,22,14,,0.40,60,60,67.0,16 October 2024,
PEUGEOT,208,HYBRID 100 e-DSC6 (VL) (Active Premium+ & Allure Premium+),A6,Automatic,1199,Petrol Electric,Mild Hybrid Electric Vehicle (MHEV),101,74,0,,,,Euro 6 EA,False,WLTP,74.1,73.3,74.2,55.1,65.9,0,3.8,3.9,3.8,5.1,4.3,0,96,0,,,,,520,25,14,,0.18,60,60,65.0,16 October 2024,
PEUGEOT,208,HYBRID 100 e-DSC6 (VH) (Active Premium+ & Allure Premium+),A6,Automatic,1199,Petrol Electric,Mild Hybrid Electric Vehicle (MHEV),101,74,0,,,,Euro 6 EA,False,WLTP,61.1,60.3,60.9,46.8,54.9,0,4.6,4.7,4.6,6,5.1,0,116,0,,,,,520,25,14,,0.18,60,60,65.0,16 October 2024,
PEUGEOT,208,HYBRID 100 e-DSC6 (VL) (GT),A6,Automatic,1199,Petrol Electric,Mild Hybrid Electric Vehicle (MHEV),101,74,0,,,,Euro 6 EA,False,WLTP,74.1,73.3,74.2,55.1,4.3,0,3.8,3.9,3.8,5.1,4.3,0,96,0,,,,,520,25,14,,,60,60,65.0,19 November 2024,
PEUGEOT,208,HYBRID 100 e-DSC6 (VH) (GT),A6,Automatic,1199,Petrol Electric,Mild Hybrid Electric Vehicle (MHEV),101,74,0,,,,Euro 6 EA,False,WLTP,61.1,60.3,60.9,46.8,48.7,0,4.6,4.7,4.6,6,5.1,0,116,0,,,,,520,25,14,,0.18,60,60,65.0,16 October 2024,
PEUGEOT,208,HYBRID 136 e-DSC6 (VL) (GT),A6,Automatic,1199,Petrol Electric,Mild Hybrid Electric Vehicle (MHEV),136,100,0,,,,Euro 6 EA,False,WLTP,74.7,71.8,73.7,53.9,65,0,3.8,3.9,3.8,5.2,4.3,0,97,0,,,,,480,40,17,,,60,60,65.0,16 October 2024,
PEUGEOT,208,HYBRID 136 e-DSC6 (VH) (GT),A6,Automatic,1199,Petrol Electric,Mild Hybrid Electric Vehicle (MHEV),136,100,0,,,,Euro 6 EA,False,WLTP,62.6,59.4,60.6,46,54.5,0,4.5,4.8,4.7,6.1,5.2,0,117,0,,,,,480,40,17,,,60,60,65.0,16 October 2024,
PEUGEOT,308,PureTech 130 (VL) FPHNST-B11G00,A8,Automatic,1199,Petrol,Internal Combustion Engine (ICE),131,96,0,,,,Euro 6 EA,False,WLTP,40.3,50.9,60.3,51.8,51.9,0,7,5.5,4.7,5.5,5.4,0,123,0,,,,,302,22,41,,,60,60,66.0,16 October 2024,
PEUGEOT,308,PureTech 130 (VH) FPHNST-B11G00,A8,Automatic,1199,Petrol,Internal Combustion Engine (ICE),131,96,0,,,,Euro 6 EA,False,WLTP,35.5,43.4,50.4,41.7,43.3,0,8,6.5,5.6,6.8,6.5,0,147,0,,,,,302,22,41,,,60,60,66.0,16 October 2024,
PEUGEOT,308,PureTech 130 (VL) FPHNST-B11G01,A8,Automatic,1199,Petrol,Internal Combustion Engine (ICE),131,96,0,,,,Euro 6 EA,False,WLTP,40.3,50.9,60.3,51.8,51.9,0,7,5.5,4.7,5.5,5.4,0,123,0,,,,,302,22,41,,,60,60,66.0,16 October 2024,
PEUGEOT,308,PureTech 130 (VH) FPHNST-B11G01,A8,Automatic,1199,Petrol,Internal Combustion Engine (ICE),131,96,0,,,,Euro 6 EA,False,WLTP,35.5,43.4,50.4,41.7,43.3,0,8,6.5,5.6,6.8,6.5,0,147,0,,,,,302,22,41,,,60,60,66.0,16 October 2024,
PEUGEOT,308,PureTech 130 (VL) FPHNST-B11J00,A8,Automatic,1199,Petrol,Internal Combustion Engine (ICE),131,96,0,,,,Euro 6 EA,False,WLTP,40.3,50.9,60.3,51.8,51.9,0,7,5.5,4.7,5.5,5.4,0,123,0,,,,,302,22,41,,,60,60,66.0,16 October 2024,
PEUGEOT,308,PureTech 130 (VH) FPHNST-B11J00,A8,Automatic,1199,Petrol,Internal Combustion Engine (ICE),131,96,0,,,,Euro 6 EA,False,WLTP,35.5,43.4,50.4,41.7,43.3,0,8,6.5,5.6,6.8,6.5,0,147,0,,,,,302,22,41,,,60,60,66.0,16 October 2024,
PEUGEOT,308,PureTech 130 (VL) FPHNST-B11J01,A8,Automatic,1199,Petrol,Internal Combustion Engine (ICE),131,96,0,,,,Euro 6 EA,False,WLTP,40.3,50.9,60.3,51.8,51.9,0,7,5.5,4.7,5.5,5.4,0,123,0,,,,,302,22,41,,,60,60,66.0,16 October 2024,
PEUGEOT,308,PureTech 130 (VH) FPHNST-B11J01,A8,Automatic,1199,Petrol,Internal Combustion Engine (ICE),131,96,0,,,,Euro 6 EA,False,WLTP,35.5,43.4,50.4,41.7,43.3,0,8,6.5,5.6,6.8,6.5,0,147,0,,,,,302,22,41,,,60,60,66.0,16 October 2024,
PEUGEOT,308,PureTech 130 (VL) FPHNST-B1YJ00,A8,Automatic,1199,Petrol,Internal Combustion Engine (ICE),131,96,0,,,,Euro 6 EA,False,WLTP,40.3,50.9,60.3,51.8,51.9,0,7,5.5,4.7,5.5,5.4,0,123,0,,,,,302,22,41,,,60,60,66.0,16 October 2024,
PEUGEOT,308,PureTech 130 (VH) FPHNST-B1YJ00,A8,Automatic,1199,Petrol,Internal Combustion Engine (ICE),131,96,0,,,,Euro 6 EA,False,WLTP,35.5,43.4,50.4,41.7,43.3,0,8,6.5,5.6,6.8,6.5,0,147,0,,,,,302,22,41,,,60,60,66.0,16 October 2024,
PEUGEOT,308,PureTech 130 (VL) FPHNST-B1YJ01,A8,Automatic,1199,Petrol,Internal Combustion Engine (ICE),131,96,0,,,,Euro 6 EA,False,WLTP,40.3,50.9,60.3,51.8,51.9,0,7,5.5,4.7,5.5,5.4,0,123,0,,,,,302,22,41,,,60,60,66.0,16 October 2024,
PEUGEOT,308,PureTech 130 (VH) FPHNST-B1YJ01,A8,Automatic,1199,Petrol,Internal Combustion Engine (ICE),131,96,0,,,,Euro 6 EA,False,WLTP,35.5,43.4,50.4,41.7,43.3,0,8,6.5,5.6,6.8,6.5,0,147,0,,,,,302,22,41,,,60,60,66.0,16 October 2024,
PEUGEOT,308,PureTech 130 (VL) (GT),A8,Automatic,1199,Petrol,Internal Combustion Engine (ICE),131,96,0,,,,Euro 6 EA,False,WLTP,40.3,50.9,60.3,51.8,51.9,0,7,5.5,4.7,5.5,5.4,0,123,0,,,,,302,22,41,,,60,60,66.0,16 October 2024,
PEUGEOT,308,PureTech 130 (VH) (GT),A8,Automatic,1199,Petrol,Internal Combustion Engine (ICE),131,96,0,,,,Euro 6 EA,False,WLTP,35.5,43.4,50.4,41.7,43.3,0,8,6.5,5.6,6.8,6.5,0,147,0,,,,,302,22,41,,,60,60,66.0,16 October 2024,
PEUGEOT,308,BlueHDI 130 (VL),A8,Automatic,1499,Diesel,Internal Combustion Engine (ICE),131,96,0,,,,Euro 6 EA,True,WLTP,48.8,59.7,68.9,57.7,59.6,0,5.8,4.7,4.1,4.9,4.7,0,124,0,,,,,43,,51,56,0.35,80,80,68.0,16 October 2024,
PEUGEOT,308,BlueHDI 130 (VH),A8,Automatic,1499,Diesel,Internal Combustion Engine (ICE),131,96,0,,,,Euro 6 EA,True,WLTP,43.2,50.9,57,47.5,50.1,0,6.5,5.5,5,5.9,5.6,0,148,0,,,,,43,,51,56,0.35,80,80,68.0,16 October 2024,
PEUGEOT,308,BlueHDI 130 (VL) (GT),A8,Automatic,1499,Diesel,Internal Combustion Engine (ICE),131,96,0,,,,Euro 6 EA,True,WLTP,48.8,59.7,68.9,57.7,59.6,0,5.8,4.7,4.1,4.9,4.7,0,124,0,,,,,43,,51,56,0.35,80,80,68.0,16 October 2024,
PEUGEOT,308,BlueHDI 130 (VH) (GT),A8,Automatic,1499,Diesel,Internal Combustion Engine (ICE),131,96,0,,,,Euro 6 EA,True,WLTP,43.2,50.9,57,47.5,50.1,0,6.5,5.5,5,5.9,5.6,0,148,0,,,,,43,,51,56,0.35,80,80,68.0,16 October 2024,
PEUGEOT,308,HYBRID 136 e-DSC6 (VL) FPHPYC-B1UN00,A6,Automatic,1199,Petrol Electric,Mild Hybrid Electric Vehicle (MHEV),136,100,0,,,,Euro 6 EA,False,WLTP,68.7,64.1,71.7,54.1,62.6,0,4.1,4.4,3.9,5.2,4.5,0,102,0,,,,,730,20,13,,0.04,60,60,68.0,16 October 2024,
PEUGEOT,308,HYBRID 136 e-DSC6 (VH) FPHPYC-B1UN00,A6,Automatic,1199,Petrol Electric,Mild Hybrid Electric Vehicle (MHEV),136,100,0,,,,Euro 6 EA,False,WLTP,51.5,49.2,53.6,43.6,48.5,0,5.5,5.7,5.3,6.5,5.8,0,131,0,,,,,730,20,13,,0.04,60,60,68.0,16 October 2024,
PEUGEOT,308,HYBRID 136 e-DSC6 (VL) FPHPYC-B1UM00,A6,Automatic,1199,Petrol Electric,Mild Hybrid Electric Vehicle (MHEV),136,100,0,,,,Euro 6 EA,False,WLTP,68.7,64.1,71.7,54.1,62.6,0,4.1,4.4,3.9,5.2,4.5,0,102,0,,,,,730,20,13,,0.04,60,60,68.0,16 October 2024,
PEUGEOT,308,HYBRID 136 e-DSC6 (VH) FPHPYC-B1UM00,A6,Automatic,1199,Petrol Electric,Mild Hybrid Electric Vehicle (MHEV),136,100,0,,,,Euro 6 EA,False,WLTP,51.5,49.2,53.6,43.6,48.5,0,5.5,5.7,5.3,6.5,5.8,0,131,0,,,,,730,20,13,,0.04,60,60,68.0,16 October 2024,
PEUGEOT,308,HYBRID 136 e-DSC6 (VL) (GT),A6,Automatic,1199,Petrol Electric,Mild Hybrid Electric Vehicle (MHEV),136,100,0,,,,Euro 6 EA,False,WLTP,68.7,64.1,71.7,54.1,62.6,0,4.1,4.4,3.9,5.2,4.5,0,102,0,,,,,730,20,13,,0.04,60,60,68.0,16 October 2024,
PEUGEOT,308,HYBRID 136 e-DSC6 (VH) (GT),A6,Automatic,1199,Petrol Electric,Mild Hybrid Electric Vehicle (MHEV),136,100,0,,,,Euro 6 EA,False,WLTP,51.5,49.2,53.6,43.6,48.5,0,5.5,5.7,5.3,6.5,5.8,0,131,0,,,,,730,20,13,,0.04,60,60,68.0,16 October 2024,
PEUGEOT,308,HYBRID 180 (VL) (GT +Allure),A8,Automatic,1598,Electricity / Petrol,Plug-in Hybrid Electric Vehicle (PHEV),150,110,3.9,156,56,35,Euro 6 EA,False,WLTP,36.1,52.1,56.5,44.9,47.7,242.7,7.8,5.4,5,6.3,5.9,1.2,134,26,35,56,39,63,229,22,4,,0.42,60,60,67.0,16 October 2024,
PEUGEOT,308,HYBRID 180 (VH) (GT+Allure),A8,Automatic,1598,Electricity / Petrol,Plug-in Hybrid Electric Vehicle (PHEV),150,110,3.6,169,58,36,Euro 6 EA,False,WLTP,33.8,49,51.4,41.1,44,199.4,8.4,5.8,5.5,6.9,6.4,1.4,145,32,36,58,42,67,229,22,4,,0.42,60,60,67.0,16 October 2024,
PEUGEOT,308,HYBRID 225 (VH) (GT),A8,Automatic,1598,Electricity / Petrol,Plug-in Hybrid Electric Vehicle (PHEV),179,132,3.4,182,56,35,Euro 6 EA,False,WLTP,30.4,50.3,50.4,43.3,44,199.4,9.3,5.6,5.6,6.5,6.4,1.4,145,32,35,56,39,62,235,12,5,,0.21,60,60,65.0,16 October 2024,
PEUGEOT,308,Electric 54 kWh (VL),A1,Electric - Not Applicable,0,Electricity,Battery Electric Vehicle (BEV) / Pure Electric Vehicle / Electric Vehicle (EV),156,115,4.3,144,429,267,Euro 6-WLTP (for BEVs only),False,WLTP,0,0,0,0,0,0,0,0,0,0,0,0,0,0,0,,341,549,0,,,,,,,66.0,16 October 2024,
PEUGEOT,308,Electric 54 kWh (VH),A1,Electric - Not Applicable,0,Electricity,Battery Electric Vehicle (BEV) / Pure Electric Vehicle / Electric Vehicle (EV),156,115,3.8,162,381,237,Euro 6-WLTP (for BEVs only),False,WLTP,0,0,0,0,0,0,0,0,0,0,0,0,0,0,0,,308,496,0,,,,,,,66.0,16 October 2024,
PEUGEOT,308,Electric 54 kWh (VL) (GT),A1,Electric - Not Applicable,0,Electricity,Battery Electric Vehicle (BEV) / Pure Electric Vehicle / Electric Vehicle (EV),156,115,4.3,144,429,267,Euro 6-WLTP (for BEVs only),False,WLTP,0,0,0,0,0,0,0,0,0,0,0,0,0,0,0,,341,549,0,,,,,,,66.0,16 October 2024,
PEUGEOT,308,Electric 54 kWh (VH) (GT),A1,Electric - Not Applicable,0,Electricity,Battery Electric Vehicle (BEV) / Pure Electric Vehicle / Electric Vehicle (EV),156,115,3.8,162,381,237,Euro 6-WLTP (for BEVs only),False,WLTP,0,0,0,0,0,0,0,0,0,0,0,0,0,0,0,,308,496,0,,,,,,,66.0,16 October 2024,
PEUGEOT,308,HYBRID 225 (VL) (GT),A8,Automatic,1598,Electricity / Petrol,Plug-in Hybrid Electric Vehicle (PHEV),179,132,3.6,169,57,35,Euro 6 EA,False,WLTP,32.7,53,55.8,47.2,47.7,242.7,8.6,5.3,5.1,6,5.9,1.2,134,26,35,57,42,67,235,12,5,,0.21,60,60,65.0,16 October 2024,
PEUGEOT,408,PureTech 130 (VL) FPHNST-E11E00,A8,Automatic,1199,Petrol,Internal Combustion Engine (ICE),131,96,0,,,,Euro 6 EA,False,WLTP,39.2,46.7,54.5,45.9,47.3,0,7.2,6.1,5.2,6.1,6,0,135,0,,,,,392,21,40,,0.25,60,60,68.0,16 October 2024,
PEUGEOT,408,PureTech 130 (VH) FPHNST-E11E00,A8,Automatic,1199,Petrol,Internal Combustion Engine (ICE),131,96,0,,,,Euro 6 EA,False,WLTP,35.2,40.8,46.4,38,40.4,0,8,6.9,6.1,7.4,7,0,158,0,,,,,392,21,40,,0.25,60,60,68.0,16 October 2024,
PEUGEOT,408,PureTech 130 (VL) FPHNST-E11E01,A8,Automatic,1199,Petrol,Internal Combustion Engine (ICE),131,96,0,,,,Euro 6 EA,False,WLTP,39.2,46.7,54.5,45.9,47.3,0,7.2,6.1,5.2,6.1,6,0,135,0,,,,,392,21,40,,0.25,60,60,68.0,16 October 2024,
PEUGEOT,408,PureTech 130 (VH) FPHNST-E11E01,A8,Automatic,1199,Petrol,Internal Combustion Engine (ICE),131,96,0,,,,Euro 6 EA,False,WLTP,35.2,40.8,46.4,38,40.4,0,8,6.9,6.1,7.4,7,0,158,0,,,,,392,21,40,,0.25,60,60,68.0,16 October 2024,
PEUGEOT,408,PureTech 130 (VL) FPHNST-E11F00,A8,Automatic,1199,Petrol,Internal Combustion Engine (ICE),131,96,0,,,,Euro 6 EA,False,WLTP,39.2,46.7,54.5,45.9,47.3,0,7.2,6.1,5.2,6.1,6,0,135,0,,,,,392,21,40,,0.25,60,60,68.0,16 October 2024,
PEUGEOT,408,PureTech 130 (VH) FPHNST-E11F00,A8,Automatic,1199,Petrol,Internal Combustion Engine (ICE),131,96,0,,,,Euro 6 EA,False,WLTP,35.2,40.8,46.4,38,40.4,0,8,6.9,6.1,7.4,7,0,158,0,,,,,392,21,40,,0.25,60,60,68.0,16 October 2024,
PEUGEOT,408,HYBRID 136 e-DSC6 (VL) FPHPYC-E1UN00,A6,Automatic,1199,Petrol Electric,Mild Hybrid Electric Vehicle (MHEV),136,100,0,,,,Euro 6 EA,False,WLTP,69.5,63,66.3,49.3,58.8,0,4.1,4.5,4.3,5.7,4.8,0,108,0,,,,,406,18,18,,0.21,60,60,66.0,16 October 2024,
PEUGEOT,408,HYBRID 136 e-DSC6 (VH) FPHPYC-E1UN00,A7,Automatic,1199,Petrol Electric,Mild Hybrid Electric Vehicle (MHEV),136,100,0,,,,Euro 6 EA,False,WLTP,53.6,50.7,53.5,47.9,41.6,0,5.3,5.6,5.3,6.9,5.9,0,133,0,,,,,406,18,18,,0.21,60,60,66.0,16 October 2024,
PEUGEOT,408,HYBRID 180 (VL),A8,Automatic,1598,Electricity / Petrol,Plug-in Hybrid Electric Vehicle (PHEV),150,110,3.8,160,56,35,Euro 6 EA,False,WLTP,34.2,52.8,54.1,44.7,46.7,231.9,8.3,5.4,5.2,6.3,6,1.2,137,28,35,56,41,66,188,11,4,,0.22,60,60,66.0,16 October 2024,
PEUGEOT,408,HYBRID 180 (VH),A8,Automatic,1598,Electricity / Petrol,Plug-in Hybrid Electric Vehicle (PHEV),150,110,3.5,174,53,33,Euro 6 EA,False,WLTP,30.6,47.1,48.5,39.3,41.6,174.3,9.2,6,5.8,7.2,6.8,1.6,154,37,33,53,40,64,188,11,4,,0.22,60,60,66.0,16 October 2024,
PEUGEOT,408,Electric 58 kWh (VL),A1,Electric - Not Applicable,0,Electricity,Battery Electric Vehicle (BEV) / Pure Electric Vehicle / Electric Vehicle (EV),210,157,4.3,144,471,293,Euro 6-WLTP (for BEVs only),False,WLTP,0,0,0,0,0,0,0,0,0,0,0,0,0,0,0,,235,378,0,,,,,,,66.0,16 October 2024,
PEUGEOT,408,Electric 58 kWh (VH),A1,Electric - Not Applicable,0,Electricity,Battery Electric Vehicle (BEV) / Pure Electric Vehicle / Electric Vehicle (EV),210,157,3.5,177,383,238,Euro 6-WLTP (for BEVs only),False,WLTP,0,0,0,0,0,0,0,0,0,0,0,0,0,0,0,,189,304,0,,,,,,,66.0,16 October 2024,
PEUGEOT,408,PureTech 130 (VL) (GT),A8,Automatic,1199,Petrol,Internal Combustion Engine (ICE),131,96,0,,,,Euro 6 EA,False,WLTP,39.2,46.7,54.5,45.9,47.3,0,7.2,6.1,5.2,6.1,6,0,135,0,,,,,392,21,40,,0.25,60,60,68.0,16 October 2024,
PEUGEOT,408,PureTech 130 (VH) (GT),A8,Automatic,1199,Petrol,Internal Combustion Engine (ICE),131,96,0,,,,Euro 6 EA,False,WLTP,35.2,40.8,46.4,38,40.4,0,8,6.9,6.1,7.4,7,0,158,0,,,,,392,21,40,,0.25,60,60,68.0,16 October 2024,
PEUGEOT,408,HYBRID 136 e-DSC6 (VL) GT,A6,Automatic,1199,Petrol Electric,Mild Hybrid Electric Vehicle (MHEV),136,100,0,,,,Euro 6 EA,False,WLTP,69.5,63,66.3,49.3,58.8,0,4.1,4.5,4.3,5.7,4.8,0,108,0,,,,,406,18,18,,0.21,60,60,66.0,16 October 2024,
PEUGEOT,408,HYBRID 136 e-DSC6 (VH) GT,A7,Automatic,1199,Petrol Electric,Mild Hybrid Electric Vehicle (MHEV),136,100,0,,,,Euro 6 EA,False,WLTP,53.6,50.7,53.5,47.9,41.6,0,5.3,5.6,5.3,6.9,5.9,0,133,0,,,,,406,18,18,,0.21,60,60,66.0,16 October 2024,
PEUGEOT,408,HYBRID 225 (VL),A8,Automatic,1598,Electricity / Petrol,Plug-in Hybrid Electric Vehicle (PHEV),179,132,3.8,160,56,35,Euro 6 EA,False,WLTP,35.5,50.5,54.4,44.9,46.8,232.3,8,5.6,5.2,6.3,6,1.2,137,28,35,56,41,66,169,10,4,,0.23,60,60,68.0,16 October 2024,
PEUGEOT,408,HYBRID 225 (VH),A8,Automatic,1598,Electricity / Petrol,Plug-in Hybrid Electric Vehicle (PHEV),179,132,3.6,169,55,34,Euro 6 EA,False,WLTP,33.7,47.1,47.6,38.3,41.6,174.5,8.4,6,5.9,7.4,6.8,1.6,154,37,34,55,41,66,169,10,4,,0.23,60,60,68.0,16 October 2024,
PEUGEOT,308 SW,PureTech 130 (VH) (GT),A8,Automatic,1199,Petrol,Internal Combustion Engine (ICE),131,96,0,,,,Euro 6 EA,False,WLTP,35.5,43.4,50.4,41.7,43.3,0,8,6.5,5.6,6.8,6.5,0,147,0,,,,,302,22,41,,0.66,60,60,66.0,16 October 2024,
PEUGEOT,308 SW,BlueHDI 130 (VL) FCYHZT-D21700,A8,Automatic,1499,Diesel,Internal Combustion Engine (ICE),131,96,0,,,,Euro 6 EA,True,WLTP,48.8,59.7,68.9,57.7,59.6,0,5.8,4.7,4.1,4.9,4.7,0,124,0,,,,,43,,51,56,0.35,80,80,68.0,16 October 2024,
PEUGEOT,308 SW,BlueHDI 130 (VH) FCYHZT-D21700,A8,Automatic,1499,Diesel,Internal Combustion Engine (ICE),131,96,0,,,,Euro 6 EA,True,WLTP,43.2,50.9,57,47.5,50.1,0,6.5,5.5,5,5.9,5.6,0,148,0,,,,,43,,51,56,0.35,80,80,68.0,16 October 2024,
PEUGEOT,308 SW,BlueHDI 130 (VL) FCYHZT-D2Y700,A8,Automatic,1499,Diesel,Internal Combustion Engine (ICE),131,96,0,,,,Euro 6 EA,True,WLTP,48.8,59.7,68.9,57.7,59.6,0,5.8,4.7,4.1,4.9,4.7,0,124,0,,,,,43,,51,56,0.35,80,80,68.0,16 October 2024,
PEUGEOT,308 SW,BlueHDI 130 (VH) FCYHZT-D2Y700,A8,Automatic,1499,Diesel,Internal Combustion Engine (ICE),131,96,0,,,,Euro 6 EA,True,WLTP,43.2,50.9,57,47.5,50.1,0,6.5,5.5,5,5.9,5.6,0,148,0,,,,,43,,51,56,0.35,80,80,68.0,16 October 2024,
PEUGEOT,308 SW,BlueHDI 130 (VL) (GT),A8,Automatic,1499,Diesel,Internal Combustion Engine (ICE),131,96,0,,,,Euro 6 EA,True,WLTP,48.8,59.7,68.9,57.7,59.6,0,5.8,4.7,4.1,4.9,4.7,0,124,0,,,,,43,,51,56,0.35,80,80,68.0,16 October 2024,
PEUGEOT,308 SW,BlueHDI 130 (VH) (GT),A8,Automatic,1499,Diesel,Internal Combustion Engine (ICE),131,96,0,,,,Euro 6 EA,True,WLTP,43.2,50.9,57,47.5,50.1,0,6.5,5.5,5,5.9,5.6,0,148,0,,,,,43,,51,56,0.35,80,80,68.0,16 October 2024,
PEUGEOT,308 SW,HYBRID 136 e-DSC6 (VL),A6,Automatic,1199,Petrol Electric,Mild Hybrid Electric Vehicle (MHEV),136,100,0,,,,Euro 6 EA,False,WLTP,68.7,64.1,71.7,54.1,62.6,0,4.1,4.4,3.9,5.2,4.5,0,102,0,,,,,730,20,13,,0.04,60,60,68.0,16 October 2024,
PEUGEOT,308 SW,HYBRID 136 e-DSC6 (VH),A7,Automatic,1199,Petrol Electric,Mild Hybrid Electric Vehicle (MHEV),136,100,0,,,,Euro 6 EA,False,WLTP,51.5,49.2,53.6,43.6,48.5,0,5.5,5.7,5.3,6.5,5.8,0,131,0,,,,,730,20,13,,0.04,60,60,68.0,16 October 2024,
PEUGEOT,308 SW,HYBRID 136 e-DSC6 (VL) (GT),A8,Automatic,1199,Petrol Electric,Mild Hybrid Electric Vehicle (MHEV),136,100,0,,,,Euro 6 EA,False,WLTP,68.7,64.1,71.7,54.1,62.6,0,4.1,4.4,3.9,5.2,4.5,0,102,0,,,,,730,20,13,,0.04,60,60,68.0,16 October 2024,
PEUGEOT,308 SW,HYBRID 136 e-DSC6 (VH) (GT),A9,Automatic,1199,Petrol Electric,Mild Hybrid Electric Vehicle (MHEV),136,100,0,,,,Euro 6 EA,False,WLTP,51.5,49.2,53.6,43.6,48.5,0,5.5,5.7,5.3,6.5,5.8,0,131,0,,,,,730,20,13,,0.04,60,60,68.0,16 October 2024,
PEUGEOT,308 SW,HYBRID 180 (VL),A8,Automatic,1598,Electricity / Petrol,Plug-in Hybrid Electric Vehicle (PHEV),150,110,3.9,156,56,35,Euro 6 EA,False,WLTP,36.1,52.1,56.5,44.9,47.7,242.7,7.8,5.4,5,6.3,5.9,1.2,134,26,35,56,39,63,229,22,4,,,60,60,67.0,16 October 2024,
PEUGEOT,308 SW,HYBRID 180 (VH),A8,Automatic,1598,Electricity / Petrol,Plug-in Hybrid Electric Vehicle (PHEV),150,110,3.6,169,58,36,Euro 6 EA,False,WLTP,33.8,49,51.4,41.1,44,199.4,8.4,5.8,5.5,6.9,6.4,1.4,145,32,36,58,42,67,229,22,4,,,60,60,67.0,16 October 2024,
PEUGEOT,308 SW,HYBRID 225 (VL),A8,Automatic,1598,Electricity / Petrol,Plug-in Hybrid Electric Vehicle (PHEV),179,132,3.6,169,57,35,Euro 6 EA,False,WLTP,32.7,53,55.8,47.2,47.7,242.7,8.6,5.3,5.1,6,5.9,1.2,134,26,35,57,42,67,235,12,5,,0.21,60,60,65.0,16 October 2024,
PEUGEOT,308 SW,HYBRID 225 (VH),A8,Automatic,1598,Electricity / Petrol,Plug-in Hybrid Electric Vehicle (PHEV),179,132,3.4,182,56,35,Euro 6 EA,False,WLTP,30.4,50.3,50.4,43.3,44,199.4,9.3,5.6,5.6,6.5,6.4,1.4,145,32,35,56,39,62,235,12,5,,0.21,60,60,65.0,16 October 2024,
PEUGEOT,308 SW,Electric 54 kWh (VL),A1,Electric - Not Applicable,0,Electricity,Battery Electric Vehicle (BEV) / Pure Electric Vehicle / Electric Vehicle (EV),156,115,4.3,144,429,267,Euro 6-WLTP (for BEVs only),False,WLTP,0,0,0,0,0,0,0,0,0,0,0,0,0,0,0,,341,549,0,,,,,,,66.0,16 October 2024,
PEUGEOT,308 SW,Electric 54 kWh (VH),A1,Electric - Not Applicable,0,Electricity,Battery Electric Vehicle (BEV) / Pure Electric Vehicle / Electric Vehicle (EV),156,115,3.8,162,381,237,Euro 6-WLTP (for BEVs only),False,WLTP,0,0,0,0,0,0,0,0,0,0,0,0,0,0,0,,308,496,0,,,,,,,66.0,16 October 2024,
PEUGEOT,308 SW,Electric 54 kWh (VL),A1,Electric - Not Applicable,0,Electricity,Battery Electric Vehicle (BEV) / Pure Electric Vehicle / Electric Vehicle (EV),156,115,4.3,144,429,267,Euro 6-WLTP (for BEVs only),False,WLTP,0,0,0,0,0,0,0,0,0,0,0,0,0,0,0,,341,549,0,,,,,,,66.0,16 October 2024,
PEUGEOT,308 SW,Electric 54 kWh (VH),A1,Electric - Not Applicable,0,Electricity,Battery Electric Vehicle (BEV) / Pure Electric Vehicle / Electric Vehicle (EV),156,115,3.8,162,381,237,Euro 6-WLTP (for BEVs only),False,WLTP,0,0,0,0,0,0,0,0,0,0,0,0,0,0,0,,308,496,0,,,,,,,66.0,16 October 2024,
PEUGEOT,308 SW,PureTech 130 (VL) FRHNST-D11G00,A8,Automatic,1199,Petrol,Internal Combustion Engine (ICE),131,96,0,,,,Euro 6 EA,False,WLTP,40.3,50.9,60.3,51.8,51.9,0,7,5.5,4.7,5.5,5.4,0,123,0,,,,,302,22,41,,0.66,60,60,66.0,16 October 2024,
PEUGEOT,308 SW,PureTech 130 (VH) FRHNST-D11G00,A8,Automatic,1199,Petrol,Internal Combustion Engine (ICE),131,96,0,,,,Euro 6 EA,False,WLTP,35.5,43.4,50.4,41.7,43.3,0,8,6.5,5.6,6.8,6.5,0,147,0,,,,,302,22,41,,0.66,60,60,66.0,16 October 2024,
PEUGEOT,308 SW,PureTech 130 (VL) FRHNST-D11G01,A8,Automatic,1199,Petrol,Internal Combustion Engine (ICE),131,96,0,,,,Euro 6 EA,False,WLTP,40.3,50.9,60.3,51.8,51.9,0,7,5.5,4.7,5.5,5.4,0,123,0,,,,,302,22,41,,0.66,60,60,66.0,16 October 2024,
PEUGEOT,308 SW,PureTech 130 (VH) FRHNST-D11G01,A8,Automatic,1199,Petrol,Internal Combustion Engine (ICE),131,96,0,,,,Euro 6 EA,False,WLTP,35.5,43.4,50.4,41.7,43.3,0,8,6.5,5.6,6.8,6.5,0,147,0,,,,,302,22,41,,0.66,60,60,66.0,16 October 2024,
PEUGEOT,308 SW,PureTech 130 (VL) FRHNST-D11J00,A8,Automatic,1199,Petrol,Internal Combustion Engine (ICE),131,96,0,,,,Euro 6 EA,False,WLTP,40.3,50.9,60.3,51.8,51.9,0,7,5.5,4.7,5.5,5.4,0,123,0,,,,,302,22,41,,0.66,60,60,66.0,16 October 2024,
PEUGEOT,308 SW,PureTech 130 (VH) FRHNST-D11J00,A8,Automatic,1199,Petrol,Internal Combustion Engine (ICE),131,96,0,,,,Euro 6 EA,False,WLTP,35.5,43.4,50.4,41.7,43.3,0,8,6.5,5.6,6.8,6.5,0,147,0,,,,,302,22,41,,0.66,60,60,66.0,16 October 2024,
PEUGEOT,308 SW,PureTech 130 (VL) FRHNST-D11J01,A8,Automatic,1199,Petrol,Internal Combustion Engine (ICE),131,96,0,,,,Euro 6 EA,False,WLTP,40.3,50.9,60.3,51.8,51.9,0,7,5.5,4.7,5.5,5.4,0,123,0,,,,,302,22,41,,0.66,60,60,66.0,16 October 2024,
PEUGEOT,308 SW,PureTech 130 (VH) FRHNST-D11J01,A8,Automatic,1199,Petrol,Internal Combustion Engine (ICE),131,96,0,,,,Euro 6 EA,False,WLTP,35.5,43.4,50.4,41.7,43.3,0,8,6.5,5.6,6.8,6.5,0,147,0,,,,,302,22,41,,0.66,60,60,66.0,16 October 2024,
PEUGEOT,308 SW,PureTech 130 (VL) FRHNST-D1YJ01,A8,Automatic,1199,Petrol,Internal Combustion Engine (ICE),131,96,0,,,,Euro 6 EA,False,WLTP,40.3,50.9,60.3,51.8,51.9,0,7,5.5,4.7,5.5,5.4,0,123,0,,,,,302,22,41,,0.66,60,60,66.0,16 October 2024,
PEUGEOT,308 SW,PureTech 130 (VH) FRHNST-D1YJ01,A8,Automatic,1199,Petrol,Internal Combustion Engine (ICE),131,96,0,,,,Euro 6 EA,False,WLTP,35.5,43.4,50.4,41.7,43.3,0,8,6.5,5.6,6.8,6.5,0,147,0,,,,,302,22,41,,0.66,60,60,66.0,16 October 2024,
PEUGEOT,308 SW,PureTech 130 (VL) (GT),A8,Automatic,1199,Petrol,Internal Combustion Engine (ICE),131,96,0,,,,Euro 6 EA,False,WLTP,40.3,50.9,60.3,51.8,51.9,0,7,5.5,4.7,5.5,5.4,0,123,0,,,,,302,22,41,,0.66,60,60,66.0,16 October 2024,
PEUGEOT,508 SW,PureTech 130 (VL),A8,Automatic,1199,Petrol,Internal Combustion Engine (ICE),131,96,0,,,,Euro 6 EA,False,WLTP,37,48,56.8,51.5,49.5,0,7.6,5.9,5,5.5,5.7,0,128,0,,,,,341,20,38,,0.30,60,60,69.0,16 October 2024,
PEUGEOT,508 SW,PureTech 130 (VH),A8,Automatic,1199,Petrol,Internal Combustion Engine (ICE),131,96,0,,,,Euro 6 EA,False,WLTP,34,41.5,48.2,42.3,42.7,0,8.3,6.8,5.9,6.7,6.7,0,150,0,,,,,341,20,38,,0.30,60,60,69.0,16 October 2024,
PEUGEOT,508 SW,PLUG-IN HYBRID 225 (VL),A8,Automatic,1598,Electricity / Petrol,Plug-in Hybrid Electric Vehicle (PHEV),181,133,3.7,165,54,34,Euro 6 EA,False,WLTP,34.1,49.3,54.5,45.7,46.6,274.8,8.3,5.7,5.2,6.2,6.1,1.2,137,28,34,54,36,58,291,14,4,,0.10,60,60,67.0,16 October 2024,
PEUGEOT,508 SW,PLUG-IN HYBRID 225 (VH),A8,Automatic,1598,Electricity / Petrol,Plug-in Hybrid Electric Vehicle (PHEV),181,133,3.3,187,48,30,Euro 6 EA,False,WLTP,32,43.8,46.7,38.6,40.7,193.6,8.8,6.5,6,7.3,6.9,1.8,157,41,30,48,37,59,291,14,4,,0.10,60,60,67.0,16 October 2024,
PEUGEOT,508 SW,PLUG-IN HYBRID 360,A8,Automatic,1598,Electricity / Petrol,Plug-in Hybrid Electric Vehicle (PHEV),200,147,3.3,188,46,29,Euro 6 EA,False,WLTP,26,38.7,42.7,36.2,36.5,141.9,10.9,7.3,6.6,7.8,7.7,2,175,45,29,46,32,51,200,12,10,,0.16,60,60,70.0,16 October 2024,
PEUGEOT,2008,PureTech 100 (VL) (Active),M6,Manual,1199,Petrol,Internal Combustion Engine (ICE),101,74,0,,,,Euro 6 EA,False,WLTP,43.7,55.6,59.7,48.9,52.3,0,6.5,5.1,4.7,5.8,5.4,0,122,0,,,,,280,29,35,,,60,60,66.0,16 October 2024,
PEUGEOT,2008,PureTech 100 (VH) (Active),M6,Manual,1199,Petrol,Internal Combustion Engine (ICE),101,74,0,,,,Euro 6 EA,False,WLTP,41.6,51.9,55.1,43.4,47.9,0,6.8,5.4,5.1,6.5,5.9,0,133,0,,,,,280,29,35,,,60,60,66.0,16 October 2024,
PEUGEOT,2008,PureTech 100 (VL) (Allure),M6,Manual,1199,Petrol,Internal Combustion Engine (ICE),101,74,0,,,,Euro 6 EA,False,WLTP,43.2,54.6,58.9,47.5,51.2,0,6.5,5.2,4.8,5.9,5.5,0,124,0,,,,,340,28,18,,,60,60,66.0,16 October 2024,
PEUGEOT,2008,PureTech 100 (VH) (Allure,M6,Manual,1199,Petrol,Internal Combustion Engine (ICE),101,74,0,,,,Euro 6 EA,False,WLTP,40.7,48.7,51.8,41.1,45.4,0,6.9,5.8,5.5,6.9,6.2,0,140,0,,,,,340,28,18,,,60,60,66.0,16 October 2024,
PEUGEOT,2008,PureTech 130 (VL) (Allure USHNSK-S1G500),M6,Manual,1199,Petrol,Internal Combustion Engine (ICE),131,96,0,,,,Euro 6 EA,False,WLTP,42.5,55,60,48.3,51.8,0,6.6,5.1,4.7,5.7,5.5,0,123,0,,,,,416,21,9,,,60,60,65.0,16 October 2024,
PEUGEOT,2008,PureTech 130 (VH) (Allure USHNSK-S1G500),M6,Manual,1199,Petrol,Internal Combustion Engine (ICE),131,96,0,,,,Euro 6 EA,False,WLTP,40.1,51.2,54.2,42.5,46.9,0,7,5.5,5.2,6.6,6,0,136,0,,,,,416,21,9,,,60,60,65.0,16 October 2024,
PEUGEOT,2008,PureTech 130 (VL) (Allure USHNSK-S1D500),M6,Manual,1199,Petrol,Internal Combustion Engine (ICE),131,96,0,,,,Euro 6 EA,False,WLTP,42.6,54.2,60.1,47.8,51.4,0,6.6,5.2,4.7,5.9,5.5,0,124,0,,,,,478,23,8,,,60,60,65.0,16 October 2024,
PEUGEOT,2008,PureTech 130 (VH) (Allure USHNSK-S1D500),M6,Manual,1199,Petrol,Internal Combustion Engine (ICE),131,96,0,,,,Euro 6 EA,False,WLTP,38.4,48,50.8,40.4,44.3,0,7.4,5.9,5.6,7,6.4,0,144,0,,,,,478,23,8,,,60,60,65.0,16 October 2024,
PEUGEOT,2008,PureTech 130 (VL) (Allure USHNSS-S1G500),A8,Automatic,1199,Petrol,Internal Combustion Engine (ICE),131,96,0,,,,Euro 6 EA,False,WLTP,37.6,49.4,57.2,46.8,48.5,0,7.5,5.7,4.9,6,5.8,0,131,0,,,,,333,22,26,,,60,60,65.0,16 October 2024,
PEUGEOT,2008,PureTech 130 (VH) (Allure USHNSS-S1G500),A8,Automatic,1199,Petrol,Internal Combustion Engine (ICE),131,96,0,,,,Euro 6 EA,False,WLTP,36.6,46.8,53.3,42,45,0,7.7,6,5.3,6.7,6.3,0,142,0,,,,,333,22,26,,,60,60,65.0,16 October 2024,
PEUGEOT,2008,PureTech 130 (VL) (Allure USHNSS-S1D500),A8,Automatic,1199,Petrol,Internal Combustion Engine (ICE),131,96,0,,,,Euro 6 EA,False,WLTP,38.7,48.9,56,45.3,47.8,0,7.3,5.8,5,6.2,5.9,0,133,0,,,,,332,22,22,,,60,60,65.0,16 October 2024,
PEUGEOT,2008,PureTech 130 (VH) (Allure USHNSS-S1D500),A8,Automatic,1199,Petrol,Internal Combustion Engine (ICE),131,96,0,,,,Euro 6 EA,False,WLTP,36.2,44.9,49.5,39.5,42.7,0,7.8,6.3,5.7,7.2,6.6,0,149,0,,,,,332,22,22,,,60,60,65.0,16 October 2024,
PEUGEOT,2008,PureTech 130 (VL) ( GT) USHNSS-S1G700,A8,Automatic,1199,Petrol,Internal Combustion Engine (ICE),131,96,0,,,,Euro 6 EA,False,WLTP,37.6,49.4,57.2,46.8,48.5,0,7.5,5.7,4.9,6,5.8,0,131,0,,,,,333,22,26,,,60,60,65.0,16 October 2024,
PEUGEOT,2008,PureTech 130 (VH) (GT) USHNSS-S1G700,A8,Automatic,1199,Petrol,Internal Combustion Engine (ICE),131,96,0,,,,Euro 6 EA,False,WLTP,36.6,46.8,53.3,42,45,0,7.7,6,5.3,6.7,6.2,0,142,0,,,,,333,22,26,,,60,60,65.0,16 October 2024,
PEUGEOT,2008,PureTech 130 (VL) (GT) USHNSS-S1D700,A8,Automatic,1199,Petrol,Internal Combustion Engine (ICE),131,96,0,,,,Euro 6 EA,False,WLTP,38.7,48.9,56,45.3,47.8,0,7.3,5.8,5,6.2,5.9,0,133,0,,,,,332,22,22,,,60,60,65.0,16 October 2024,
PEUGEOT,2008,PureTech 130 (VH) (GT) USHNSS-S1D700,A8,Automatic,1199,Petrol,Internal Combustion Engine (ICE),131,96,0,,,,Euro 6 EA,False,WLTP,36.2,44.9,49.5,39.5,42.7,0,7.8,6.3,5.7,7.2,6.6,0,149,0,,,,,332,22,22,,,60,60,65.0,16 October 2024,
PEUGEOT,2008,HYBRID 136 e-DSC6 (VL),A6,Automatic,1199,Petrol Electric,Mild Hybrid Electric Vehicle (MHEV),136,100,0,,,,Euro 6 EA,False,WLTP,68.8,71.9,67.8,52.3,62.1,0,4.1,3.9,4.2,5.4,4.5,0,102,0,,,,,422,25,16,,,60,60,67.0,16 October 2024,
PEUGEOT,2008,HYBRID 136 e-DSC6 (VH),A6,Automatic,1199,Petrol Electric,Mild Hybrid Electric Vehicle (MHEV),136,100,0,,,,Euro 6 EA,False,WLTP,60.6,58.1,55.6,42.6,51.1,0,4.7,4.9,5.1,6.6,5.5,0,125,0,,,,,422,25,16,,,60,60,67.0,16 October 2024,
PEUGEOT,2008,HYBRID 136 e-DSC6 (VL) (GT),A6,Automatic,1199,Petrol Electric,Mild Hybrid Electric Vehicle (MHEV),136,100,0,,,,Euro 6 EA,False,WLTP,68.8,71.9,67.8,52.3,62.1,0,4.1,3.9,4.2,5.4,4.5,0,102,0,,,,,422,25,16,,,60,60,67.0,16 October 2024,
PEUGEOT,2008,HYBRID 136 e-DSC6 (VH) (GT),A6,Automatic,1199,Petrol Electric,Mild Hybrid Electric Vehicle (MHEV),136,100,0,,,,Euro 6 EA,False,WLTP,60.6,58.1,55.6,42.6,51.1,0,4.7,4.9,5.1,6.6,5.5,0,125,0,,,,,422,25,16,,,60,60,67.0,16 October 2024,
PEUGEOT,2008,Electric 50 kWh (VL),A1,Electric - Not Applicable,0,Electricity,Battery Electric Vehicle (BEV) / Pure Electric Vehicle / Electric Vehicle (EV),136,100,4.3,143,374,232,Euro 6-WLTP (for BEVs only),False,WLTP,0,0,0,0,0,0,0,0,0,0,0,0,0,0,0,,310,499,0,,,,,,,67.0,16 October 2024,
PEUGEOT,2008,Electric 50 kWh (VH),A1,Electric - Not Applicable,0,Electricity,Battery Electric Vehicle (BEV) / Pure Electric Vehicle / Electric Vehicle (EV),136,100,3.7,167,324,201,Euro 6-WLTP (for BEVs only),False,WLTP,0,0,0,0,0,0,0,0,0,0,0,0,0,0,0,,282,454,0,,,,,,,67.0,16 October 2024,
PEUGEOT,2008,Electric 50 kWh (VL) (GT),A1,Electric - Not Applicable,0,Electricity,Battery Electric Vehicle (BEV) / Pure Electric Vehicle / Electric Vehicle (EV),136,100,4.3,143,374,232,Euro 6-WLTP (for BEVs only),False,WLTP,0,0,0,0,0,0,0,0,0,0,0,0,0,0,0,,310,499,0,,,,,,,67.0,16 October 2024,
PEUGEOT,2008,Electric 50 kWh (VH) (GT),A1,Electric - Not Applicable,0,Electricity,Battery Electric Vehicle (BEV) / Pure Electric Vehicle / Electric Vehicle (EV),136,100,3.7,167,324,201,Euro 6-WLTP (for BEVs only),False,WLTP,0,0,0,0,0,0,0,0,0,0,0,0,0,0,0,,282,454,0,,,,,,,67.0,16 October 2024,
PEUGEOT,2008,Electric 54 kWh (VL) (GT),A1,Electric - Not Applicable,0,Electricity,Battery Electric Vehicle (BEV) / Pure Electric Vehicle / Electric Vehicle (EV),156,115,4.3,142,436,271,Euro 6-WLTP (for BEVs only),False,WLTP,0,0,0,0,0,0,0,0,0,0,0,0,0,0,0,,364,585,0,,,,,,,66.0,24 October 2024,
PEUGEOT,2008,Electric 54 kWh (VH) (GT),A1,Electric - Not Applicable,0,Electricity,Battery Electric Vehicle (BEV) / Pure Electric Vehicle / Electric Vehicle (EV),156,115,3.7,167,366,227,Euro 6-WLTP (for BEVs only),False,WLTP,0,0,0,0,0,0,0,0,0,0,0,0,0,0,0,,319,513,0,,,,,,,66.0,24 October 2024,
PEUGEOT,3008,Electric 73 kWh (VL),A1,Electric - Not Applicable,0,Electricity,Battery Electric Vehicle (BEV) / Pure Electric Vehicle / Electric Vehicle (EV),210,157,3.8,160,545,339,Euro 6-WLTP (for BEVs only),False,WLTP,0,0,0,0,0,0,0,0,0,0,0,0,0,0,0,,416,669,0,,,,,,,65.0,16 October 2024,
PEUGEOT,3008,Electric 73 kWh (VH),A1,Electric - Not Applicable,0,Electricity,Battery Electric Vehicle (BEV) / Pure Electric Vehicle / Electric Vehicle (EV),210,157,2.9,213,415,258,Euro 6-WLTP (for BEVs only),False,WLTP,0,0,0,0,0,0,0,0,0,0,0,0,0,0,0,,319,514,0,,,,,,,65.0,16 October 2024,
PEUGEOT,3008,PLUG-IN HYBRID 195 (VL) KBDGK4-A1B000,A7,Automatic,1598,Electricity / Petrol,Plug-in Hybrid Electric Vehicle (PHEV),150,110,3,201,89,55,Euro 6 EA,False,WLTP,38.7,39.2,52.3,37.7,41.8,356.2,7.3,7.2,5.4,7.5,6.8,0.8,153,18,55,89,0,,202,25,4,,0.08,60,60,67.0,16 October 2024,
PEUGEOT,3008,PLUG-IN HYBRID 195 (VH) KBDGK4-A1B000,A7,Automatic,1598,Electricity / Petrol,Plug-in Hybrid Electric Vehicle (PHEV),150,110,2.5,240,63,39,Euro 6 EA,False,WLTP,29.8,40.9,42.6,34.1,37,212.7,9.5,6.9,6.6,8.3,4.6,1.3,173,30,39,63,50,80,202,25,4,,0.08,60,60,67.0,16 October 2024,
PEUGEOT,3008,PLUG-IN HYBRID 195 (VL) KBDGK4-A1B040,A7,Automatic,1598,Electricity / Petrol,Plug-in Hybrid Electric Vehicle (PHEV),150,110,3,201,89,55,Euro 6 EA,False,WLTP,38.7,39.2,52.3,37.7,41.8,356.2,7.3,7.2,5.4,7.5,6.8,0.8,153,18,55,89,0,,202,25,4,,0.08,60,60,67.0,16 October 2024,
PEUGEOT,3008,PLUG-IN HYBRID 195 (VH) KBDGK4-A1B040,A7,Automatic,1598,Electricity / Petrol,Plug-in Hybrid Electric Vehicle (PHEV),150,110,2.5,240,63,39,Euro 6 EA,False,WLTP,29.8,40.9,42.6,34.1,37,212.7,9.5,6.9,6.6,8.3,4.6,1.3,173,30,39,63,50,80,202,25,4,,0.08,60,60,67.0,16 October 2024,
PEUGEOT,3008,HYBRID 136 e-DSC6 (VL) KAHPY1-A1AN00,A6,Automatic,1199,Petrol Electric,Mild Hybrid Electric Vehicle (MHEV),136,100,0,,,,Euro 6 EA,False,WLTP,55.8,56.6,60.1,44.7,44.7,0,5.1,5,4.7,6.3,5.4,0,122,0,,,,,343,20,28,,0.32,60,60,67.0,16 October 2024,
PEUGEOT,3008,HYBRID 136 e-DSC6 (VH) KAHPY1-A1AN00,A6,Automatic,1199,Petrol Electric,Mild Hybrid Electric Vehicle (MHEV),136,100,0,,,,Euro 6 EA,False,WLTP,48.6,46.7,51,38.3,44.6,0,5.8,6,5.5,7.4,6.3,0,143,0,,,,,343,20,28,,0.32,60,60,67.0,16 October 2024,
PEUGEOT,3008,HYBRID 136 e-DSC6 (VL) KAHPY1-A1AN40,A6,Automatic,1199,Petrol Electric,Mild Hybrid Electric Vehicle (MHEV),136,100,0,,,,Euro 6 EA,False,WLTP,55.8,56.6,60.1,44.7,44.7,0,5.1,5,4.7,6.3,5.4,0,122,0,,,,,343,20,28,,0.32,60,60,67.0,16 October 2024,
PEUGEOT,3008,HYBRID 136 e-DSC6 (VH) KAHPY1-A1AN40,A6,Automatic,1199,Petrol Electric,Mild Hybrid Electric Vehicle (MHEV),136,100,0,,,,Euro 6 EA,False,WLTP,48.6,46.7,51,38.3,44.6,0,5.8,6,5.5,7.4,6.3,0,143,0,,,,,343,20,28,,0.32,60,60,67.0,16 October 2024,
PEUGEOT,3008,Electric 73 kWh (VL) KCZKZX-A0E000,A1,Electric - Not Applicable,0,Electricity,Battery Electric Vehicle (BEV) / Pure Electric Vehicle / Electric Vehicle (EV),210,157,3.8,160,545,339,Euro 6-WLTP (for BEVs only),False,WLTP,0,0,0,0,0,0,0,0,0,0,0,0,0,0,0,,416,669,0,,,,,60,60,65.0,16 October 2024,
PEUGEOT,3008,Electric 73 kWh (VH) KCZKZX-A0E000,A1,Electric - Not Applicable,0,Electricity,Battery Electric Vehicle (BEV) / Pure Electric Vehicle / Electric Vehicle (EV),210,157,2.9,213,415,258,Euro 6-WLTP (for BEVs only),False,WLTP,0,0,0,0,0,0,0,0,0,0,0,0,0,0,0,,319,514,0,,,,,60,60,65.0,16 October 2024,
PEUGEOT,3008,Electric 73 kWh (VL) KCZKZX-A0E040,A1,Electric - Not Applicable,0,Electricity,Battery Electric Vehicle (BEV) / Pure Electric Vehicle / Electric Vehicle (EV),210,157,3.8,160,545,339,Euro 6-WLTP (for BEVs only),False,WLTP,0,0,0,0,0,0,0,0,0,0,0,0,0,0,0,,416,669,0,,,,,60,60,65.0,16 October 2024,
PEUGEOT,3008,Electric 73 kWh (VH) KCZKZX-A0E040,A1,Electric - Not Applicable,0,Electricity,Battery Electric Vehicle (BEV) / Pure Electric Vehicle / Electric Vehicle (EV),210,157,2.9,213,415,258,Euro 6-WLTP (for BEVs only),False,WLTP,0,0,0,0,0,0,0,0,0,0,0,0,0,0,0,,319,514,0,,,,,60,60,65.0,16 October 2024,
PEUGEOT,3008,PLUG-IN HYBRID 195 (VL),A7,Automatic,1598,Electricity / Petrol,Plug-in Hybrid Electric Vehicle (PHEV),150,110,3,201,89,55,Euro 6 EA,False,WLTP,38.7,39.2,52.3,37.7,41.8,356.2,7.3,7.2,5.4,7.5,6.8,0.8,153,18,55,89,0,,202,25,4,,0.08,60,60,67.0,16 October 2024,
PEUGEOT,3008,PLUG-IN HYBRID 195 (VH),A7,Automatic,1598,Electricity / Petrol,Plug-in Hybrid Electric Vehicle (PHEV),150,110,2.5,240,63,39,Euro 6 EA,False,WLTP,29.8,40.9,42.6,34.1,37,212.7,9.5,6.9,6.6,8.3,7.6,1.3,173,30,39,63,50,80,202,25,4,,0.08,60,60,67.0,16 October 2024,
PEUGEOT,3008,HYBRID 136 e-DSC6 (VL) (GT),A6,Automatic,1199,Petrol Electric,Mild Hybrid Electric Vehicle (MHEV),136,100,0,,,,Euro 6 EA,False,WLTP,55.8,56.6,60.1,44.7,44.7,0,5.1,5,4.7,6.3,5.4,0,122,0,,,,,343,20,28,,0.32,60,60,67.0,16 October 2024,
PEUGEOT,3008,HYBRID 136 e-DSC6 (VH) (GT),A6,Automatic,1199,Petrol Electric,Mild Hybrid Electric Vehicle (MHEV),136,100,0,,,,Euro 6 EA,False,WLTP,48.6,46.7,51,38.3,44.6,0,5.8,6,5.5,7.4,6.3,0,143,0,,,,,343,20,28,,0.32,60,60,67.0,16 October 2024,
PEUGEOT,5008,Electric 73 kWh (VL) KCZKZX-H0E040,A1,Electric - Not Applicable,0,Electricity,Battery Electric Vehicle (BEV) / Pure Electric Vehicle / Electric Vehicle (EV),210,157,3.8,160,545,339,Euro 6-WLTP (for BEVs only),False,WLTP,0,0,0,0,0,0,0,0,0,0,0,0,0,0,0,,416,669,0,,,,,60,60,65.0,16 October 2024,
PEUGEOT,5008,Electric 73 kWh (VH) KCZKZX-H0E040,A1,Electric - Not Applicable,0,Electricity,Battery Electric Vehicle (BEV) / Pure Electric Vehicle / Electric Vehicle (EV),210,157,2.9,213,415,258,Euro 6-WLTP (for BEVs only),False,WLTP,0,0,0,0,0,0,0,0,0,0,0,0,0,0,0,,319,514,0,,,,,60,60,65.0,16 October 2024,
PEUGEOT,5008,Electric 73 kWh (VL) KCZKZX-H0E000,A1,Electric - Not Applicable,0,Electricity,Battery Electric Vehicle (BEV) / Pure Electric Vehicle / Electric Vehicle (EV),210,157,3.8,160,545,339,Euro 6-WLTP (for BEVs only),False,WLTP,0,0,0,0,0,0,0,0,0,0,0,0,0,0,0,,416,669,0,,,,,60,60,65.0,16 October 2024,
PEUGEOT,5008,Electric 73 kWh (VH) KCZKZX-H0E000,A1,Electric - Not Applicable,0,Electricity,Battery Electric Vehicle (BEV) / Pure Electric Vehicle / Electric Vehicle (EV),210,157,2.9,213,415,258,Euro 6-WLTP (for BEVs only),False,WLTP,0,0,0,0,0,0,0,0,0,0,0,0,0,0,0,,319,514,0,,,,,60,60,65.0,16 October 2024,
PEUGEOT,5008,PLUG-IN HYBRID 195 (VL) KBDGK4-H1B000,A7,Automatic,1598,Electricity / Petrol,Plug-in Hybrid Electric Vehicle (PHEV),150,110,3,201,89,55,Euro 6 EA,False,WLTP,38.7,39.2,52.3,37.7,41.8,356.2,7.3,7.2,5.4,7.5,6.8,0.8,153,18,55,89,0,,202,25,4,,0.08,60,60,67.0,16 October 2024,
PEUGEOT,5008,PLUG-IN HYBRID 195 (VH) KBDGK4-H1B000,A7,Automatic,1598,Electricity / Petrol,Plug-in Hybrid Electric Vehicle (PHEV),150,100,2.5,240,63,39,Euro 6 EA,False,WLTP,29.8,40.9,42.6,34.1,37,212.7,9.5,6.9,6.6,8.3,4.6,1.3,173,30,39,63,50,80,202,25,4,,0.08,60,60,67.0,16 October 2024,
PEUGEOT,5008,PLUG-IN HYBRID 195 (VL) KBDGK4-H1B040,A7,Automatic,1598,Electricity / Petrol,Plug-in Hybrid Electric Vehicle (PHEV),150,110,3,201,89,55,Euro 6 EA,False,WLTP,38.7,39.2,52.3,37.7,41.8,356.2,7.3,7.2,5.4,7.5,6.8,0.8,153,18,55,89,0,,202,25,4,,0.08,60,60,67.0,16 October 2024,
PEUGEOT,5008,PLUG-IN HYBRID 195 (VH) KBDGK4-H1B040,A7,Automatic,1598,Electricity / Petrol,Plug-in Hybrid Electric Vehicle (PHEV),150,100,2.5,240,63,39,Euro 6 EA,False,WLTP,29.8,40.9,42.6,34.1,37,212.7,9.5,6.9,6.6,8.3,4.6,1.3,173,30,39,63,50,80,202,25,4,,0.08,60,60,67.0,16 October 2024,
PEUGEOT,5008,HYBRID 136 (VL) KAHPY1-H1AN40,A6,Automatic,1199,Petrol Electric,Mild Hybrid Electric Vehicle (MHEV),136,100,0,,,,Euro 6 EA,False,WLTP,55.8,56.6,60.1,44.7,44.7,0,5.1,5,4.7,6.3,5.4,0,122,0,,,,,343,20,28,,0.32,60,60,67.0,16 October 2024,
PEUGEOT,5008,HYBRID 136 (VH) KAHPY1-H1AN40,A6,Automatic,1199,Petrol Electric,Mild Hybrid Electric Vehicle (MHEV),136,100,0,,,,Euro 6 EA,False,WLTP,48.6,46.7,51,38.3,44.6,0,5.8,6,5.5,7.4,6.3,0,143,0,,,,,343,20,28,,0.32,60,60,67.0,16 October 2024,
PEUGEOT,5008,HYBRID 136 (VL) KAHPY1-H1AM00,A6,Automatic,1199,Petrol Electric,Mild Hybrid Electric Vehicle (MHEV),136,100,0,,,,Euro 6 EA,False,WLTP,55.8,56.6,60.1,44.7,44.7,0,5.1,5,4.7,6.3,5.4,0,122,0,,,,,343,20,28,,0.32,60,60,67.0,16 October 2024,
PEUGEOT,5008,HYBRID 136 (VH) KAHPY1-H1AM00,A6,Automatic,1199,Petrol Electric,Mild Hybrid Electric Vehicle (MHEV),136,100,0,,,,Euro 6 EA,False,WLTP,48.6,46.7,51,38.3,44.6,0,5.8,6,5.5,7.4,6.3,0,143,0,,,,,343,20,28,,0.32,60,60,67.0,16 October 2024,
PEUGEOT,5008,HYBRID 136 (VL) KAHPY1-H1AN00,A6,Automatic,1199,Petrol Electric,Mild Hybrid Electric Vehicle (MHEV),136,100,0,,,,Euro 6 EA,False,WLTP,55.8,56.6,60.1,44.7,44.7,0,5.1,5,4.7,6.3,5.4,0,122,0,,,,,343,20,28,,0.32,60,60,67.0,16 October 2024,
PEUGEOT,5008,HYBRID 136 (VH) KAHPY1-H1AN00,A6,Automatic,1199,Petrol Electric,Mild Hybrid Electric Vehicle (MHEV),136,100,0,,,,Euro 6 EA,False,WLTP,48.6,46.7,51,38.3,44.6,0,5.8,6,5.5,7.4,6.3,0,143,0,,,,,343,20,28,,0.32,60,60,67.0,16 October 2024,
PEUGEOT,5008,HYBRID 136 (VL) KAHPY1-H1AM40,A6,Automatic,1199,Petrol Electric,Mild Hybrid Electric Vehicle (MHEV),136,100,0,,,,Euro 6 EA,False,WLTP,55.8,56.6,60.1,44.7,44.7,0,5.1,5,4.7,6.3,5.4,0,122,0,,,,,343,20,28,,0.32,60,60,67.0,16 October 2024,
PEUGEOT,5008,HYBRID 136 (VH) KAHPY1-H1AM40,A6,Automatic,1199,Petrol Electric,Mild Hybrid Electric Vehicle (MHEV),136,100,0,,,,Euro 6 EA,False,WLTP,48.6,46.7,51,38.3,44.6,0,5.8,6,5.5,7.4,6.3,0,143,0,,,,,343,20,28,,0.32,60,60,67.0,16 October 2024,
PEUGEOT,e-Rifter,Electric 50kWh (VL),A1,Electric - Not Applicable,0,Electricity,Battery Electric Vehicle (BEV) / Pure Electric Vehicle / Electric Vehicle (EV),136,100,3.3,187,293,182,Euro 6-WLTP (for BEVs only),False,WLTP,0,0,0,0,0,0,0,0,0,0,0,0,0,0,0,,269,433,0,,,,,,,68.0,15 January 2025,
PEUGEOT,e-Rifter,Electric 50kWh (VH),A1,Electric - Not Applicable,0,Electricity,Battery Electric Vehicle (BEV) / Pure Electric Vehicle / Electric Vehicle (EV),136,100,2.7,227,245,152,Euro 6-WLTP (for BEVs only),False,WLTP,0,0,0,0,0,0,0,0,0,0,0,0,0,0,0,,215,346,0,,,,,,,68.0,15 January 2025,
PEUGEOT,e-Traveller,Electric 50kWh (VL),A1,Electric - Not Applicable,0,Electricity,Battery Electric Vehicle (BEV) / Pure Electric Vehicle / Electric Vehicle (EV),136,100,2.7,230,238,148,Euro 6-WLTP (for BEVs only),False,WLTP,0,0,0,0,0,0,0,0,0,0,0,0,0,0,0,,229,369,0,,,,,,,68.0,15 January 2025,
PEUGEOT,e-Traveller,Electric 50kWh (VH),A1,Electric - Not Applicable,0,Electricity,Battery Electric Vehicle (BEV) / Pure Electric Vehicle / Electric Vehicle (EV),136,100,2.2,282,196,122,Euro 6-WLTP (for BEVs only),False,WLTP,0,0,0,0,0,0,0,0,0,0,0,0,0,0,0,,174,280,0,,,,,,,68.0,15 January 2025,
PEUGEOT,508,PureTech 130 (VL),A8,Automatic,1199,Petrol,Internal Combustion Engine (ICE),131,96,0,,,,Euro 6 EA,False,WLTP,37,48,56.8,51.1,49.5,0,7.6,5.9,5,5.5,5.7,0,128,0,,,,,341,20,38,,0.30,60,60,69.0,16 October 2024,
PEUGEOT,508,PureTech 130 (VH),A8,Automatic,1199,Petrol,Internal Combustion Engine (ICE),131,96,0,,,,Euro 6 EA,False,WLTP,34,41.5,48.2,42.2,42.3,0,8.3,6.8,5.9,6.7,6.7,0,150,0,,,,,341,20,38,,0.30,60,60,69.0,16 October 2024,
PEUGEOT,508,PureTech 130 (VL) (GT),A8,Automatic,1199,Petrol,Internal Combustion Engine (ICE),131,96,0,,,,Euro 6 EA,False,WLTP,37,48,56.8,51.1,49.5,0,7.6,5.9,5,5.5,5.7,0,128,0,,,,,341,20,38,,0.30,60,60,69.0,16 October 2024,
PEUGEOT,508,PureTech 130 (VH) (GT),A8,Automatic,1199,Petrol,Internal Combustion Engine (ICE),131,96,0,,,,Euro 6 EA,False,WLTP,34,41.5,48.2,42.2,42.3,0,8.3,6.8,5.9,6.7,6.7,0,150,0,,,,,341,20,38,,0.30,60,60,69.0,16 October 2024,
PEUGEOT,508,HYBRID 225 (VL),A8,Automatic,1598,Electricity / Petrol,Plug-in Hybrid Electric Vehicle (PHEV),181,133,3.7,165,54,34,Euro 6 EA,False,WLTP,34.1,49.3,54.5,45.7,46.6,274.8,8.3,5.7,5.2,6.2,6.1,1.2,137,28,34,54,36,58,291,14,4,,0.10,60,60,67.0,16 October 2024,
PEUGEOT,508,HYBRID 225 (VH),A8,Automatic,1598,Electricity / Petrol,Plug-in Hybrid Electric Vehicle (PHEV),181,133,3.3,187,48,30,Euro 6 EA,False,WLTP,32,43.8,46.7,38.6,40.7,193.6,8.8,6.5,6,7.3,6.9,1.8,157,41,30,48,37,59,291,14,4,,0.10,60,60,67.0,16 October 2024,
PEUGEOT,508,HYBRID 225 (VL) (GT),A8,Automatic,1598,Electricity / Petrol,Plug-in Hybrid Electric Vehicle (PHEV),181,133,3.7,165,54,34,Euro 6 EA,False,WLTP,34.1,49.3,54.5,45.7,46.6,274.8,8.3,5.7,5.2,6.2,6.1,1.2,137,28,34,54,36,58,291,14,4,,0.10,60,60,67.0,16 October 2024,
PEUGEOT,508,HYBRID 225 (VH) (GT),A8,Automatic,1598,Electricity / Petrol,Plug-in Hybrid Electric Vehicle (PHEV),181,133,3.3,187,48,30,Euro 6 EA,False,WLTP,32,43.8,46.7,38.6,40.7,193.6,8.8,6.5,6,7.3,6.9,1.8,157,41,30,48,37,59,291,14,4,,0.10,60,60,67.0,16 October 2024,
PEUGEOT,509 SW,BlueHDI 130 (VL),A8,Automatic,1499,Diesel,Internal Combustion Engine (ICE),131,96,0,,,,Euro 6 EA,True,WLTP,46.5,56.1,68.2,59,58.7,0,6.1,5,4.1,4.8,4.8,0,126,0,,,,,38,,53,60,0.19,80,80,67.0,16 October 2024,
PEUGEOT,509 SW,HYBRID 180 (VL),A8,Automatic,1598,Electricity / Petrol,Plug-in Hybrid Electric Vehicle (PHEV),150,110,3.8,163,57,35,Euro 6 EA,False,WLTP,33.6,48.5,54.9,46.1,46.6,225.8,8.4,5.8,5.1,6.1,6.1,1.3,137,28,35,57,42,67,228,11,4,,0.16,60,60,70.0,16 October 2024,
PEUGEOT,510 SW,BlueHDI 130 (VH),A8,Automatic,1499,Diesel,Internal Combustion Engine (ICE),131,96,0,,,,Euro 6 EA,True,WLTP,42.7,49.2,57.2,48.2,49.9,0,6.6,5.7,4.9,5.9,5.7,0,148,0,,,,,38,,53,60,0.19,80,80,67.0,16 October 2024,
PEUGEOT,510 SW,HYBRID 180 (VH),A8,Automatic,1598,Electricity / Petrol,Plug-in Hybrid Electric Vehicle (PHEV),150,110,3.4,180,44,27,Euro 6 EA,False,WLTP,32.7,43.2,47.2,38.3,40.6,156.6,8.7,6.5,6,7.4,7,1.8,157,41,27,44,38,61,228,11,4,,0.16,60,60,70.0,16 October 2024,
PORSCHE,911,911 Carrera 4 GTS Cabriolet,A8,Automatic,3591,Petrol Electric,Hybrid Electric Vehicle (HEV),541,398,,,,,Euro 6 EB,False,WLTP,15.6,25.6,30.5,29.8,25.9,0,18.1,11,9.3,9.5,10.9,0,247,0,,,,,0,0,7,,,,,71.0,25 September 2025,
PORSCHE,911,911 Targa 4 GTS,A8,Automatic,3591,Petrol Electric,Hybrid Electric Vehicle (HEV),541,398,,,,,Euro 6 EB,False,WLTP,15.6,25.6,30.5,29.9,25.9,0,18.1,11,9.3,9.4,10.9,0,247,0,,,,,0,0,7,,,,,71.0,25 September 2025,
PORSCHE,911,911 Carrera 4 GTS,A8,Automatic,3591,Petrol Electric,Hybrid Electric Vehicle (HEV),541,398,,,,,Euro 6 EB,False,WLTP,15.7,25.7,30.4,29,25.8,0,18,11,9.3,9.7,10.9,0,248,0,,,,,0,0,7,,,,,71.0,25 September 2025,
PORSCHE,911,911 Spirit 70,A8,Automatic,3591,Petrol Electric,Hybrid Electric Vehicle (HEV),541,398,,,,,Euro 6 EB,False,WLTP,15.9,25.9,30.9,29.8,26.2,0,17.8,10.9,9.1,9.5,10.8,0,245,0,,,,,0,0,8,,,,,71.0,25 September 2025,
PORSCHE,911,911 Carrera GTS Cabriolet,A8,Automatic,3591,Petrol Electric,Hybrid Electric Vehicle (HEV),541,398,,,,,Euro 6 EB,False,WLTP,15.9,25.8,30.8,29.5,26.1,0,17.8,10.9,9.2,9.6,10.8,0,246,0,,,,,0,0,8,,,,,71.0,25 September 2025,
PORSCHE,911,911 Carrera GTS,A8,Automatic,3591,Petrol Electric,Hybrid Electric Vehicle (HEV),541,398,,,,,Euro 6 EB,False,WLTP,16,25.9,30.6,28.8,25.9,0,17.7,10.9,9.2,9.8,10.9,0,247,0,,,,,0,0,8,,,,,71.0,25 September 2025,
PORSCHE,911,911 GT3 with Touring Package,M6,Manual,3996,Petrol,Internal Combustion Engine (ICE),510,375,,,,,Euro 6 EB,False,WLTP,12.4,21.5,24.2,23,20.7,0,22.8,13.1,11.7,12.3,13.6,0,310,0,,,,,,,14,,,,,73.0,25 September 2025,
PORSCHE,911,911 GT3,M6,Manual,3996,Petrol,Internal Combustion Engine (ICE),510,375,,,,,Euro 6 EB,False,WLTP,12.4,21.5,24.2,23,20.7,0,22.8,13.1,11.7,12.3,13.6,0,310,0,,,,,,,14,,,,,73.0,25 September 2025,
PORSCHE,911,911 Carrera 4S Cabriolet,A8,Automatic,2981,Petrol,Internal Combustion Engine (ICE),480,353,,,,,Euro 6 EB,False,WLTP,14.9,27.1,31.2,29.3,26,0,19,10.4,9.1,9.6,10.9,0,247,0,,,,,,,11,,,,,71.0,25 September 2025,
PORSCHE,911,911 Targa 4S,A8,Automatic,2981,Petrol,Internal Combustion Engine (ICE),480,353,,,,,Euro 6 EB,False,WLTP,14.8,26.9,31,29,25.8,0,193,10.5,9.1,9.7,10.9,0,248,0,,,,,,,11,,,,,71.0,25 September 2025,
PORSCHE,911,911 Carrera 4S,A8,Automatic,2981,Petrol,Internal Combustion Engine (ICE),480,353,,,,,Euro 6 EB,False,WLTP,14.9,27.3,31,28.5,25.8,0,18.6,10.3,9.1,9.9,10.9,0,248,0,,,,,,,11,,,,,71.0,25 September 2025,
PORSCHE,911,911 Carrera S Cabriolet,A8,Automatic,2981,Petrol,Internal Combustion Engine (ICE),480,353,,,,,Euro 6 EB,False,WLTP,14.8,28,32.2,30.5,26.7,0,19.1,10.1,8.8,9.3,10.6,0,240,0,,,,,,,10,,,,,71.0,25 September 2025,
PORSCHE,911,911 Carrera Cabriolet,A8,Automatic,2981,Petrol,Internal Combustion Engine (ICE),394,290,,,,,Euro 6 EB,False,WLTP,15.3,28,32.6,31.3,27.2,0,18.5,10.1,8.7,9,10.4,0,237,0,,,,,,,14,,,,,71.0,25 September 2025,
PORSCHE,911,911 Carrera T Cabriolet,M6,Manual,2981,Petrol,Internal Combustion Engine (ICE),394,290,,,,,Euro 6 EB,False,WLTP,14.9,26.4,31.2,30.2,26.1,0,19,10.7,9.1,9.4,10.8,0,245,0,,,,,,,9,,,,,70.0,25 September 2025,
PORSCHE,911,911 Carrera S,A8,Automatic,2981,Petrol,Internal Combustion Engine (ICE),480,353,,,,,Euro 6 EB,False,WLTP,14.9,28.1,31.9,29.6,26.4,0,19,10.1,8.9,9.5,10.7,0,243,0,,,,,,,10,,,,,71.0,25 September 2025,
PORSCHE,911,911 Carrera,A8,Automatic,2981,Petrol,Internal Combustion Engine (ICE),394,290,,,,,Euro 6 EB,False,WLTP,15.3,28.2,32.3,30.4,26.9,0,18.5,10,8.7,9.3,10.5,0,239,0,,,,,,,14,,,,,71.0,25 September 2025,
PORSCHE,911,911 Carrera T,M6,Manual,2981,Petrol,Internal Combustion Engine (ICE),394,290,,,,,Euro 6 EB,False,WLTP,14.9,26.6,31.1,29.6,26,0,19,10.6,9.1,9.5,10.9,0,246,0,,,,,,,9,,,,,70.0,25 September 2025,
PORSCHE,Cayenne,Cayenne S E-Hybrid Coupé Black Edition,A8,Automatic,2995,Electricity / Petrol,Plug-in Hybrid Electric Vehicle (PHEV),353,260,25.6,24,44,,Euro 6 EA,False,WLTP,0,0,0,0,0,62.7,0,0,0,0,0,4.5,0,103,30,49,,,220,19,19,,0.29,,,66.0,25 September 2025,
PORSCHE,Cayenne,Cayenne E-Hybrid Coupé Black Edition,A8,Automatic,2995,Electricity / Petrol,Plug-in Hybrid Electric Vehicle (PHEV),304,224,25.3,25,43,,Euro 6 EA,False,WLTP,0,0,0,0,0,64.2,0,0,0,0,0,4.4,0,100,30,49,,,265,16,15,,0.20,,,68.0,25 September 2025,
PORSCHE,Cayenne,Cayenne Turbo E-Hybrid Coupé with GT Package,A8,Automatic,3996,Electricity / Petrol,Plug-in Hybrid Electric Vehicle (PHEV),599,441,21.2,29,43,,Euro 6 EA,False,WLTP,0,0,0,0,0,55.3,0,0,0,0,0,5.1,0,116,30,48,,,191,18,6,,0.22,,,66.0,25 September 2025,
PORSCHE,Cayenne,Cayenne Turbo E-Hybrid Coupé,A8,Automatic,3996,Electricity / Petrol,Plug-in Hybrid Electric Vehicle (PHEV),599,441,21.2,29,42,,Euro 6 EA,False,WLTP,0,0,0,0,0,53.5,0,0,0,0,0,5.3,0,120,29,47,,,191,18,6,,0.22,,,68.0,25 September 2025,
PORSCHE,Cayenne,Cayenne S E-Hybrid Coupé,A8,Automatic,2995,Electricity / Petrol,Plug-in Hybrid Electric Vehicle (PHEV),353,260,25.6,24,44,,Euro 6 EA,False,WLTP,0,0,0,0,0,62.7,0,0,0,0,0,4.5,0,103,30,49,,,220,19,19,,0.29,,,66.0,25 September 2025,
PORSCHE,Cayenne,Cayenne E-Hybrid Coupé,A8,Automatic,2995,Electricity / Petrol,Plug-in Hybrid Electric Vehicle (PHEV),304,224,25.3,25,43,,Euro 6 EA,False,WLTP,0,0,0,0,0,63.9,0,0,0,0,0,4.4,0,101,31,50,,,265,16,15,,0.20,,,68.0,25 September 2025,
PORSCHE,Cayenne,Cayenne S E-Hybrid Black Edition,A8,Automatic,2995,Electricity / Petrol,Plug-in Hybrid Electric Vehicle (PHEV),353,260,25.6,24,44,,Euro 6 EA,False,WLTP,0,0,0,0,0,62.5,0,0,0,0,0,4.5,0,103,30,49,,,220,16,19,,0.29,,,66.0,25 September 2025,
PORSCHE,Cayenne,Cayenne E-Hybrid Black Edition,A8,Automatic,2995,Electricity / Petrol,Plug-in Hybrid Electric Vehicle (PHEV),304,224,25.3,25,43,,Euro 6 EA,False,WLTP,0,0,0,0,0,63.7,0,0,0,0,0,4.4,0,101,30,49,,,265,16,15,,0.20,,,68.0,25 September 2025,
PORSCHE,Cayenne,Cayenne Turbo E-Hybrid,A8,Automatic,3996,Electricity / Petrol,Plug-in Hybrid Electric Vehicle (PHEV),299,441,21.2,29,42,,Euro 6 EA,False,WLTP,0,0,0,0,0,53.9,0,0,0,0,0,5.2,0,120,29,47,,,191,20,6,,0.22,,,68.0,25 September 2025,
PORSCHE,Cayenne,Cayenne S E-Hybrid,A8,Automatic,2995,Electricity / Petrol,Plug-in Hybrid Electric Vehicle (PHEV),353,260,25.6,24,44,,Euro 6 EA,False,WLTP,0,0,0,0,0,62.4,0,0,0,0,0,4.5,0,103,30,48,,,220,19,19,,0.29,,,66.0,25 September 2025,
PORSCHE,Cayenne,Cayenne E-Hybrid,A8,Automatic,2995,Electricity / Petrol,Plug-in Hybrid Electric Vehicle (PHEV),304,224,25.3,25,43,,Euro 6 EA,False,WLTP,0,0,0,0,0,63.6,0,0,0,0,0,4.4,0,101,30,48,,,265,19,15,,0.20,,,68.0,25 September 2025,
PORSCHE,Cayenne,Cayenne Coupé Black Edition,A8,Automatic,2995,Petrol,Internal Combustion Engine (ICE),353,260,,,,,Euro 6 EA,False,WLTP,17,24.1,28.4,24.8,24.2,0,16.6,11.7,9.9,11.4,11.7,0,265,0,,,,,,,21,,,,,69.0,25 September 2025,
PORSCHE,Cayenne,Cayenne GTS Coupé,A8,Automatic,3996,Petrol,Internal Combustion Engine (ICE),500,368,,,,,Euro 6 EA,False,WLTP,13.4,22.1,26.9,24.8,22.3,0,21.1,12.8,10.5,11.4,12.7,0,289,0,,,,,,,9,,,,,70.0,25 September 2025,
PORSCHE,Cayenne,Cayenne S Coupé,A8,Automatic,3996,Petrol,Internal Combustion Engine (ICE),474,349,,,,,Euro 6 EA,False,WLTP,13.1,22.6,27.1,25,22.4,0,21.6,12.5,10.4,11.3,12.6,0,287,0,,,,,,,10,,,,,71.0,25 September 2025,
PORSCHE,Cayenne,Cayenne Coupé,A8,Automatic,2995,Petrol,Internal Combustion Engine (ICE),353,260,,,,,Euro 6 EA,False,WLTP,17,24.1,28.4,24.8,24.2,0,16.6,11.7,9.9,11.4,11.7,0,265,0,,,,,,,21,,,,,69.0,25 September 2025,
PORSCHE,Cayenne,Cayenne Black Edition,A8,Automatic,2995,Petrol,Internal Combustion Engine (ICE),353,260,,,,,Euro 6 EA,False,WLTP,16.9,24,28.3,24.7,24.1,0,16.7,11.8,10,11.4,11.7,0,266,0,,,,,,,21,,,,,69.0,25 September 2025,
PORSCHE,Cayenne,Cayenne GTS,A8,Automatic,3996,Petrol,Internal Combustion Engine (ICE),500,368,,,,,Euro 6 EA,False,WLTP,13.4,22.1,26.9,24.9,22.3,0,21.1,12.8,10.5,11.3,12.7,0,289,0,,,,,,,9,,,,,70.0,25 September 2025,
PORSCHE,Cayenne,Cayenne S,A8,Automatic,3996,Petrol,Internal Combustion Engine (ICE),474,349,,,,,Euro 6 EA,False,WLTP,13.1,22.6,27.2,25.2,22.4,0,21.6,12.5,10.4,11.2,12.6,0,286,0,,,,,,,10,,,,,71.0,25 September 2025,
PORSCHE,Cayenne,Cayenne,A8,Automatic,2995,Petrol,Internal Combustion Engine (ICE),353,260,,,,,Euro 6 EA,False,WLTP,16.9,24,28.3,24.8,24.1,0,16.7,11.8,10,11.4,11.7,0,266,0,,,,,,,21,,,,,69.0,25 September 2025,
PORSCHE,Macan,Macan,A7,Automatic,1984,Petrol,Internal Combustion Engine (ICE),265,195,,,,,Euro 6d,False,WLTP,21,27.3,30.7,26.4,26.8,0,13.5,10.3,9.2,10.7,10.5,0,238,0,,,,,,,15,,,,,69.0,25 September 2025,
PORSCHE,Macan,Macan T,A7,Automatic,1984,Petrol,Internal Combustion Engine (ICE),265,195,,,,,Euro 6d,False,WLTP,21,27.4,30.8,26.6,26.9,0,13.5,10.3,9.2,10.6,10.5,0,238,0,,,,,,,15,,,,,69.0,25 September 2025,
PORSCHE,Macan,Macan GTS,A7,Automatic,2894,Petrol,Internal Combustion Engine (ICE),440,324,,,,,Euro 6d,False,WLTP,17.7,24.8,28.3,25.1,24.5,0,16,11.4,10,11.3,11.5,0,261,0,,,,,,,23,,,,,69.0,25 September 2025,
PORSCHE,Macan,Macan S,A7,Automatic,2894,Petrol,Internal Combustion Engine (ICE),380,279,,,,,Euro 6d,False,WLTP,18.1,25.2,28.5,24.7,24.6,0,15.6,11.2,9.9,11.4,11.5,0,260,0,,,,,,,19,,,,,70.0,25 September 2025,
PORSCHE,Macan Electric,Macan Turbo Electric,N/A,Electric - Not Applicable,0,Electricity,Battery Electric Vehicle (BEV) / Pure Electric Vehicle / Electric Vehicle (EV),639,470,36.1,17,591,367,Euro 6-WLTP (for BEVs only),False,WLTP,0,0,0,0,0,0,0,0,0,0,0,0,0,0,0,,473,761,,,,,,,,68.0,26 September 2025,
PORSCHE,Macan Electric,Macan 4S Electric,N/A,Electric - Not Applicable,0,Electricity,Battery Electric Vehicle (BEV) / Pure Electric Vehicle / Electric Vehicle (EV),516,380,36.3,17,607,377,Euro 6-WLTP (for BEVs only),False,WLTP,0,0,0,0,0,0,0,0,0,0,0,0,0,0,0,,482,776,,,,,,,,69.0,26 September 2025,
PORSCHE,Macan Electric,Macan 4 Electric,N/A,Electric - Not Applicable,0,Electricity,Battery Electric Vehicle (BEV) / Pure Electric Vehicle / Electric Vehicle (EV),408,300,36.6,17,612,380,Euro 6-WLTP (for BEVs only),False,WLTP,0,0,0,0,0,0,0,0,0,0,0,0,0,0,0,,486,782,,,,,,,,67.0,26 September 2025,
PORSCHE,Macan Electric,Macan Electric,N/A,Electric - Not Applicable,0,Electricity,Battery Electric Vehicle (BEV) / Pure Electric Vehicle / Electric Vehicle (EV),360,265,38.4,16,641,398,Euro 6-WLTP (for BEVs only),False,WLTP,0,0,0,0,0,0,0,0,0,0,0,0,0,0,0,,516,830,,,,,,,,68.0,26 September 2025,
PORSCHE,Panamera,Panamera Turbo S E-Hybrid,A8,Automatic,3996,Electricity / Petrol,Plug-in Hybrid Electric Vehicle (PHEV),599,441,23,27,48,,Euro 6 EB,False,WLTP,0,0,0,0,0,64.1,0,0,0,0,0,4.4,0,100,30,49,,,210,12,3,,0.12,,,67.0,25 September 2025,
PORSCHE,Panamera,Panamera 4S E-Hybrid,A8,Automatic,2894,Electricity / Petrol,Plug-in Hybrid Electric Vehicle (PHEV),353,260,23.1,27,48,,Euro 6 EB,False,WLTP,0,0,0,0,0,70.9,0,0,0,0,0,4,0,91,32,51,,,409,21,10,,0.10,,,68.0,25 September 2025,
PORSCHE,Panamera,Panamera 4 E-Hybrid,A8,Automatic,2894,Electricity / Petrol,Plug-in Hybrid Electric Vehicle (PHEV),304,224,23.1,27,50,,Euro 6 EB,False,WLTP,0,0,0,0,0,74.4,0,0,0,0,0,3.8,0,86,33,53,,,310,20,8,,0.24,,,67.0,25 September 2025,
PORSCHE,Panamera,Panamera 4 E-Hybrid,A8,Automatic,2894,Electricity / Petrol,Plug-in Hybrid Electric Vehicle (PHEV),304,224,23.1,27,50,,Euro 6 EB,False,WLTP,0,0,0,0,0,74.4,0,0,0,0,0,3.8,0,86,33,53,,,310,20,8,,0.24,,,67.0,25 September 2025,
PORSCHE,Panamera,Panamera Turbo E-Hybrid,A8,Automatic,3996,Electricity / Petrol,Plug-in Hybrid Electric Vehicle (PHEV),519,382,22.3,28,47,,Euro 6 EB,False,WLTP,0,0,0,0,0,64.9,0,0,0,0,0,4.4,0,99,31,50,,,185,15,5,,0.33,,,68.0,25 September 2025,
PORSCHE,Panamera,Panamera GTS,A8,Automatic,3996,Petrol,Internal Combustion Engine (ICE),500,368,,,,,Euro 6 EB,False,WLTP,13.3,22.4,27.1,26.2,22.7,0,21.2,12.6,10.4,10.4,10.8,12.4,283,0,,,,,,,11,,,,,71.0,25 September 2025,
PORSCHE,Panamera,Panamera 4,A8,Automatic,2894,Petrol,Internal Combustion Engine (ICE),353,260,,,,,Euro 6 EB,False,WLTP,16.8,25.1,29.9,28.3,25.7,0,16.8,16.8,11.3,9.4,10,11,249,0,,,,,,,20,,,,,69.0,25 September 2025,
PORSCHE,Panamera,Panamera,A8,Automatic,2894,Petrol,Internal Combustion Engine (ICE),353,260,,,,,Euro 6 EB,False,WLTP,17.7,26.5,31.7,29.9,27.2,0,16,16,10.7,8.9,9.4,10.4,236,0,,,,,,,15,,,,,69.0,25 September 2025,
PORSCHE,Taycan,Taycan 4S Sport Turismo Black Edition,N/A,Electric - Not Applicable,0,Electricity,Battery Electric Vehicle (BEV) / Pure Electric Vehicle / Electric Vehicle (EV),598,440,33.8,18,610,379,Euro 6-WLTP (for BEVs only),False,WLTP,0,0,0,0,0,0,0,0,0,0,0,0,0,0,0,,427,687,0,,,,,,,68.0,26 September 2025,
PORSCHE,Taycan,Taycan Turbo S,N/A,Electric - Not Applicable,0,Electricity,Battery Electric Vehicle (BEV) / Pure Electric Vehicle / Electric Vehicle (EV),952,700,34.9,18,632,393,Euro 6-WLTP (for BEVs only),False,WLTP,0,0,0,0,0,0,0,0,0,0,0,0,0,0,0,,432,695,,,,,,,,70.0,26 September 2025,
PORSCHE,Taycan,Taycan Turbo,N/A,Electric - Not Applicable,0,Electricity,Battery Electric Vehicle (BEV) / Pure Electric Vehicle / Electric Vehicle (EV),884,650,34.9,18,634,394,Euro 6-WLTP (for BEVs only),False,WLTP,0,0,0,0,0,0,0,0,0,0,0,0,0,0,0,,428,689,,,,,,,,70.0,26 September 2025,
PORSCHE,Taycan,Taycan GTS,N/A,Electric - Not Applicable,0,Electricity,Battery Electric Vehicle (BEV) / Pure Electric Vehicle / Electric Vehicle (EV),700,515,34.9,18,634,394,Euro 6-WLTP (for BEVs only),False,WLTP,0,0,0,0,0,0,0,0,0,0,0,0,0,0,0,,429,690,,,,,,,,69.0,26 September 2025,
PORSCHE,Taycan,Taycan 4S,N/A,Electric - Not Applicable,0,Electricity,Battery Electric Vehicle (BEV) / Pure Electric Vehicle / Electric Vehicle (EV),598,440,34.9,18,644,400,Euro 6-WLTP (for BEVs only),False,WLTP,0,0,0,0,0,0,0,0,0,0,0,0,0,0,0,,440,708,,,,,,,,68.0,26 September 2025,
PORSCHE,Taycan,Taycan,N/A,Electric - Not Applicable,0,Electricity,Battery Electric Vehicle (BEV) / Pure Electric Vehicle / Electric Vehicle (EV),435,320,35.1,18,679,422,Euro 6-WLTP (for BEVs only),False,WLTP,0,0,0,0,0,0,0,0,0,0,0,0,0,0,0,,510,821,,,,,,,,68.0,26 September 2025,
PORSCHE,Taycan,Taycan Sport Turismo Black Edition,N/A,Electric - Not Applicable,0,Electricity,Battery Electric Vehicle (BEV) / Pure Electric Vehicle / Electric Vehicle (EV),435,320,34,18,641,398,Euro 6-WLTP (for BEVs only),False,WLTP,0,0,0,0,0,0,0,0,0,0,0,0,0,0,0,,496,798,,,,,,,,68.0,26 September 2025,
PORSCHE,Taycan,Taycan Turbo S Sport Turismo,N/A,Electric - Not Applicable,0,Electricity,Battery Electric Vehicle (BEV) / Pure Electric Vehicle / Electric Vehicle (EV),952,700,34.5,18,607,377,Euro 6-WLTP (for BEVs only),False,WLTP,0,0,0,0,0,0,0,0,0,0,0,0,0,0,0,,424,682,,,,,,,,70.0,26 September 2025,
PORSCHE,Taycan,Taycan Turbo Sport Turismo,N/A,Electric - Not Applicable,0,Electricity,Battery Electric Vehicle (BEV) / Pure Electric Vehicle / Electric Vehicle (EV),884,650,33.8,18,610,379,Euro 6-WLTP (for BEVs only),False,WLTP,0,0,0,0,0,0,0,0,0,0,0,0,0,0,0,,421,678,,,,,,,,70.0,26 September 2025,
PORSCHE,Taycan,Taycan GTS Sport Turismo,N/A,Electric - Not Applicable,0,Electricity,Battery Electric Vehicle (BEV) / Pure Electric Vehicle / Electric Vehicle (EV),700,515,33.8,18,608,378,Euro 6-WLTP (for BEVs only),False,WLTP,0,0,0,0,0,0,0,0,0,0,0,0,0,0,0,,419,674,,,,,,,,69.0,26 September 2025,
PORSCHE,Taycan,Taycan 4S Sport Turismo,N/A,Electric - Not Applicable,0,Electricity,Battery Electric Vehicle (BEV) / Pure Electric Vehicle / Electric Vehicle (EV),598,440,33.8,18,618,384,Euro 6-WLTP (for BEVs only),False,WLTP,0,0,0,0,0,0,0,0,0,0,0,0,0,0,0,,433,697,,,,,,,,68.0,26 September 2025,
PORSCHE,Taycan,Taycan Sport Turismo,N/A,Electric - Not Applicable,0,Electricity,Battery Electric Vehicle (BEV) / Pure Electric Vehicle / Electric Vehicle (EV),435,320,34,18,650,404,Euro 6-WLTP (for BEVs only),False,WLTP,0,0,0,0,0,0,0,0,0,0,0,0,0,0,0,,502,808,,,,,,,,68.0,26 September 2025,
PORSCHE,Taycan,Taycan Turbo S Cross Turismo,N/A,Electric - Not Applicable,0,Electricity,Battery Electric Vehicle (BEV) / Pure Electric Vehicle / Electric Vehicle (EV),952,700,33.4,19,600,373,Euro 6-WLTP (for BEVs only),False,WLTP,0,0,0,0,0,0,0,0,0,0,0,0,0,0,0,,422,679,,,,,,,,70.0,26 September 2025,
PORSCHE,Taycan,Taycan Turbo Cross Turismo,N/A,Electric - Not Applicable,0,Electricity,Battery Electric Vehicle (BEV) / Pure Electric Vehicle / Electric Vehicle (EV),884,650,33.4,19,600,373,Euro 6-WLTP (for BEVs only),False,WLTP,0,0,0,0,0,0,0,0,0,0,0,0,0,0,0,,418,673,,,,,,,,70.0,26 September 2025,
PORSCHE,Taycan,Taycan 4S Cross Turismo,N/A,Electric - Not Applicable,0,Electricity,Battery Electric Vehicle (BEV) / Pure Electric Vehicle / Electric Vehicle (EV),598,440,33.6,19,613,381,Euro 6-WLTP (for BEVs only),False,WLTP,0,0,0,0,0,0,0,0,0,0,0,0,0,0,0,,431,694,,,,,,,,68.0,26 September 2025,
PORSCHE,Taycan,Taycan 4S Black Edition,N/A,Electric - Not Applicable,0,Electricity,Battery Electric Vehicle (BEV) / Pure Electric Vehicle / Electric Vehicle (EV),598,440,34.9,18,634,394,Euro 6-WLTP (for BEVs only),False,WLTP,0,0,0,0,0,0,0,0,0,0,0,0,0,0,0,,434,698,,,,,,,,68.0,26 September 2025,
PORSCHE,Taycan,Taycan Black Edition,N/A,Electric - Not Applicable,0,Electricity,Battery Electric Vehicle (BEV) / Pure Electric Vehicle / Electric Vehicle (EV),435,320,35.1,18,668,415,Euro 6-WLTP (for BEVs only),False,WLTP,0,0,0,0,0,0,0,0,0,0,0,0,0,0,0,,503,809,,,,,,,,68.0,26 September 2025,
PORSCHE,Taycan,Taycan Turbo GT,N/A,Electric - Not Applicable,0,Electricity,Battery Electric Vehicle (BEV) / Pure Electric Vehicle / Electric Vehicle (EV),1034,761,33.8,18,558,347,Euro 6-WLTP (for BEVs only),False,WLTP,0,0,0,0,0,0,0,0,0,0,0,0,0,0,0,,421,678,,,,,,,,70.0,26 September 2025,
PORSCHE,Taycan,Taycan Turbo GT with Weissach Package,N/A,Electric - Not Applicable,0,Electricity,Battery Electric Vehicle (BEV) / Pure Electric Vehicle / Electric Vehicle (EV),1034,761,33.8,18,555,345,Euro 6-WLTP (for BEVs only),False,WLTP,0,0,0,0,0,0,0,0,0,0,0,0,0,0,0,,434,698,,,,,,,,70.0,26 September 2025,
RENAULT,Arkana,E-Tech engineered hybrid 145 auto my22,A6,Automatic,1598,Petrol Electric,Hybrid Electric Vehicle (HEV),93,69,0,,,,Euro 6d,False,WLTP,61.4,65.7,67.3,52.3,60.1,0,4.6,4.3,4.2,5.4,4.7,0,106,0,,,,,380,18,6,,,60,60,67.0,13 November 2023,
RENAULT,Arkana,E-Tech engineered hybrid 145 auto my22,A6,Automatic,1598,Petrol Electric,Hybrid Electric Vehicle (HEV),93,69,0,,,,Euro 6d,False,WLTP,58.9,64.2,67.3,51.4,60.1,0,4.8,4.4,4.2,5.5,4.7,0,107,0,,,,,380,18,6,,,60,60,67.0,13 November 2023,
RENAULT,Arkana,evolution E-Tech hybrid 145 auto my22,A6,Automatic,1598,Petrol Electric,Hybrid Electric Vehicle (HEV),93,69,0,,,,Euro 6d,False,WLTP,62.8,64.2,67.3,52.3,60.1,0,4.5,4.4,4.2,5.4,4.7,0,105,0,,,,,380,18,6,,,60,60,67.0,13 November 2023,
RENAULT,Arkana,evolution E-Tech hybrid 145 auto my22,A6,Automatic,1598,Petrol Electric,Hybrid Electric Vehicle (HEV),93,69,0,,,,Euro 6d,False,WLTP,61.4,64.2,67.3,52.3,60.1,0,4.6,4.4,4.2,5.4,4.7,0,106,0,,,,,380,18,6,,,60,60,67.0,13 November 2023,
RENAULT,Arkana,Iconic E-TECH Hybrid 145 Auto,A6,Automatic,1598,Petrol Electric,Hybrid Electric Vehicle (HEV),93,69,0,,,,Euro 6d,False,WLTP,57.6,64.2,65.7,49.6,57.6,0,4.9,4.4,4.3,5.7,4.9,0,111,0,,,,,383,20,3,,,60,60,67.0,13 November 2023,
RENAULT,Arkana,Iconic E-TECH Hybrid 145 Auto,A6,Automatic,1598,Petrol Electric,Hybrid Electric Vehicle (HEV),93,69,0,,,,Euro 6d,False,WLTP,56.5,64.2,65.7,49.6,57.6,0,5,4.4,4.3,5.7,4.9,0,111,0,,,,,383,20,3,,,60,60,67.0,13 November 2023,
RENAULT,Arkana,Iconic TCe Mild-hybrid 140 Auto EDC,A7,Automatic,1333,Petrol Electric,Hybrid Electric Vehicle (HEV),139,103,0,,,,Euro 6d,False,WLTP,38.7,50.4,57.6,46.3,48.7,0,7.3,5.6,4.9,6.1,5.8,0,131,0,,,,,278,13,22,,,60,60,67.0,13 November 2023,
RENAULT,Arkana,Iconic TCe Mild-hybrid 140 Auto EDC,A7,Automatic,1333,Petrol Electric,Hybrid Electric Vehicle (HEV),139,103,0,,,,Euro 6d,False,WLTP,38.7,49.6,57.6,46.3,48.7,0,7.3,5.7,4.9,6.1,5.8,0,131,0,,,,,278,13,22,,,60,60,67.0,13 November 2023,
RENAULT,Arkana,Iconic E-TECH Hybrid 145 Auto,A6,Automatic,1598,Petrol Electric,Hybrid Electric Vehicle (HEV),93,69,0,,,,Euro 6d,False,WLTP,58.9,65.7,67.3,50.4,58.9,0,4.8,4.3,4.2,5.6,4.8,0,108,0,,,,,383,20,3,,,60,60,67.0,13 November 2023,
RENAULT,Arkana,Iconic E-TECH Hybrid 145 Auto,A6,Automatic,1598,Petrol Electric,Hybrid Electric Vehicle (HEV),93,69,0,,,,Euro 6d,False,WLTP,58.9,65.7,67.3,50.4,58.9,0,4.8,4.3,4.2,5.6,4.8,0,108,0,,,,,383,20,3,,,60,60,67.0,13 November 2023,
RENAULT,Arkana,Iconic TCe Mild-hybrid 140 Auto EDC,A7,Automatic,1333,Petrol Electric,Hybrid Electric Vehicle (HEV),139,103,0,,,,Euro 6d,False,WLTP,37.7,50.4,57.6,47.9,48.7,0,7.5,5.6,4.9,5.9,5.8,0,130,0,,,,,307,11,21,,,60,60,67.0,13 November 2023,
RENAULT,Arkana,Iconic TCe Mild-hybrid 140 Auto EDC,A7,Automatic,1333,Petrol Electric,Hybrid Electric Vehicle (HEV),139,103,0,,,,Euro 6d,False,WLTP,37.2,49.6,56.5,47.1,48.7,0,7.6,5.7,5,6,5.8,0,131,0,,,,,540,14,22,,,60,60,67.0,13 November 2023,
RENAULT,Arkana,Iconic E-TECH Hybrid 145 Auto,A6,Automatic,1598,Petrol Electric,Hybrid Electric Vehicle (HEV),93,69,0,,,,Euro 6d,False,WLTP,62.8,64.2,67.3,52.3,60.1,0,4.5,4.4,4.2,5.4,4.7,0,106,0,,,,,380,18,6,,,60,60,67.0,13 November 2023,
RENAULT,Arkana,Iconic E-TECH Hybrid 145 Auto,A6,Automatic,1598,Petrol Electric,Hybrid Electric Vehicle (HEV),93,69,0,,,,Euro 6d,False,WLTP,61.4,64.2,67.3,51.4,58.9,0,4.6,4.4,4.2,5.5,4.8,0,107,0,,,,,380,18,6,,,60,60,67.0,13 November 2023,
RENAULT,Arkana,R.S. Line TCe Mild-hybrid 140 Auto EDC,A7,Automatic,1333,Petrol Electric,Hybrid Electric Vehicle (HEV),139,103,0,,,,Euro 6d,False,WLTP,38.7,49.6,56.5,46.3,48.7,0,7.3,5.7,5,6.1,5.8,0,132,0,,,,,278,13,22,,,60,60,67.0,13 November 2023,
RENAULT,Arkana,R.S. Line TCe Mild-hybrid 140 Auto EDC,A7,Automatic,1333,Petrol Electric,Hybrid Electric Vehicle (HEV),139,103,0,,,,Euro 6d,False,WLTP,38.7,49.6,56.5,46.3,48.7,0,7.3,5.7,5,6.1,5.8,0,132,0,,,,,278,13,22,,,60,60,67.0,13 November 2023,
RENAULT,Arkana,R.S. Line tce 140 mild hybrid auto edc my22,A7,Automatic,1333,Petrol Electric,Hybrid Electric Vehicle (HEV),139,103,0,,,,Euro 6d,False,WLTP,37.7,49.6,56.5,47.9,48.7,0,7.5,5.7,5,5.9,5.8,0,131,0,,,,,540,14,22,,,60,60,67.0,13 November 2023,
RENAULT,Arkana,R.S. Line tce 140 mild hybrid auto edc my22,A7,Automatic,1333,Petrol Electric,Hybrid Electric Vehicle (HEV),139,103,0,,,,Euro 6d,False,WLTP,37.2,48.7,56.5,47.1,47.9,0,7.6,5.8,5,6,5.9,0,133,0,,,,,540,14,22,,,60,60,67.0,13 November 2023,
RENAULT,Arkana,R.S. Line TCe Mild-hybrid 140 Auto EDC,A7,Automatic,1333,Petrol Electric,Hybrid Electric Vehicle (HEV),139,103,0,,,,Euro 6d,False,WLTP,38.7,49.6,57.6,47.1,48.7,0,7.3,5.7,4.9,6,5.8,0,132,0,,,,,278,11,21,,,60,60,67.0,13 November 2023,
RENAULT,Arkana,R.S. Line TCe Mild-hybrid 140 Auto EDC,A7,Automatic,1333,Petrol Electric,Hybrid Electric Vehicle (HEV),139,103,0,,,,Euro 6d,False,WLTP,37.2,48.7,56.5,46.3,47.9,0,7.6,5.8,5,6.1,5.9,0,133,0,,,,,540,14,22,,,60,60,67.0,13 November 2023,
RENAULT,Arkana,R.S. Line TCe Mild-hybrid 140 Auto EDC,A7,Automatic,1333,Petrol Electric,Hybrid Electric Vehicle (HEV),139,103,0,,,,Euro 6d,False,WLTP,37.7,49.6,57.6,47.1,48.7,0,7.5,5.7,4.9,6,5.8,0,132,0,,,,,307,11,21,,,60,60,67.0,13 November 2023,
RENAULT,Arkana,R.S. Line TCe Mild-hybrid 140 Auto EDC,A7,Automatic,1333,Petrol Electric,Hybrid Electric Vehicle (HEV),139,103,0,,,,Euro 6d,False,WLTP,36.7,48.7,56.5,47.1,47.9,0,7.7,5.8,5,6,5.9,0,133,0,,,,,540,14,22,,,60,60,67.0,13 November 2023,
RENAULT,Arkana,R.S. Line E-TECH Hybrid 145 Auto,A6,Automatic,1598,Petrol Electric,Hybrid Electric Vehicle (HEV),93,69,0,,,,Euro 6d,False,WLTP,57.6,65.7,65.7,50.4,58.9,0,4.9,4.3,4.3,5.6,4.8,0,109,0,,,,,383,20,3,,,60,60,67.0,13 November 2023,
RENAULT,Arkana,R.S. Line E-TECH Hybrid 145 Auto,A6,Automatic,1598,Petrol Electric,Hybrid Electric Vehicle (HEV),93,69,0,,,,Euro 6d,False,WLTP,56.5,64.2,64.2,48.7,56.5,0,5,4.4,4.4,5.8,5,0,113,0,,,,,383,20,3,,,60,60,67.0,13 November 2023,
RENAULT,Arkana,R.S. Line E-TECH Hybrid 145 Auto,A6,Automatic,1598,Petrol Electric,Hybrid Electric Vehicle (HEV),93,69,0,,,,Euro 6d,False,WLTP,57.6,65.7,65.7,50.4,58.9,0,4.9,4.3,4.3,5.6,4.8,0,109,0,,,,,383,20,3,,,60,60,67.0,13 November 2023,
RENAULT,Arkana,R.S. Line E-TECH Hybrid 145 Auto,A6,Automatic,1598,Petrol Electric,Hybrid Electric Vehicle (HEV),93,69,0,,,,Euro 6d,False,WLTP,56.5,65.7,65.7,49.6,57.6,0,5,4.3,4.3,5.7,4.9,0,111,0,,,,,383,20,3,,,60,60,67.0,13 November 2023,
RENAULT,Arkana,R.S. Line E-TECH Hybrid 145 Auto,A6,Automatic,1598,Petrol Electric,Hybrid Electric Vehicle (HEV),93,69,0,,,,Euro 6d,False,WLTP,60.1,65.7,67.3,51.4,60.1,0,4.7,4.3,4.2,5.5,4.7,0,107,0,,,,,380,18,3,,,60,60,67.0,13 November 2023,
RENAULT,Arkana,R.S. Line E-TECH Hybrid 145 Auto,A6,Automatic,1598,Petrol Electric,Hybrid Electric Vehicle (HEV),93,69,0,,,,Euro 6d,False,WLTP,56.5,64.2,65.7,50.4,57.6,0,5,4.4,4.3,5.6,4.9,0,110,0,,,,,383,20,6,,,60,60,67.0,13 November 2023,
RENAULT,Arkana,S Edition E-TECH Hybrid 145 Auto,A6,Automatic,1598,Petrol Electric,Hybrid Electric Vehicle (HEV),93,69,0,,,,Euro 6d,False,WLTP,56.5,64.2,64.2,48.7,56.5,0,5,4.4,4.4,5.8,5,0,112,0,,,,,383,20,3,,,60,60,67.0,13 November 2023,
RENAULT,Arkana,S Edition E-TECH Hybrid 145 Auto,A6,Automatic,1598,Petrol Electric,Hybrid Electric Vehicle (HEV),93,69,0,,,,Euro 6d,False,WLTP,56.5,64.2,64.2,48.7,56.5,0,5,4.4,4.4,5.8,5,0,112,0,,,,,383,20,3,,,60,60,67.0,13 November 2023,
RENAULT,Arkana,S Edition TCe Mild-hybrid 140 Auto EDC,A7,Automatic,1333,Petrol Electric,Hybrid Electric Vehicle (HEV),139,103,0,,,,Euro 6d,False,WLTP,38.7,49.6,56.5,45.6,47.9,0,7.3,5.7,5,6.2,5.9,0,133,0,,,,,278,13,22,,,60,60,67.0,13 November 2023,
RENAULT,Arkana,S Edition TCe Mild-hybrid 140 Auto EDC,A7,Automatic,1333,Petrol Electric,Hybrid Electric Vehicle (HEV),139,103,0,,,,Euro 6d,False,WLTP,38.7,49.6,56.5,45.6,47.9,0,7.3,5.7,5,6.2,5.9,0,133,0,,,,,278,13,22,,,60,60,67.0,13 November 2023,
RENAULT,Arkana,S Edition E-TECH Hybrid 145 Auto,A6,Automatic,1598,Petrol Electric,Hybrid Electric Vehicle (HEV),93,69,0,,,,Euro 6d,False,WLTP,57.6,65.7,65.7,49.6,57.6,0,4.9,4.3,4.3,5.7,4.9,0,110,0,,,,,383,20,3,,,60,60,67.0,13 November 2023,
RENAULT,Arkana,S Edition E-TECH Hybrid 145 Auto,A6,Automatic,1598,Petrol Electric,Hybrid Electric Vehicle (HEV),93,69,0,,,,Euro 6d,False,WLTP,56.5,64.2,64.2,48.7,56.5,0,5,4.4,4.4,5.8,5,0,113,0,,,,,383,20,3,,,60,60,67.0,13 November 2023,
RENAULT,Arkana,S Edition TCe Mild-hybrid 140 Auto EDC,A7,Automatic,1333,Petrol Electric,Hybrid Electric Vehicle (HEV),139,103,0,,,,Euro 6d,False,WLTP,38.7,49.6,56.5,45.6,47.9,0,7.3,5.7,5,6.2,5.9,0,133,0,,,,,278,13,22,,,60,60,67.0,13 November 2023,
RENAULT,Arkana,S Edition TCe Mild-hybrid 140 Auto EDC,A7,Automatic,1333,Petrol Electric,Hybrid Electric Vehicle (HEV),139,103,0,,,,Euro 6d,False,WLTP,38.7,49.6,56.5,45.6,47.9,0,7.3,5.7,5,6.2,5.9,0,133,0,,,,,278,13,22,,,60,60,67.0,13 November 2023,
RENAULT,Arkana,S Edition E-TECH Hybrid 145 Auto,A6,Automatic,1598,Petrol Electric,Hybrid Electric Vehicle (HEV),93,69,0,,,,Euro 6d,False,WLTP,58.9,65.7,65.7,49.6,58.9,0,4.8,4.3,4.3,5.7,4.8,0,109,0,,,,,383,20,3,,,60,60,67.0,13 November 2023,
RENAULT,Arkana,S Edition E-TECH Hybrid 145 Auto,A6,Automatic,1598,Petrol Electric,Hybrid Electric Vehicle (HEV),93,69,0,,,,Euro 6d,False,WLTP,57.6,65.7,65.7,49.6,57.6,0,4.9,4.3,4.3,5.7,4.9,0,111,0,,,,,383,20,3,,,60,60,67.0,13 November 2023,
RENAULT,Arkana,S Edition TCe Mild-hybrid 140 Auto EDC,A7,Automatic,1333,Petrol Electric,Hybrid Electric Vehicle (HEV),139,103,0,,,,Euro 6d,False,WLTP,37.7,49.6,57.6,46.3,48.7,0,7.5,5.7,4.9,6.1,5.8,0,132,0,,,,,307,11,21,,,60,60,67.0,13 November 2023,
RENAULT,Arkana,S Edition TCe Mild-hybrid 140 Auto EDC,A7,Automatic,1333,Petrol Electric,Hybrid Electric Vehicle (HEV),139,103,0,,,,Euro 6d,False,WLTP,37.2,48.7,56.5,46.3,47.9,0,7.6,5.8,5,6.1,5.9,0,133,0,,,,,540,14,22,,,60,60,67.0,13 November 2023,
RENAULT,Arkana,S Edition E-TECH Hybrid 145 Auto,A6,Automatic,1598,Petrol Electric,Hybrid Electric Vehicle (HEV),93,69,0,,,,Euro 6d,False,WLTP,61.4,65.7,67.3,51.4,60.1,0,4.6,4.3,4.2,5.5,4.7,0,107,0,,,,,380,18,6,,,60,60,67.0,13 November 2023,
RENAULT,Arkana,S Edition E-TECH Hybrid 145 Auto,A6,Automatic,1598,Petrol Electric,Hybrid Electric Vehicle (HEV),93,69,0,,,,Euro 6d,False,WLTP,57.6,64.2,65.7,50.4,57.6,0,4.9,4.4,4.3,5.6,4.9,0,109,0,,,,,380,18,6,,,60,60,67.0,13 November 2023,
RENAULT,Arkana,techno E-Tech hybrid 145 auto my22,A6,Automatic,1598,Petrol Electric,Hybrid Electric Vehicle (HEV),93,69,0,,,,Euro 6d,False,WLTP,61.4,65.7,67.3,51.4,60.1,0,4.6,4.3,4.2,5.5,4.7,0,107,0,,,,,380,18,6,,,60,60,67.0,13 November 2023,
RENAULT,Arkana,techno E-Tech hybrid 145 auto my22,A6,Automatic,1598,Petrol Electric,Hybrid Electric Vehicle (HEV),93,69,0,,,,Euro 6d,False,WLTP,60.1,64.2,67.3,51.4,58.9,0,4.7,4.4,4.2,5.5,4.8,0,108,0,,,,,380,18,6,,,60,60,67.0,13 November 2023,
RENAULT,Arkana,techno tce 140 mild hybrid auto edc my22,A7,Automatic,1333,Petrol Electric,Hybrid Electric Vehicle (HEV),139,103,0,,,,Euro 6d,False,WLTP,37.7,49.6,56.5,46.3,47.9,0,7.5,5.7,5,6.1,5.9,0,132,0,,,,,540,14,22,,,60,60,67.0,13 November 2023,
RENAULT,Arkana,techno tce 140 mild hybrid auto edc my22,A7,Automatic,1333,Petrol Electric,Hybrid Electric Vehicle (HEV),139,103,0,,,,Euro 6d,False,WLTP,37.7,49.6,56.5,46.3,47.9,0,7.5,5.7,5,6.1,5.9,0,133,0,,,,,540,14,22,,,60,60,67.0,13 November 2023,
RENAULT,Arkana,esprit Alpine E-Tech full hybrid 145 MY24,A6,Automatic,1598,Petrol Electric,Hybrid Electric Vehicle (HEV),93,69,0,,,,Euro 6d,False,WLTP,57.6,65.7,65.7,49.6,57.6,0,4.9,4.3,4.3,5.7,4.9,0,110,0,,,,,380,18,6,,,,,67.0,20 November 2023,
RENAULT,Arkana,esprit Alpine E-Tech full hybrid 145 MY24,A6,Automatic,1598,Petrol Electric,Hybrid Electric Vehicle (HEV),93,69,0,,,,Euro 6d,False,WLTP,57.6,65.7,65.7,49.6,57.6,0,4.9,4.3,4.3,5.7,4.9,0,110,0,,,,,380,18,6,,,,,67.0,20 November 2023,
RENAULT,Arkana,E-Tech engineered full hybrid 145 MY22 BOSE® Editi,A6,Automatic,1598,Petrol Electric,Hybrid Electric Vehicle (HEV),93,69,0,,,,Euro 6d,False,WLTP,60.1,65.7,67.3,52.3,60.1,0,4.7,4.3,4.2,5.4,4.7,0,106,0,,,,,380,18,6,,,,,67.0,20 November 2023,
RENAULT,Arkana,E-Tech engineered full hybrid 145 MY22 BOSE® Editi,A6,Automatic,1598,Petrol Electric,Hybrid Electric Vehicle (HEV),93,69,0,,,,Euro 6d,False,WLTP,60.1,65.7,67.3,52.3,60.1,0,4.7,4.3,4.2,5.4,4.7,0,106,0,,,,,380,18,6,,,,,67.0,20 November 2023,
RENAULT,Arkana,evolution tce 140 mild hybrid auto edc my22,A7,Automatic,1333,Petrol Electric,Hybrid Electric Vehicle (HEV),139,103,0,,,,Euro 6d,False,WLTP,37.7,49.6,57.6,47.9,48.7,0,7.5,5.7,4.9,5.9,5.8,0,130,0,,,,,540,14,22,,,,,67.0,20 November 2023,
RENAULT,Arkana,evolution tce 140 mild hybrid auto edc my22,A7,Automatic,1333,Petrol Electric,Hybrid Electric Vehicle (HEV),139,103,0,,,,Euro 6d,False,WLTP,37.7,49.6,56.5,47.9,48.7,0,7.5,5.7,5,5.9,5.8,0,131,0,,,,,540,14,22,,,,,67.0,20 November 2023,
RENAULT,Arkana,techno E-Tech full hybrid 145 MY24,A6,Automatic,1598,Petrol Electric,Hybrid Electric Vehicle (HEV),93,69,0,,,,Euro 6d,False,WLTP,61.4,64.2,67.3,51.4,60.1,0,4.6,4.4,4.2,5.5,4.7,0,107,0,,,,,380,18,6,,,,,67.0,20 November 2023,
RENAULT,Arkana,techno E-Tech full hybrid 145 MY24,A6,Automatic,1598,Petrol Electric,Hybrid Electric Vehicle (HEV),93,69,0,,,,Euro 6d,False,WLTP,61.4,64.2,67.3,51.4,60.1,0,4.6,4.4,4.2,5.5,4.7,0,107,0,,,,,380,18,6,,,,,67.0,20 November 2023,
RENAULT,Arkana,evolution E-Tech full hybrid 145 MY24,A4,Automatic,1598,Petrol Electric,Hybrid Electric Vehicle (HEV),145,107,0,,,,Euro 6d,False,WLTP,62.8,64.2,68.9,52.3,60.1,0,4.5,4.4,4.1,5.4,4.7,0,105,0,,,,,380,18,6,,,,,67.0,03 April 2024,
RENAULT,Arkana,evolution E-Tech full hybrid 145 MY24,A4,Automatic,1598,Petrol Electric,Hybrid Electric Vehicle (HEV),145,107,0,,,,Euro 6d,False,WLTP,61.4,64.2,67.3,52.3,60.1,0,4.6,4.4,4.2,5.4,4.7,0,105,0,,,,,380,18,6,,,,,67.0,03 April 2024,
RENAULT,Austral,techno esprit Alpine E-Tech full hybrid 200hp [MY24],A4,Automatic,1199,Petrol Electric,Hybrid Electric Vehicle (HEV),200,147,0,,,,Euro 6d,False,WLTP,72.4,67.3,65.7,50.4,60.1,0,3.9,4.2,4.3,5.6,4.7,0,106,0,,,,,462,30,50,,,,,67.0,14 May 2024,
RENAULT,Austral,techno esprit Alpine E-Tech full hybrid 200hp [MY24],A4,Automatic,1199,Petrol Electric,Hybrid Electric Vehicle (HEV),200,147,0,,,,Euro 6d,False,WLTP,72.4,67.3,65.7,50.4,60.1,0,3.9,4.2,4.3,5.6,4.7,0,106,0,,,,,462,30,50,,,,,67.0,14 May 2024,
RENAULT,CAPTUR,E-Tech Engineered Hybrid 145 Auto MY22,A6,Automatic,1598,Petrol Electric,Hybrid Electric Vehicle (HEV),93,69,0,,,,Euro 6d,False,WLTP,62.8,67.3,65.7,51.4,60.1,0,4.5,4.2,4.3,5.5,4.7,0,107,0,,,,,345,17,6,,,60,60,67.0,13 November 2023,
RENAULT,CAPTUR,E-Tech Engineered Hybrid 145 Auto MY22,A6,Automatic,1598,Petrol Electric,Hybrid Electric Vehicle (HEV),93,69,0,,,,Euro 6d,False,WLTP,61.4,67.3,65.7,51.4,58.9,0,4.6,4.2,4.3,5.5,4.8,0,107,0,,,,,345,17,6,,,60,60,67.0,13 November 2023,
RENAULT,CAPTUR,E-TECH Launch Edition Plug-in Hybrid 160 Auto,A6,Automatic,1598,Electricity / Petrol,Plug-in Hybrid Electric Vehicle (PHEV),92,68,0,,,0,Euro 6d,False,WLTP,37.7,52.3,56.5,38.7,44.8,176.6,7.5,5.4,5,7.3,6.3,1.6,141,35,30,49,0,,639,31,4,,,60,60,66.0,13 November 2023,
RENAULT,CAPTUR,E-TECH Launch Edition Plug-in Hybrid 160 Auto,A6,Automatic,1598,Electricity / Petrol,Plug-in Hybrid Electric Vehicle (PHEV),92,68,0,,,0,Euro 6d,False,WLTP,37.7,52.3,55.4,38.2,44.8,176.6,7.5,5.4,5.1,7.4,6.3,1.6,142,36,31,50,0,,639,31,4,,,60,60,66.0,13 November 2023,
RENAULT,CAPTUR,Evolution E-TECH Hybrid 145 Auto MY22,A6,Automatic,1598,Petrol Electric,Hybrid Electric Vehicle (HEV),93,69,0,,,,Euro 6d,False,WLTP,65.7,67.3,67.3,52.3,60.1,0,4.3,4.2,4.2,5.4,4.7,0,106,0,,,,,345,17,6,,,60,60,67.0,13 November 2023,
RENAULT,CAPTUR,Evolution E-TECH Hybrid 145 Auto MY22,A6,Automatic,1598,Petrol Electric,Hybrid Electric Vehicle (HEV),93,69,0,,,,Euro 6d,False,WLTP,62.8,61.4,65.7,51.4,60.1,0,4.5,4.6,4.3,5.5,4.7,0,106,0,,,,,345,17,6,,,60,60,67.0,13 November 2023,
RENAULT,CAPTUR,Evolution mild hybrid TCe 140 MY22,M6,Manual,1333,Petrol,Internal Combustion Engine (ICE),139,103,0,,,,Euro 6d,False,WLTP,40.4,52.3,56.5,44.8,48.7,0,7,5.4,5,6.3,5.8,0,131,0,,,,,202,12,21,,,60,60,68.0,13 November 2023,
RENAULT,CAPTUR,Evolution mild hybrid TCe 140 MY22,M6,Manual,1333,Petrol,Internal Combustion Engine (ICE),139,103,0,,,,Euro 6d,False,WLTP,39.8,52.3,56.5,44.8,48.7,0,7.1,5.4,5,6.3,5.8,0,132,0,,,,,202,12,21,,,60,60,68.0,13 November 2023,
RENAULT,CAPTUR,Evolution TCe 90 MY22,M6,Manual,999,Petrol,Internal Combustion Engine (ICE),91,67,0,,,,Euro 6d,False,WLTP,41.5,52.3,56.5,44.1,48.7,0,6.8,5.4,5,6.4,5.8,0,131,0,,,,,244,47,47,,,60,60,66.0,13 November 2023,
RENAULT,CAPTUR,Evolution TCe 90 MY22,M6,Manual,999,Petrol,Internal Combustion Engine (ICE),91,67,0,,,,Euro 6d,False,WLTP,40.9,52.3,56.5,44.1,47.9,0,6.9,5.4,5,6.4,5.9,0,132,0,,,,,244,47,47,,,60,60,66.0,13 November 2023,
RENAULT,CAPTUR,S Edition E-TECH Plug-in Hybrid 160 Auto w.Bose,A6,Automatic,1598,Electricity / Petrol,Plug-in Hybrid Electric Vehicle (PHEV),92,68,0,,,0,Euro 6d,False,WLTP,38.2,52.3,57.6,38.7,45.6,188.3,7.4,5.4,4.9,7.3,6.2,1.5,139,33,31,50,0,,639,31,4,,,60,60,66.0,13 November 2023,
RENAULT,CAPTUR,S Edition E-TECH Plug-in Hybrid 160 Auto w.Bose,A6,Automatic,1598,Electricity / Petrol,Plug-in Hybrid Electric Vehicle (PHEV),92,68,0,,,0,Euro 6d,False,WLTP,37.7,52.3,56.5,38.2,44.8,176.6,7.5,5.4,5,7.4,6.3,1.6,141,35,32,51,0,,639,31,4,,,60,60,66.0,13 November 2023,
RENAULT,CAPTUR,S Edition E-TECH Plug-in Hybrid 160 Auto,A6,Automatic,1598,Electricity / Petrol,Plug-in Hybrid Electric Vehicle (PHEV),92,68,0,,,0,Euro 6d,False,WLTP,38.2,52.3,57.6,38.7,45.6,188.3,7.4,5.4,4.9,7.3,6.2,1.5,139,33,31,50,0,,639,31,4,,,60,60,66.0,13 November 2023,
RENAULT,CAPTUR,S Edition E-TECH Plug-in Hybrid 160 Auto,A6,Automatic,1598,Electricity / Petrol,Plug-in Hybrid Electric Vehicle (PHEV),92,68,0,,,0,Euro 6d,False,WLTP,37.7,52.3,56.5,38.2,44.8,176.6,7.5,5.4,5,7.4,6.3,1.6,141,35,32,51,0,,639,31,4,,,60,60,66.0,13 November 2023,
RENAULT,CAPTUR,Techno E-TECH Hybrid 145 Auto MY22,A6,Automatic,1598,Petrol Electric,Hybrid Electric Vehicle (HEV),93,69,0,,,,Euro 6d,False,WLTP,64.2,67.3,67.3,51.4,60.1,0,4.4,4.2,4.2,5.5,4.7,0,107,0,,,,,345,17,6,,,60,60,67.0,13 November 2023,
RENAULT,CAPTUR,Techno E-TECH Hybrid 145 Auto MY22,A6,Automatic,1598,Petrol Electric,Hybrid Electric Vehicle (HEV),93,69,0,,,,Euro 6d,False,WLTP,61.4,62.8,65.7,50.4,58.9,0,4.6,4.5,4.3,5.6,4.8,0,108,0,,,,,345,17,6,,,60,60,67.0,13 November 2023,
RENAULT,CAPTUR,Techno E-TECH Plug-in Hybrid 160 Auto MY22,A6,Automatic,1598,Electricity / Petrol,Plug-in Hybrid Electric Vehicle (PHEV),92,68,0,,,0,Euro 6d,False,WLTP,53.3,57.6,61.4,47.1,53.3,217.3,5.3,4.9,4.6,6,5.3,1.3,119,30,30,48,0,,362,18,4,,,60,60,66.0,13 November 2023,
RENAULT,CAPTUR,Techno E-TECH Plug-in Hybrid 160 Auto MY22,A6,Automatic,1598,Electricity / Petrol,Plug-in Hybrid Electric Vehicle (PHEV),92,68,0,,,0,Euro 6d,False,WLTP,52.3,56.5,61.4,45.6,52.3,217.3,5.4,5,4.6,6.2,5.4,1.3,121,30,30,49,0,,362,18,4,,,60,60,66.0,13 November 2023,
RENAULT,CAPTUR,Techno mild hybrid TCe 140 MY22,M6,Manual,1333,Petrol Electric,Hybrid Electric Vehicle (HEV),139,103,0,,,,Euro 6d,False,WLTP,39.8,52.3,56.5,44.8,48.7,0,7.1,5.4,5,6.3,5.8,0,132,0,,,,,202,12,21,,,60,60,68.0,13 November 2023,
RENAULT,CAPTUR,Techno mild hybrid TCe 140 MY22,M6,Manual,1333,Petrol Electric,Hybrid Electric Vehicle (HEV),139,103,0,,,,Euro 6d,False,WLTP,39.8,51.4,55.4,44.8,47.9,0,7.1,5.5,5.1,6.3,5.9,0,133,0,,,,,202,12,21,,,60,60,68.0,13 November 2023,
RENAULT,CAPTUR,Techno TCe 90 MY22,M6,Manual,999,Petrol,Internal Combustion Engine (ICE),91,67,0,,,,Euro 6d,False,WLTP,40.9,52.3,55.4,43.5,47.9,0,6.9,5.4,5.1,6.5,5.9,0,133,0,,,,,244,47,47,,,60,60,66.0,13 November 2023,
RENAULT,CAPTUR,Techno TCe 90 MY22,M6,Manual,999,Petrol,Internal Combustion Engine (ICE),91,67,0,,,,Euro 6d,False,WLTP,40.9,51.4,55.4,43.5,47.9,0,6.9,5.5,5.1,6.5,5.9,0,133,0,,,,,244,47,47,,,60,60,66.0,13 November 2023,
RENAULT,CAPTUR,Rive Gauche SE E-Tech Hybrid 145 Auto,A6,Automatic,1598,Petrol Electric,Hybrid Electric Vehicle (HEV),93,69,0,,,,Euro 6d,False,WLTP,62.8,67.3,65.7,50.4,58.9,0,4.5,4.2,4.3,5.6,4.8,0,107,0,,,,,345,17,6,,,60,60,67.0,13 November 2023,
RENAULT,CAPTUR,Rive Gauche SE E-Tech Hybrid 145 Auto,A6,Automatic,1598,Petrol Electric,Hybrid Electric Vehicle (HEV),93,69,0,,,,Euro 6d,False,WLTP,61.4,65.7,64.2,49.6,57.6,0,4.6,4.3,4.4,5.7,4.9,0,109,0,,,,,345,17,6,,,60,60,67.0,13 November 2023,
RENAULT,CAPTUR,Rive Gauche SE TCe 90,M6,Manual,999,Petrol,Internal Combustion Engine (ICE),91,67,0,,,,Euro 6d,False,WLTP,40.9,52.3,56.5,44.8,48.7,0,6.9,5.4,5,6.3,5.8,0,132,0,,,,,244,39,34,,,60,60,66.0,13 November 2023,
RENAULT,CAPTUR,Rive Gauche SE TCe 90,M6,Manual,999,Petrol,Internal Combustion Engine (ICE),91,67,0,,,,Euro 6d,False,WLTP,38.2,51.4,55.4,44.1,47.9,0,7.4,5.5,5.1,6.4,5.9,0,134,0,,,,,294,47,47,,,60,60,66.0,13 November 2023,
RENAULT,CAPTUR,R.S. Line TCe 140 MY22,M6,Manual,1333,Petrol,Internal Combustion Engine (ICE),139,103,0,,,,Euro 6d,False,WLTP,39.8,51.4,56.5,44.8,48.7,0,7.1,5.5,5,6.3,5.8,0,132,0,,,,,202,12,21,,,60,60,68.0,13 November 2023,
RENAULT,CAPTUR,R.S. Line TCe 140 MY22,M6,Manual,1333,Petrol,Internal Combustion Engine (ICE),139,103,0,,,,Euro 6d,False,WLTP,39.2,51.4,56.5,44.8,47.9,0,7.2,5.5,5,6.3,5.9,0,133,0,,,,,202,12,21,,,60,60,68.0,13 November 2023,
RENAULT,CAPTUR,E-Tech engineered full hybrid 145 MY22 BOSE® Editi,A6,Automatic,1598,Petrol Electric,Hybrid Electric Vehicle (HEV),93,69,0,,,,Euro 6d,False,WLTP,62.8,67.3,65.7,51.4,60.1,0,4.5,4.2,4.3,5.5,4.7,0,107,0,,,,,348,21,4,,,,,67.0,20 November 2023,
RENAULT,CAPTUR,E-Tech engineered full hybrid 145 MY22 BOSE® Editi,A6,Automatic,1598,Petrol Electric,Hybrid Electric Vehicle (HEV),93,69,0,,,,Euro 6d,False,WLTP,62.8,67.3,65.7,51.4,60.1,0,4.5,4.2,4.3,5.5,4.7,0,107,0,,,,,348,21,4,,,,,67.0,20 November 2023,
RENAULT,CAPTUR,r.s. line TCe 90 MY22,M6,Manual,999,Petrol,Internal Combustion Engine (ICE),91,67,0,,,,Euro 6d,False,WLTP,40.9,52.3,56.5,44.1,47.9,0,6.9,5.4,5,6.4,5.9,0,132,0,,,,,244,47,47,,,,,66.0,20 November 2023,
RENAULT,CAPTUR,r.s. line TCe 90 MY22,M6,Manual,999,Petrol,Internal Combustion Engine (ICE),91,67,0,,,,Euro 6d,False,WLTP,40.9,52.3,56.5,44.1,47.9,0,6.9,5.4,5,6.4,5.9,0,132,0,,,,,244,47,47,,,,,66.0,20 November 2023,
RENAULT,CAPTUR,E-Tech Engineered Plug-in Hybrid 160 Auto MY22,A6,Automatic,1598,Electricity / Petrol,Plug-in Hybrid Electric Vehicle (PHEV),92,68,0,,,0,Euro 6d,False,WLTP,53.3,57.6,61.4,45.6,53.3,217.3,5.3,4.9,4.6,6.2,5.3,1.3,120,30,30,48,0,,362,18,4,,,,,66.0,27 November 2023,
RENAULT,CAPTUR,E-Tech Engineered Plug-in Hybrid 160 Auto MY22,A6,Automatic,1598,Electricity / Petrol,Plug-in Hybrid Electric Vehicle (PHEV),92,68,0,,,0,Euro 6d,False,WLTP,52.3,56.5,60.1,45.6,52.3,201.8,5.4,5,4.7,6.2,5.4,1.4,121,31,30,48,0,,362,18,4,,,,,66.0,27 November 2023,
RENAULT,CAPTUR,esprit Alpine E-Tech full hybrid 145 ^MY25],A6,Automatic,1598,Petrol Electric,Hybrid Electric Vehicle (HEV),145,107,0,,,,Euro 6d,False,WLTP,58.9,70.6,67.3,51.4,60.1,0,4.8,4,4.2,5.5,4.7,0,107,0,,,,,401,33,6,,,60,60,67.0,10 July 2024,
RENAULT,CAPTUR,esprit Alpine E-Tech full hybrid 145 ^MY25],A6,Automatic,1598,Petrol Electric,Hybrid Electric Vehicle (HEV),145,107,0,,,,Euro 6d,False,WLTP,58.9,70.6,65.7,50.4,58.9,0,4.8,4,4.3,5.6,4.8,0,108,0,,,,,401,33,6,,,60,60,67.0,10 July 2024,
RENAULT,CAPTUR,evolution E-Tech full hybrid 145 ^MY25],A6,Automatic,1598,Petrol Electric,Hybrid Electric Vehicle (HEV),145,107,0,,,,Euro 6d,False,WLTP,60.1,70.6,67.3,51.4,60.1,0,4.7,4,4.2,5.5,4.7,0,106,0,,,,,401,33,6,,,60,60,67.0,10 July 2024,
RENAULT,CAPTUR,evolution E-Tech full hybrid 145 ^MY25],A6,Automatic,1598,Petrol Electric,Hybrid Electric Vehicle (HEV),145,107,0,,,,Euro 6d,False,WLTP,60.1,70.6,67.3,51.4,60.1,0,4.7,4,4.2,5.5,4.7,0,106,0,,,,,401,33,6,,,60,60,67.0,10 July 2024,
RENAULT,CAPTUR,evolution TCe 90 ^MY25],M6,Manual,999,Petrol,Internal Combustion Engine (ICE),90,66,0,,,,Euro 6d,False,WLTP,40.9,51.4,55.4,42.8,47.1,0,6.9,5.5,5.1,6.6,6,0,135,0,,,,,244,47,47,,,60,60,66.0,10 July 2024,
RENAULT,CAPTUR,evolution TCe 90 ^MY25],M6,Manual,999,Petrol,Internal Combustion Engine (ICE),90,66,0,,,,Euro 6d,False,WLTP,40.9,51.4,55.4,42.8,47.1,0,6.9,5.5,5.1,6.6,6,0,135,0,,,,,244,47,47,,,60,60,66.0,10 July 2024,
RENAULT,CAPTUR,esprit Alpine full hybrid E-Tech 160 MY26,A6,Automatic,1798,Petrol Electric,Hybrid Electric Vehicle (HEV),160,116,,,,,Euro 6 EB,False,WLTP,56.5,80.7,74.3,57.6,65.7,0,5,3.5,3.8,4.9,4.3,0,97,0,,,,,401,33,6,,,,,67.0,17 July 2025,
RENAULT,CAPTUR,esprit Alpine full hybrid E-Tech 160 MY26,A6,Automatic,1798,Petrol Electric,Hybrid Electric Vehicle (HEV),160,116,,,,,Euro 6 EB,False,WLTP,56.5,80.7,74.3,57.6,65.7,0,5,3.5,3.8,4.9,4.3,0,97,0,,,,,401,33,6,,,,,67.0,17 July 2025,
RENAULT,CAPTUR,evolution TCe 90 MY26,M6,Manual,999,Petrol,Internal Combustion Engine (ICE),90,67,,,,,Euro 6 EA,False,WLTP,40.9,52.3,55.4,43.5,47.9,0,6.9,5.4,5.1,6.5,5.9,0,133,0,,,,,244,47,47,,,,,66.0,17 July 2025,
RENAULT,CAPTUR,evolution TCe 90 MY26,M6,Manual,999,Petrol,Internal Combustion Engine (ICE),90,67,,,,,Euro 6 EA,False,WLTP,40.9,52.3,55.4,43.5,47.9,0,6.9,5.4,5.1,6.5,5.9,0,133,0,,,,,244,47,47,,,,,66.0,17 July 2025,
RENAULT,CAPTUR,techno TCe 90 MY26,M6,Manual,999,Petrol,Internal Combustion Engine (ICE),90,67,,,,,Euro 6 EA,False,WLTP,40.4,51.4,55.4,43.5,47.9,0,7,5.5,5.1,6.5,5.9,0,133,0,,,,,244,47,47,,,,,66.0,17 July 2025,
RENAULT,CAPTUR,techno TCe 90 MY26,M6,Manual,999,Petrol,Internal Combustion Engine (ICE),90,67,,,,,Euro 6 EA,False,WLTP,40.4,51.4,55.4,43.5,47.9,0,7,5.5,5.1,6.5,5.9,0,133,0,,,,,244,47,47,,,,,66.0,17 July 2025,
RENAULT,Clio,RS Line E-TECH Hybrid 145 Auto MY22,A6,Automatic,1598,Petrol Electric,Hybrid Electric Vehicle (HEV),93,69,0,,,0,Euro 6d,False,WLTP,64.2,72.4,74.3,56.5,65.7,0,4.4,3.9,3.8,5,4.3,0,97,0,0,,0,,416,23,5,,,60,60,67.0,17 July 2025,
RENAULT,Clio,RS Line TCe 90 MY22,M6,Manual,999,Petrol,Internal Combustion Engine (ICE),91,67,0,,,0,Euro 6d,False,WLTP,40.9,56.5,61.4,50.4,53.3,0,6.9,5,4.6,5.6,5.3,0,121,0,0,,0,,216,30,25,,,60,60,68.0,17 July 2025,
RENAULT,Clio,E-Tech Engineered Hybrid 145 Auto MY22,A6,Automatic,1598,Petrol Electric,Hybrid Electric Vehicle (HEV),93,69,0,,,,Euro 6d,False,WLTP,65.7,72.4,74.3,57.6,65.7,0,4.3,3.9,3.8,4.9,4.3,0,97,0,,,,,416,23,5,,,60,60,67.0,13 November 2023,
RENAULT,Clio,E-Tech Engineered Hybrid 145 Auto MY22,A6,Automatic,1598,Petrol Electric,Hybrid Electric Vehicle (HEV),93,69,0,,,,Euro 6d,False,WLTP,64.2,72.4,74.3,56.5,65.7,0,4.4,3.9,3.8,5,4.3,0,97,0,,,,,416,23,5,,,60,60,67.0,13 November 2023,
RENAULT,Clio,E-TECH Launch Edition Hybrid 140 Auto,A6,Automatic,1598,Petrol Electric,Hybrid Electric Vehicle (HEV),91,67,0,,,,Euro 6d,False,WLTP,60.1,72.4,74.3,54.3,64.2,0,4.7,3.9,3.8,5.2,4.4,0,99,0,,,,,445,22,2,,,60,60,67.0,13 November 2023,
RENAULT,Clio,E-TECH Launch Edition Hybrid 140 Auto,A6,Automatic,1598,Petrol Electric,Hybrid Electric Vehicle (HEV),91,67,0,,,,Euro 6d,False,WLTP,60.1,72.4,74.3,53.3,62.8,0,4.7,3.9,3.8,5.3,4.5,0,101,0,,,,,445,22,2,,,60,60,67.0,13 November 2023,
RENAULT,Clio,Evolution E-TECH Hybrid 145 Auto MY22,A6,Automatic,1598,Petrol Electric,Hybrid Electric Vehicle (HEV),93,69,0,,,,Euro 6d,False,WLTP,67.3,74.3,74.3,56.5,65.7,0,4.2,3.8,3.8,5,4.3,0,96,0,,,,,416,23,5,,,60,60,67.0,13 November 2023,
RENAULT,Clio,Evolution E-TECH Hybrid 145 Auto MY22,A6,Automatic,1598,Petrol Electric,Hybrid Electric Vehicle (HEV),93,69,0,,,,Euro 6d,False,WLTP,65.7,72.4,74.3,56.5,65.7,0,4.3,3.9,3.8,5,4.3,0,97,0,,,,,416,23,5,,,60,60,67.0,13 November 2023,
RENAULT,Clio,Evolution TCe 90 MY22,M6,Manual,999,Petrol,Internal Combustion Engine (ICE),91,67,0,,,,Euro 6d,False,WLTP,42.2,57.6,62.8,50.4,53.3,0,6.7,4.9,4.5,5.6,5.3,0,119,0,,,,,216,30,25,,,60,60,68.0,13 November 2023,
RENAULT,Clio,Evolution TCe 90 MY22,M6,Manual,999,Petrol,Internal Combustion Engine (ICE),91,67,0,,,,Euro 6d,False,WLTP,41.5,57.6,62.8,50.4,53.3,0,6.8,4.9,4.5,5.6,5.3,0,120,0,,,,,216,30,25,,,60,60,68.0,13 November 2023,
RENAULT,Clio,Iconic E-TECH Hybrid 140 Auto,A6,Automatic,1598,Petrol Electric,Hybrid Electric Vehicle (HEV),91,67,0,,,,Euro 6d,False,WLTP,61.4,74.3,76.3,54.3,64.2,0,4.6,3.8,3.7,5.2,4.4,0,99,0,,,,,445,22,2,,,60,60,67.0,13 November 2023,
RENAULT,Clio,Iconic E-TECH Hybrid 140 Auto,A6,Automatic,1598,Petrol Electric,Hybrid Electric Vehicle (HEV),91,67,0,,,,Euro 6d,False,WLTP,61.4,72.4,74.3,54.3,64.2,0,4.6,3.9,3.8,5.2,4.4,0,99,0,,,,,445,22,2,,,60,60,67.0,13 November 2023,
RENAULT,Clio,Play E-TECH Hybrid 140 Auto,A6,Automatic,1598,Petrol Electric,Hybrid Electric Vehicle (HEV),91,67,0,,,,Euro 6d,False,WLTP,61.4,74.3,74.3,53.3,64.2,0,4.6,3.8,3.8,5.3,4.4,0,99,0,,,,,445,22,2,,,60,60,67.0,13 November 2023,
RENAULT,Clio,Play E-TECH Hybrid 140 Auto,A6,Automatic,1598,Petrol Electric,Hybrid Electric Vehicle (HEV),91,67,0,,,,Euro 6d,False,WLTP,61.4,74.3,74.3,53.3,64.2,0,4.6,3.8,3.8,5.3,4.4,0,99,0,,,,,445,22,2,,,60,60,67.0,13 November 2023,
RENAULT,Clio,R.S.Line E-TECH Hybrid 140 Auto,A6,Automatic,1598,Petrol Electric,Hybrid Electric Vehicle (HEV),91,67,0,,,,Euro 6d,False,WLTP,60.1,72.4,74.3,54.3,64.2,0,4.7,3.9,3.8,5.2,4.4,0,99,0,,,,,445,22,2,,,60,60,67.0,13 November 2023,
RENAULT,Clio,R.S.Line E-TECH Hybrid 140 Auto,A6,Automatic,1598,Petrol Electric,Hybrid Electric Vehicle (HEV),91,67,0,,,,Euro 6d,False,WLTP,58.9,70.6,74.3,53.3,62.8,0,4.8,4,3.8,5.3,4.5,0,101,0,,,,,445,22,2,,,60,60,67.0,13 November 2023,
RENAULT,Clio,RS Line E-TECH Hybrid 145 Auto MY22,A6,Automatic,1598,Petrol Electric,Hybrid Electric Vehicle (HEV),93,69,0,,,,Euro 6d,False,WLTP,64.2,72.4,74.3,56.5,65.7,0,4.4,3.9,3.8,5,4.3,0,97,0,,,,,416,23,5,,,60,60,67.0,13 November 2023,
RENAULT,Clio,RS Line TCe 90 MY22,M6,Manual,999,Petrol,Internal Combustion Engine (ICE),91,67,0,,,,Euro 6d,False,WLTP,40.9,56.5,61.4,50.4,53.3,0,6.9,5,4.6,5.6,5.3,0,121,0,,,,,216,30,25,,,60,60,68.0,13 November 2023,
RENAULT,Clio,S Edition E-TECH Hybrid 140 Auto,A6,Automatic,1598,Petrol Electric,Hybrid Electric Vehicle (HEV),91,67,0,,,,Euro 6d,False,WLTP,60.1,72.4,74.3,54.3,64.2,0,4.7,3.9,3.8,5.2,4.4,0,99,0,,,,,445,22,2,,,60,60,67.0,13 November 2023,
RENAULT,Clio,S Edition E-TECH Hybrid 140 Auto,A6,Automatic,1598,Petrol Electric,Hybrid Electric Vehicle (HEV),91,67,0,,,,Euro 6d,False,WLTP,60.1,72.4,74.3,53.3,62.8,0,4.7,3.9,3.8,5.3,4.5,0,100,0,,,,,445,22,2,,,60,60,67.0,13 November 2023,
RENAULT,Clio,Techno E-TECH Hybrid 145 Auto MY22,A6,Automatic,1598,Petrol Electric,Hybrid Electric Vehicle (HEV),93,69,0,,,,Euro 6d,False,WLTP,65.7,74.3,74.3,57.6,65.7,0,4.3,3.8,3.8,4.9,4.3,0,96,0,,,,,416,23,5,,,60,60,67.0,13 November 2023,
RENAULT,Clio,Techno E-TECH Hybrid 145 Auto MY22,A6,Automatic,1598,Petrol Electric,Hybrid Electric Vehicle (HEV),93,69,0,,,,Euro 6d,False,WLTP,65.7,72.4,74.3,56.5,65.7,0,4.3,3.9,3.8,5,4.3,0,97,0,,,,,416,23,5,,,60,60,67.0,13 November 2023,
RENAULT,Clio,Techno TCe 90 MY22,M6,Manual,999,Petrol,Internal Combustion Engine (ICE),91,67,0,,,,Euro 6d,False,WLTP,42.2,57.6,62.8,50.4,53.3,0,6.7,4.9,4.5,5.6,5.3,0,119,0,,,,,216,30,25,,,60,60,68.0,13 November 2023,
RENAULT,Clio,Techno TCe 90 MY22,M6,Manual,999,Petrol,Internal Combustion Engine (ICE),91,67,0,,,,Euro 6d,False,WLTP,41.5,56.5,62.8,50.4,53.3,0,6.8,5,4.5,5.6,5.3,0,120,0,,,,,216,30,25,,,60,60,68.0,13 November 2023,
RENAULT,Clio,esprit alpine E-Tech full hybrid 145 ^MY24],A4,Automatic,1598,Petrol Electric,Hybrid Electric Vehicle (HEV),93,69,0,,,,Euro 6d,False,WLTP,70.6,72.4,72.4,55.4,65.7,0,4,3.9,3.9,5.1,4.3,0,97,0,,,,,320,24,6,,,,,67.0,20 November 2023,
RENAULT,Clio,esprit alpine E-Tech full hybrid 145 ^MY24],A4,Automatic,1598,Petrol Electric,Hybrid Electric Vehicle (HEV),93,69,0,,,,Euro 6d,False,WLTP,70.6,72.4,72.4,55.4,65.7,0,4,3.9,3.9,5.1,4.3,0,97,0,,,,,320,24,6,,,,,67.0,20 November 2023,
RENAULT,Clio,esprit Alpine TCe 90 ^MY24],M6,Manual,999,Petrol,Internal Combustion Engine (ICE),91,67,0,,,,Euro 6d,False,WLTP,40.9,56.5,62.8,50.4,53.3,0,6.9,5,4.5,5.6,5.3,0,120,0,,,,,216,30,25,,,,,68.0,20 November 2023,
RENAULT,Clio,esprit Alpine TCe 90 ^MY24],M6,Manual,999,Petrol,Internal Combustion Engine (ICE),91,67,0,,,,Euro 6d,False,WLTP,40.9,56.5,62.8,50.4,53.3,0,6.9,5,4.5,5.6,5.3,0,120,0,,,,,216,30,25,,,,,68.0,20 November 2023,
RENAULT,Clio,evolution E-Tech full hybrid 145 ^MY24],A4,Automatic,1598,Petrol Electric,Hybrid Electric Vehicle (HEV),93,69,0,,,,Euro 6d,False,WLTP,74.3,72.4,74.3,56.5,67.3,0,3.8,3.9,3.8,5,4.2,0,95,0,,,,,320,24,6,,,,,67.0,20 November 2023,
RENAULT,Clio,evolution E-Tech full hybrid 145 ^MY24],A4,Automatic,1598,Petrol Electric,Hybrid Electric Vehicle (HEV),93,69,0,,,,Euro 6d,False,WLTP,74.3,72.4,74.3,56.5,67.3,0,3.8,3.9,3.8,5,4.2,0,96,0,,,,,320,24,6,,,,,67.0,20 November 2023,
RENAULT,Clio,evolution TCe 90 ^MY24],M6,Manual,999,Petrol,Internal Combustion Engine (ICE),91,67,0,,,,Euro 6d,False,WLTP,42.2,57.6,62.8,51.4,54.3,0,6.7,4.9,4.5,5.5,5.2,0,118,0,,,,,216,30,25,,,,,68.0,20 November 2023,
RENAULT,Clio,evolution TCe 90 ^MY24],M6,Manual,999,Petrol,Internal Combustion Engine (ICE),91,67,0,,,,Euro 6d,False,WLTP,42.2,57.6,62.8,51.4,54.3,0,6.7,4.9,4.5,5.5,5.2,0,118,0,,,,,216,30,25,,,,,68.0,20 November 2023,
RENAULT,Clio,techno E-Tech full hybrid 145 ^MY24],A4,Automatic,1598,Petrol Electric,Hybrid Electric Vehicle (HEV),93,69,0,,,,Euro 6d,False,WLTP,72.4,72.4,72.4,56.5,65.7,0,3.9,3.9,3.9,5,4.3,0,97,0,,,,,320,24,6,,,,,67.0,20 November 2023,
RENAULT,Clio,techno E-Tech full hybrid 145 ^MY24],A4,Automatic,1598,Petrol Electric,Hybrid Electric Vehicle (HEV),93,69,0,,,,Euro 6d,False,WLTP,72.4,72.4,72.4,56.5,65.7,0,3.9,3.9,3.9,5,4.3,0,97,0,,,,,320,24,6,,,,,67.0,20 November 2023,
RENAULT,Clio,techno TCe 90 ^MY24],M6,Manual,999,Petrol,Internal Combustion Engine (ICE),91,67,0,,,,Euro 6d,False,WLTP,41.5,56.5,62.8,50.4,53.3,0,6.8,5,4.5,5.6,5.3,0,119,0,,,,,216,30,25,,,,,68.0,20 November 2023,
RENAULT,Clio,techno TCe 90 ^MY24],M6,Manual,999,Petrol,Internal Combustion Engine (ICE),91,67,0,,,,Euro 6d,False,WLTP,41.5,56.5,62.8,50.4,53.3,0,6.8,5,4.5,5.6,5.3,0,119,0,,,,,216,30,25,,,,,68.0,20 November 2023,
RENAULT,Clio,techno E-Tech full hybrid 145 [MY25],A4,Automatic,1598,Petrol Electric,Hybrid Electric Vehicle (HEV),147,105,0,,,,Euro 6d,False,WLTP,72.4,72.4,72.4,56.5,65.7,0,3.9,3.9,3.9,5,4.3,0,97,0,,,,,320,23,6,,,,,67.0,14 May 2024,
RENAULT,Clio,techno E-Tech full hybrid 145 [MY25],A4,Automatic,1598,Petrol Electric,Hybrid Electric Vehicle (HEV),147,105,0,,,,Euro 6d,False,WLTP,72.4,72.4,72.4,56.5,65.7,0,3.9,3.9,3.9,5,4.3,0,97,0,,,,,320,23,6,,,,,67.0,14 May 2024,
RENAULT,Clio,SE Edition TCe 90 MY21.5,M6,Manual,999,Petrol,Internal Combustion Engine (ICE),91,67,,,,,Euro 6d,False,WLTP,41.5,56.5,62.8,50.4,53.3,0,6.8,5,4.5,5.6,5.3,0,120,0,,,,,216,30,25,,,60,60,68.0,17 July 2025,
RENAULT,Clio,Iconic Edition E-TECH Hybrid 140 Auto MY21.5,A6,Automatic,1598,Petrol Electric,Hybrid Electric Vehicle (HEV),91,67,,,,,Euro 6d,False,WLTP,61.4,74.3,74.3,53.3,64.2,0,4.6,3.8,3.8,5.3,4.4,0,100,0,,,,,445,22,2,,,60,60,67.0,17 July 2025,
RENAULT,Clio,Iconic Edition E-TECH Hybrid 140 Auto MY21.5,A6,Automatic,1598,Petrol Electric,Hybrid Electric Vehicle (HEV),91,67,,,,,Euro 6d,False,WLTP,61.4,72.4,74.3,53.3,62.8,0,4.6,3.9,3.8,5.3,4.5,0,100,0,,,,,445,22,2,,,60,60,67.0,17 July 2025,
RENAULT,Clio,Iconic Edition TCe 90 MY21.5,M6,Manual,999,Petrol,Internal Combustion Engine (ICE),91,67,,,,,Euro 6d,False,WLTP,42.2,57.6,62.8,50.4,53.3,0,6.7,4.9,4.5,5.6,5.3,0,119,0,,,,,216,30,25,,,60,60,68.0,17 July 2025,
RENAULT,Clio,Iconic Edition TCe 90 MY21.5,M6,Manual,999,Petrol,Internal Combustion Engine (ICE),91,67,,,,,Euro 6d,False,WLTP,41.5,57.6,62.8,50.4,53.3,0,6.8,4.9,4.5,5.6,5.3,0,120,0,,,,,216,30,25,,,60,60,68.0,17 July 2025,
RENAULT,Clio,SE Edition E-TECH Hybrid 140 Auto MY21.5,A6,Automatic,1598,Petrol Electric,Hybrid Electric Vehicle (HEV),91,67,,,,,Euro 6d,False,WLTP,60.1,72.4,74.3,54.3,64.2,0,4.7,3.9,3.8,5.2,4.4,0,100,0,,,,,445,22,2,,,60,60,67.0,17 July 2025,
RENAULT,Clio,SE Edition E-TECH Hybrid 140 Auto MY21.5,A6,Automatic,1598,Petrol Electric,Hybrid Electric Vehicle (HEV),91,67,,,,,Euro 6d,False,WLTP,60.1,72.4,74.3,53.3,62.8,0,4.7,3.9,3.8,5.3,4.5,0,100,0,,,,,445,22,2,,,60,60,67.0,17 July 2025,
RENAULT,Clio,SE Edition TCe 90 MY21.5,M6,Manual,999,Petrol,Internal Combustion Engine (ICE),91,67,,,,,Euro 6d,False,WLTP,41.5,57.6,62.8,50.4,53.3,0,6.8,4.9,4.5,5.6,5.3,0,119,0,,,,,216,30,25,,,60,60,68.0,17 July 2025,
RENAULT,Kadjar,Equilibre TCe 140 MY22,M6,Manual,1333,Petrol,Internal Combustion Engine (ICE),139,103,0,,,,Euro 6d,False,WLTP,36.2,47.1,53.3,43.5,45.6,0,7.8,6,5.3,6.5,6.2,0,141,0,,,,,162,15,13,,,60,60,70.0,13 November 2023,
RENAULT,Kadjar,Equilibre TCe 140 MY22,M6,Manual,1333,Petrol,Internal Combustion Engine (ICE),139,103,0,,,,Euro 6d,False,WLTP,36.2,47.1,52.3,43.5,45.6,0,7.8,6,5.4,6.5,6.2,0,141,0,,,,,162,15,13,,,60,60,70.0,13 November 2023,
RENAULT,Kadjar,Equilibre TCe 140 Auto EDC MY22,A7,Automatic,1333,Petrol,Internal Combustion Engine (ICE),139,103,0,,,,Euro 6d,False,WLTP,34.9,48.7,54.3,43.5,45.6,0,8.1,5.8,5.2,6.5,6.2,0,140,0,,,,,156,12,21,,,60,60,68.0,13 November 2023,
RENAULT,Kadjar,Equilibre TCe 140 Auto EDC MY22,A7,Automatic,1333,Petrol,Internal Combustion Engine (ICE),139,103,0,,,,Euro 6d,False,WLTP,34.4,47.9,54.3,43.5,45.6,0,8.2,5.9,5.2,6.5,6.2,0,140,0,,,,,156,12,21,,,60,60,68.0,13 November 2023,
RENAULT,Kadjar,Techno TCe 140 MY22,M6,Manual,1333,Petrol,Internal Combustion Engine (ICE),139,103,0,,,,Euro 6d,False,WLTP,36.2,47.1,52.3,42.8,44.8,0,7.8,6,5.4,6.6,6.3,0,142,0,,,,,162,15,13,,,60,60,70.0,13 November 2023,
RENAULT,Kadjar,Techno TCe 140 MY22,M6,Manual,1333,Petrol,Internal Combustion Engine (ICE),139,103,0,,,,Euro 6d,False,WLTP,35.8,46.3,52.3,42.8,44.8,0,7.9,6.1,5.4,6.6,6.3,0,143,0,,,,,162,15,13,,,60,60,70.0,13 November 2023,
RENAULT,Kadjar,Techno TCe 140 Auto EDC MY22,A7,Automatic,1333,Petrol,Internal Combustion Engine (ICE),139,103,0,,,,Euro 6d,False,WLTP,34.4,47.9,54.3,43.5,45.6,0,8.2,5.9,5.2,6.5,6.2,0,141,0,,,,,156,12,21,,,60,60,68.0,13 November 2023,
RENAULT,Kadjar,Techno TCe 140 Auto EDC MY22,A7,Automatic,1333,Petrol,Internal Combustion Engine (ICE),139,103,0,,,,Euro 6d,False,WLTP,34,47.1,53.3,43.5,45.6,0,8.3,6,5.3,6.5,6.2,0,141,0,,,,,156,12,21,,,60,60,68.0,13 November 2023,
RENAULT,MEGANE E-TECH 100% ELECTRIC,techno+ EV60 220hp optimum charge,N/A,Electric - Not Applicable,0,Electricity,Battery Electric Vehicle (BEV) / Pure Electric Vehicle / Electric Vehicle (EV),217,160,3.7,165,433,269,Euro 6-WLTP (for BEVs only),False,WLTP,0,0,0,0,0,0,0,0,0,0,0,0,0,0,0,,334,537,,,,,,,,64.0,14 May 2024,
RENAULT,MEGANE E-TECH 100% ELECTRIC,equilibre EV60 220hp optimum charge,N/A,Electric - Not Applicable,0,Electricity,Battery Electric Vehicle (BEV) / Pure Electric Vehicle / Electric Vehicle (EV),220,160,3.9,159,443,275,Euro 6-WLTP (for BEVs only),False,WLTP,0,0,0,0,0,0,0,0,0,0,0,0,0,0,0,,342,550,,,,,,,,64.0,27 November 2023,
RENAULT,MEGANE E-TECH 100% ELECTRIC,equilibre EV60 220hp optimum charge,N/A,Electric - Not Applicable,0,Electricity,Battery Electric Vehicle (BEV) / Pure Electric Vehicle / Electric Vehicle (EV),220,160,3.9,159,444,276,Euro 6-WLTP (for BEVs only),False,WLTP,0,0,0,0,0,0,0,0,0,0,0,0,0,0,0,,342,551,,,,,,,,64.0,27 November 2023,
RENAULT,MEGANE E-TECH 100% ELECTRIC,equilibre EV60 220hp optimum charge,N/A,Electric - Not Applicable,0,Electricity,Battery Electric Vehicle (BEV) / Pure Electric Vehicle / Electric Vehicle (EV),220,160,3.9,159,443,275,Euro 6-WLTP (for BEVs only),False,WLTP,0,0,0,0,0,0,0,0,0,0,0,0,0,0,0,,342,550,,,,,,,,64.0,27 November 2023,
RENAULT,MEGANE E-TECH 100% ELECTRIC,equilibre EV60 220hp optimum charge,N/A,Electric - Not Applicable,0,Electricity,Battery Electric Vehicle (BEV) / Pure Electric Vehicle / Electric Vehicle (EV),220,160,3.9,159,443,275,Euro 6-WLTP (for BEVs only),False,WLTP,0,0,0,0,0,0,0,0,0,0,0,0,0,0,0,,342,550,,,,,,,,64.0,27 November 2023,
RENAULT,MEGANE E-TECH 100% ELECTRIC,iconic EV60 220hp optimum charge,N/A,Electric - Not Applicable,0,Electricity,Battery Electric Vehicle (BEV) / Pure Electric Vehicle / Electric Vehicle (EV),220,160,3.8,163,431,268,Euro 6-WLTP (for BEVs only),False,WLTP,0,0,0,0,0,0,0,0,0,0,0,0,0,0,0,,332,534,,,,,,,,64.0,27 November 2023,
RENAULT,MEGANE E-TECH 100% ELECTRIC,iconic EV60 220hp optimum charge,N/A,Electric - Not Applicable,0,Electricity,Battery Electric Vehicle (BEV) / Pure Electric Vehicle / Electric Vehicle (EV),220,160,3.8,163,431,268,Euro 6-WLTP (for BEVs only),False,WLTP,0,0,0,0,0,0,0,0,0,0,0,0,0,0,0,,332,534,,,,,,,,64.0,27 November 2023,
RENAULT,MEGANE E-TECH 100% ELECTRIC,launch edition EV60 220hp optimum charge,N/A,Electric - Not Applicable,0,Electricity,Battery Electric Vehicle (BEV) / Pure Electric Vehicle / Electric Vehicle (EV),220,160,3.8,162,433,269,Euro 6-WLTP (for BEVs only),False,WLTP,0,0,0,0,0,0,0,0,0,0,0,0,0,0,0,,334,537,,,,,,,,64.0,27 November 2023,
RENAULT,MEGANE E-TECH 100% ELECTRIC,launch edition EV60 220hp optimum charge,N/A,Electric - Not Applicable,0,Electricity,Battery Electric Vehicle (BEV) / Pure Electric Vehicle / Electric Vehicle (EV),220,160,3.8,162,433,269,Euro 6-WLTP (for BEVs only),False,WLTP,0,0,0,0,0,0,0,0,0,0,0,0,0,0,0,,334,537,,,,,,,,64.0,27 November 2023,
RENAULT,MEGANE E-TECH 100% ELECTRIC,techno EV60 220hp optimum charge,N/A,Electric - Not Applicable,0,Electricity,Battery Electric Vehicle (BEV) / Pure Electric Vehicle / Electric Vehicle (EV),220,160,3.8,162,434,270,Euro 6-WLTP (for BEVs only),False,WLTP,0,0,0,0,0,0,0,0,0,0,0,0,0,0,0,,336,540,,,,,,,,64.0,27 November 2023,
RENAULT,MEGANE E-TECH 100% ELECTRIC,techno EV60 220hp optimum charge,N/A,Electric - Not Applicable,0,Electricity,Battery Electric Vehicle (BEV) / Pure Electric Vehicle / Electric Vehicle (EV),220,160,3.8,162,434,270,Euro 6-WLTP (for BEVs only),False,WLTP,0,0,0,0,0,0,0,0,0,0,0,0,0,0,0,,336,540,,,,,,,,64.0,27 November 2023,
RENAULT,MEGANE E-TECH 100% ELECTRIC,techno EV60 220hp optimum charge,N/A,Electric - Not Applicable,0,Electricity,Battery Electric Vehicle (BEV) / Pure Electric Vehicle / Electric Vehicle (EV),220,160,3.8,162,434,270,Euro 6-WLTP (for BEVs only),False,WLTP,0,0,0,0,0,0,0,0,0,0,0,0,0,0,0,,336,540,,,,,,,,64.0,27 November 2023,
RENAULT,MEGANE E-TECH 100% ELECTRIC,techno EV60 220hp optimum charge,N/A,Electric - Not Applicable,0,Electricity,Battery Electric Vehicle (BEV) / Pure Electric Vehicle / Electric Vehicle (EV),220,160,3.8,162,434,270,Euro 6-WLTP (for BEVs only),False,WLTP,0,0,0,0,0,0,0,0,0,0,0,0,0,0,0,,336,540,,,,,,,,64.0,27 November 2023,
RENAULT,MEGANE E-TECH 100% ELECTRIC,techno+ EV60 220hp optimum charge,N/A,Electric - Not Applicable,0,Electricity,Battery Electric Vehicle (BEV) / Pure Electric Vehicle / Electric Vehicle (EV),220,160,3.8,162,433,269,Euro 6-WLTP (for BEVs only),False,WLTP,0,0,0,0,0,0,0,0,0,0,0,0,0,0,0,,334,537,,,,,,,,64.0,27 November 2023,
RENAULT,MEGANE E-TECH 100% ELECTRIC,techno 220 hp comfort range MY26,N/A,Electric - Not Applicable,0,Electricity,Battery Electric Vehicle (BEV) / Pure Electric Vehicle / Electric Vehicle (EV),217,160,4.1,152,460,286,Euro 6-WLTP (for BEVs only),False,WLTP,0,0,0,0,0,0,0,0,0,0,0,0,0,0,0,,374,602,,,,,,,,64.0,15 May 2025,
RENAULT,MEGANE E-TECH 100% ELECTRIC,techno 220 hp comfort range MY26,N/A,Electric - Not Applicable,0,Electricity,Battery Electric Vehicle (BEV) / Pure Electric Vehicle / Electric Vehicle (EV),217,160,4.1,152,460,286,Euro 6-WLTP (for BEVs only),False,WLTP,0,0,0,0,0,0,0,0,0,0,0,0,0,0,0,,374,602,,,,,,,,64.0,15 May 2025,
RENAULT,MEGANE E-TECH 100% ELECTRIC,techno esprit Alpine 220 hp comfort range MY26,N/A,Electric - Not Applicable,0,Electricity,Battery Electric Vehicle (BEV) / Pure Electric Vehicle / Electric Vehicle (EV),,,4,154,451,280,Euro 6-WLTP (for BEVs only),False,WLTP,0,0,0,0,0,0,0,0,0,0,0,0,0,0,0,,367,591,0,0,0,0,,0,0,64.0,17 July 2025,
RENAULT,MEGANE E-TECH 100% ELECTRIC,techno esprit Alpine 220 hp comfort range MY26,N/A,Electric - Not Applicable,0,Electricity,Battery Electric Vehicle (BEV) / Pure Electric Vehicle / Electric Vehicle (EV),,,4,154,451,280,Euro 6-WLTP (for BEVs only),False,WLTP,0,0,0,0,0,0,0,0,0,0,0,0,0,0,0,,367,591,0,0,0,0,,0,0,64.0,17 July 2025,
RENAULT,Mégane Hatch,Iconic E-TECH Plug-In Hybrid 160 Auto,A6,Automatic,1598,Electricity / Petrol,Plug-in Hybrid Electric Vehicle (PHEV),93,69,0,,,0,Euro 6d,False,WLTP,53.3,57.6,58.9,50.4,54.3,235.4,5.3,4.9,4.8,5.6,5.2,1.2,117,28,31,50,0,,261,16,3,,,60,60,69.0,13 November 2023,
RENAULT,Mégane Hatch,Iconic E-TECH Plug-In Hybrid 160 Auto,A6,Automatic,1598,Electricity / Petrol,Plug-in Hybrid Electric Vehicle (PHEV),93,69,0,,,0,Euro 6d,False,WLTP,53.3,57.6,58.9,50.4,54.3,235.4,5.3,4.9,4.8,5.6,5.2,1.2,117,28,31,50,0,,261,16,3,,,60,60,69.0,13 November 2023,
RENAULT,Mégane Hatch,Iconic E-TECH Plug-In Hybrid 160 Auto MY22,A6,Automatic,1598,Electricity / Petrol,Plug-in Hybrid Electric Vehicle (PHEV),93,69,0,,,0,Euro 6d,False,WLTP,53.3,57.6,58.9,50.4,54.3,235.4,5.3,4.9,4.8,5.6,5.2,1.2,117,28,31,50,0,,261,16,3,,,60,60,69.0,13 November 2023,
RENAULT,Mégane Hatch,Iconic E-TECH Plug-In Hybrid 160 Auto MY22,A6,Automatic,1598,Electricity / Petrol,Plug-in Hybrid Electric Vehicle (PHEV),93,69,0,,,0,Euro 6d,False,WLTP,53.3,57.6,58.9,50.4,54.3,235.4,5.3,4.9,4.8,5.6,5.2,1.2,117,28,31,50,0,,261,16,3,,,60,60,69.0,13 November 2023,
RENAULT,Mégane Hatch,RS Line E-TECH Plug-In Hybrid 160 Auto,A6,Automatic,1598,Electricity / Petrol,Plug-in Hybrid Electric Vehicle (PHEV),93,69,0,,,0,Euro 6d,False,WLTP,52.3,57.6,58.9,51.4,54.3,235.4,5.4,4.9,4.8,5.5,5.2,1.2,117,28,32,51,0,,261,16,3,,,60,60,69.0,13 November 2023,
RENAULT,Mégane Hatch,RS Line E-TECH Plug-In Hybrid 160 Auto,A6,Automatic,1598,Electricity / Petrol,Plug-in Hybrid Electric Vehicle (PHEV),93,69,0,,,0,Euro 6d,False,WLTP,52.3,57.6,58.9,51.4,54.3,235.4,5.4,4.9,4.8,5.5,5.2,1.2,117,28,32,51,0,,261,16,3,,,60,60,69.0,13 November 2023,
RENAULT,Mégane Hatch,RS Line E-TECH Plug-In Hybrid 160 Auto MY22,A6,Automatic,1598,Electricity / Petrol,Plug-in Hybrid Electric Vehicle (PHEV),93,69,0,,,0,Euro 6d,False,WLTP,52.3,57.6,58.9,51.4,54.3,235.4,5.4,4.9,4.8,5.5,5.2,1.2,117,28,31,50,0,,261,16,3,,,60,60,69.0,13 November 2023,
RENAULT,Mégane Hatch,RS Line E-TECH Plug-In Hybrid 160 Auto MY22,A6,Automatic,1598,Electricity / Petrol,Plug-in Hybrid Electric Vehicle (PHEV),93,69,0,,,0,Euro 6d,False,WLTP,52.3,57.6,58.9,51.4,54.3,235.4,5.4,4.9,4.8,5.5,5.2,1.2,117,28,32,51,0,,261,16,3,,,60,60,69.0,13 November 2023,
RENAULT,Mégane Sport Tourer,Iconic E-TECH Plug-in Hybrid 160 Auto,A6,Automatic,1598,Electricity / Petrol,Plug-in Hybrid Electric Vehicle (PHEV),91,67,0,,,0,Euro 6d,False,WLTP,51.4,52.3,64.2,47.1,53.3,217.3,5.5,5.4,4.4,6,5.3,1.3,120,28,32,51,0,,397,19,3,,,60,60,67.0,13 November 2023,
RENAULT,Mégane Sport Tourer,Iconic E-TECH Plug-in Hybrid 160 Auto,A6,Automatic,1598,Electricity / Petrol,Plug-in Hybrid Electric Vehicle (PHEV),91,67,0,,,0,Euro 6d,False,WLTP,47.9,48.7,60.1,44.1,49.6,217.3,5.9,5.8,4.7,6.4,5.7,1.3,129,30,32,52,0,,397,19,3,,,60,60,67.0,13 November 2023,
RENAULT,Mégane Sport Tourer,Iconic E-TECH Plug-In Hybrid 160 Auto MY22,A6,Automatic,1598,Electricity / Petrol,Plug-in Hybrid Electric Vehicle (PHEV),91,67,0,,,0,Euro 6d,False,WLTP,51.4,52.3,64.2,47.1,53.3,217.3,5.5,5.4,4.4,6,5.3,1.3,120,28,32,51,0,,397,19,3,,,60,60,67.0,13 November 2023,
RENAULT,Mégane Sport Tourer,Iconic E-TECH Plug-In Hybrid 160 Auto MY22,A6,Automatic,1598,Electricity / Petrol,Plug-in Hybrid Electric Vehicle (PHEV),91,67,0,,,0,Euro 6d,False,WLTP,50.4,52.3,62.8,47.1,52.3,217.3,5.6,5.4,4.5,6,5.4,1.3,121,29,32,51,0,,397,19,3,,,60,60,67.0,13 November 2023,
RENAULT,Mégane Sport Tourer,R.S.Line E-TECH Plug-in Hybrid 160 Auto,A6,Automatic,1598,Electricity / Petrol,Plug-in Hybrid Electric Vehicle (PHEV),91,67,0,,,0,Euro 6d,False,WLTP,51.4,52.3,64.2,47.9,53.3,235.4,5.5,5.4,4.4,5.9,5.3,1.2,119,28,32,51,0,,397,19,3,,,60,60,67.0,13 November 2023,
RENAULT,Mégane Sport Tourer,R.S.Line E-TECH Plug-in Hybrid 160 Auto,A6,Automatic,1598,Electricity / Petrol,Plug-in Hybrid Electric Vehicle (PHEV),91,67,0,,,0,Euro 6d,False,WLTP,47.9,48.7,60.1,44.8,49.6,217.3,5.9,5.8,4.7,6.3,5.7,1.3,128,29,32,52,0,,397,19,3,,,60,60,67.0,13 November 2023,
RENAULT,Mégane Sport Tourer,RS Line E-TECH Plug-In Hybrid 160 Auto MY22,A6,Automatic,1598,Electricity / Petrol,Plug-in Hybrid Electric Vehicle (PHEV),91,67,0,,,0,Euro 6d,False,WLTP,51.4,52.3,64.2,47.9,53.3,235.4,5.5,5.4,4.4,5.9,5.3,1.2,119,28,32,51,0,,397,19,3,,,60,60,67.0,13 November 2023,
RENAULT,Mégane Sport Tourer,RS Line E-TECH Plug-In Hybrid 160 Auto MY22,A6,Automatic,1598,Electricity / Petrol,Plug-in Hybrid Electric Vehicle (PHEV),91,67,0,,,0,Euro 6d,False,WLTP,51.4,52.3,64.2,47.9,53.3,235.4,5.5,5.4,4.4,5.9,5.3,1.2,119,28,32,51,0,,397,19,3,,,60,60,67.0,13 November 2023,
RENAULT,New Austral,techno E-Tech full hybrid 200hp ^MY25],A4,Automatic,1199,Petrol Electric,Hybrid Electric Vehicle (HEV),200,147,0,,,0,Euro 6 EA,False,WLTP,76.3,67.3,67.3,50.4,61.4,0,3.7,4.2,4.2,5.6,4.6,0,105,0,0,,0,,462,30,50,,,,,67.0,17 July 2025,
RENAULT,New Austral,iconic esprit Alpine E-Tech full hybrid 200,A4,Automatic,1199,Petrol Electric,Hybrid Electric Vehicle (HEV),200,147,0,,,,Euro 6d,False,WLTP,64.2,67.3,64.2,48.7,57.6,0,4.4,4.2,4.4,5.8,4.9,0,110,0,,,,,0,0,0,,,,,66.0,16 November 2023,
RENAULT,New Austral,iconic esprit Alpine E-Tech full hybrid 200,A4,Automatic,1199,Petrol Electric,Hybrid Electric Vehicle (HEV),200,147,0,,,,Euro 6d,False,WLTP,64.2,67.3,64.2,48.7,57.6,0,4.4,4.2,4.4,5.8,4.9,0,110,0,,,,,0,0,0,,,,,67.0,16 November 2023,
RENAULT,New Austral,iconic esprit Alpine E-Tech full hybrid 200 MY24,A4,Automatic,1199,Petrol Electric,Hybrid Electric Vehicle (HEV),200,147,0,,,,Euro 6d,False,WLTP,64.2,67.3,65.7,49.6,58.9,0,4.4,4.2,4.3,5.7,4.8,0,108,0,,,,,0,0,0,,,,,66.0,16 November 2023,
RENAULT,New Austral,iconic esprit Alpine E-Tech full hybrid 200 MY24,A4,Automatic,1199,Petrol Electric,Hybrid Electric Vehicle (HEV),200,147,0,,,,Euro 6d,False,WLTP,64.2,67.3,65.7,49.6,58.9,0,4.4,4.2,4.3,5.7,4.8,0,108,0,,,,,0,0,0,,,,,66.0,16 November 2023,
RENAULT,New Austral,techno esprit Alpine E-Tech full hybrid 200,A4,Automatic,1199,Petrol Electric,Hybrid Electric Vehicle (HEV),200,147,0,,,,Euro 6d,False,WLTP,72.4,67.3,65.7,50.4,60.1,0,3.9,4.2,4.3,5.6,4.7,0,106,0,,,,,0,0,0,,,,,67.0,16 November 2023,
RENAULT,New Austral,techno esprit Alpine E-Tech full hybrid 200,A4,Automatic,1199,Petrol Electric,Hybrid Electric Vehicle (HEV),200,147,0,,,,Euro 6d,False,WLTP,72.4,67.3,65.7,50.4,60.1,0,3.9,4.2,4.3,5.6,4.7,0,106,0,,,,,0,0,0,,,,,67.0,16 November 2023,
RENAULT,New Austral,techno E-Tech full hybrid 200,A4,Automatic,1199,Petrol Electric,Hybrid Electric Vehicle (HEV),200,147,0,,,,Euro 6d,False,WLTP,76.3,67.3,67.3,50.4,61.4,0,3.7,4.2,4.2,5.6,4.6,0,105,0,,,,,0,0,0,,,,,67.0,16 November 2023,
RENAULT,New Austral,techno E-Tech full hybrid 200,A4,Automatic,1199,Petrol Electric,Hybrid Electric Vehicle (HEV),200,147,0,,,,Euro 6d,False,WLTP,74.3,67.3,67.3,50.4,60.1,0,3.8,4.2,4.2,5.6,4.7,0,105,0,,,,,0,0,0,,,,,67.0,16 November 2023,
RENAULT,New Austral,techno esprit Alpine E-Tech full hybrid 200 MY24,A4,Automatic,1199,Petrol Electric,Hybrid Electric Vehicle (HEV),200,147,0,,,,Euro 6d,False,WLTP,72.4,67.3,67.3,51.4,61.4,0,3.9,4.2,4.2,5.5,4.6,0,104,0,,,,,0,0,0,,,,,67.0,16 November 2023,
RENAULT,New Austral,techno esprit Alpine E-Tech full hybrid 200 MY24,A4,Automatic,1199,Petrol Electric,Hybrid Electric Vehicle (HEV),200,147,0,,,,Euro 6d,False,WLTP,70.6,67.3,67.3,50.4,61.4,0,4,4.2,4.2,5.6,4.6,0,105,0,,,,,0,0,0,,,,,67.0,16 November 2023,
RENAULT,New Austral,techno E-Tech full hybrid 200 MY24,A4,Automatic,1199,Petrol Electric,Hybrid Electric Vehicle (HEV),200,147,0,,,,Euro 6d,False,WLTP,74.3,67.3,67.3,51.4,61.4,0,3.8,4.2,4.2,5.5,4.6,0,103,0,,,,,0,0,0,,,,,67.0,16 November 2023,
RENAULT,New Austral,techno E-Tech full hybrid 200 MY24,A4,Automatic,1199,Petrol Electric,Hybrid Electric Vehicle (HEV),200,147,0,,,,Euro 6d,False,WLTP,72.4,67.3,67.3,50.4,61.4,0,3.9,4.2,4.2,5.6,4.6,0,105,0,,,,,0,0,0,,,,,67.0,16 November 2023,
RENAULT,New Austral,techno E-Tech full hybrid 200hp ^MY25],A4,Automatic,1199,Petrol Electric,Hybrid Electric Vehicle (HEV),130,96,0,,,,Euro 6 EA,False,WLTP,76.3,67.3,67.3,50.4,61.4,0,3.7,4.2,4.2,5.6,4.6,0,105,0,,,,,462,30,50,,,,,67.0,24 February 2025,
RENAULT,New Austral,techno esprit Alpine E-Tech full hybrid 200hp MY25,A4,Automatic,1199,Petrol Electric,Hybrid Electric Vehicle (HEV),130,96,,,,,Euro 6 EA,False,WLTP,74.3,67.3,67.3,50.4,60.1,0,3.8,4.2,4.2,5.6,4.7,0,105,0,,,,,462,30,50,,,,,67.0,17 July 2025,
RENAULT,New Austral,techno esprit Alpine E-Tech full hybrid 200hp MY25,A4,Automatic,1199,Petrol Electric,Hybrid Electric Vehicle (HEV),130,96,,,,,Euro 6 EA,False,WLTP,70.6,67.3,65.7,50.4,60.1,0,4,4.2,4.3,5.6,4.7,0,106,0,,,,,462,30,50,,,,,67.0,17 July 2025,
RENAULT,New ZOE,GT Edition R135 EV 50 Rapid Charge MY22,N/A,Electric - Not Applicable,0,Electricity,Battery Electric Vehicle (BEV) / Pure Electric Vehicle / Electric Vehicle (EV),135,100,3.4,181,380,236,Euro 6-WLTP (for BEVs only),False,WLTP,0,0,0,0,0,0,0,0,0,0,0,0,0,0,0,,329,530,,,,,,,,68.0,27 November 2023,
RENAULT,New ZOE,GT Edition R135 EV 50 Rapid Charge MY22,N/A,Electric - Not Applicable,0,Electricity,Battery Electric Vehicle (BEV) / Pure Electric Vehicle / Electric Vehicle (EV),135,100,3.4,181,380,236,Euro 6-WLTP (for BEVs only),False,WLTP,0,0,0,0,0,0,0,0,0,0,0,0,0,0,0,,329,530,,,,,,,,68.0,27 November 2023,
RENAULT,New ZOE,GT Line + R135 EV 50 Rapid Charge MY22,N/A,Electric - Not Applicable,0,Electricity,Battery Electric Vehicle (BEV) / Pure Electric Vehicle / Electric Vehicle (EV),135,100,3.4,181,379,235,Euro 6-WLTP (for BEVs only),False,WLTP,0,0,0,0,0,0,0,0,0,0,0,0,0,0,0,,329,529,,,,,,,,68.0,27 November 2023,
RENAULT,New ZOE,GT Line + R135 EV 50 Rapid Charge MY22,N/A,Electric - Not Applicable,0,Electricity,Battery Electric Vehicle (BEV) / Pure Electric Vehicle / Electric Vehicle (EV),135,100,3.4,181,379,235,Euro 6-WLTP (for BEVs only),False,WLTP,0,0,0,0,0,0,0,0,0,0,0,0,0,0,0,,329,529,,,,,,,,68.0,27 November 2023,
RENAULT,New ZOE,GT R135 EV 50 Rapid Charge MY22,N/A,Electric - Not Applicable,0,Electricity,Battery Electric Vehicle (BEV) / Pure Electric Vehicle / Electric Vehicle (EV),135,100,3.1,200,342,213,Euro 6-WLTP (for BEVs only),False,WLTP,0,0,0,0,0,0,0,0,0,0,0,0,0,0,0,,288,464,,,,,,,,68.0,27 November 2023,
RENAULT,New ZOE,GT R135 EV 50 Rapid Charge MY22,N/A,Electric - Not Applicable,0,Electricity,Battery Electric Vehicle (BEV) / Pure Electric Vehicle / Electric Vehicle (EV),135,100,3.1,200,342,213,Euro 6-WLTP (for BEVs only),False,WLTP,0,0,0,0,0,0,0,0,0,0,0,0,0,0,0,,288,464,,,,,,,,68.0,27 November 2023,
RENAULT,New ZOE,i GT Line R135 Z.E. 50,N/A,Electric - Not Applicable,0,Electricity,Battery Electric Vehicle (BEV) / Pure Electric Vehicle / Electric Vehicle (EV),135,100,3.5,176,354,220,Euro 6-WLTP (for BEVs only),False,WLTP,0,0,0,0,0,0,0,0,0,0,0,0,0,0,0,,301,485,,,,,,,,68.0,27 November 2023,
RENAULT,New ZOE,i GT Line R135 Z.E. 50,N/A,Electric - Not Applicable,0,Electricity,Battery Electric Vehicle (BEV) / Pure Electric Vehicle / Electric Vehicle (EV),135,100,3.2,194,388,241,Euro 6-WLTP (for BEVs only),False,WLTP,0,0,0,0,0,0,0,0,0,0,0,0,0,0,0,,334,538,,,,,,,,68.0,27 November 2023,
RENAULT,New ZOE,i GT Line R135 Z.E. 50 Rapid Charge,N/A,Electric - Not Applicable,0,Electricity,Battery Electric Vehicle (BEV) / Pure Electric Vehicle / Electric Vehicle (EV),135,100,3.5,177,355,221,Euro 6-WLTP (for BEVs only),False,WLTP,0,0,0,0,0,0,0,0,0,0,0,0,0,0,0,,304,489,,,,,,,,68.0,27 November 2023,
RENAULT,New ZOE,i GT Line R135 Z.E. 50 Rapid Charge,N/A,Electric - Not Applicable,0,Electricity,Battery Electric Vehicle (BEV) / Pure Electric Vehicle / Electric Vehicle (EV),135,100,3.2,193,386,240,Euro 6-WLTP (for BEVs only),False,WLTP,0,0,0,0,0,0,0,0,0,0,0,0,0,0,0,,331,533,,,,,,,,68.0,27 November 2023,
RENAULT,New ZOE,Iconic R135 EV 50 Boost Charge MY22.5,N/A,Electric - Not Applicable,0,Electricity,Battery Electric Vehicle (BEV) / Pure Electric Vehicle / Electric Vehicle (EV),135,100,3.4,182,356,221,Euro 6-WLTP (for BEVs only),False,WLTP,0,0,0,0,0,0,0,0,0,0,0,0,0,0,0,,304,490,,,,,,,,68.0,27 November 2023,
RENAULT,New ZOE,Iconic R135 EV 50 Boost Charge MY22.5,N/A,Electric - Not Applicable,0,Electricity,Battery Electric Vehicle (BEV) / Pure Electric Vehicle / Electric Vehicle (EV),135,100,3.2,193,357,222,Euro 6-WLTP (for BEVs only),False,WLTP,0,0,0,0,0,0,0,0,0,0,0,0,0,0,0,,308,495,,,,,,,,68.0,27 November 2023,
RENAULT,New ZOE,i Iconic R110 Z.E. 50,N/A,Electric - Not Applicable,0,Electricity,Battery Electric Vehicle (BEV) / Pure Electric Vehicle / Electric Vehicle (EV),110,80,3.4,179,382,237,Euro 6-WLTP (for BEVs only),False,WLTP,0,0,0,0,0,0,0,0,0,0,0,0,0,0,0,,333,536,,,,,,,,68.0,27 November 2023,
RENAULT,New ZOE,i Iconic R110 Z.E. 50,N/A,Electric - Not Applicable,0,Electricity,Battery Electric Vehicle (BEV) / Pure Electric Vehicle / Electric Vehicle (EV),110,80,3.4,179,383,238,Euro 6-WLTP (for BEVs only),False,WLTP,0,0,0,0,0,0,0,0,0,0,0,0,0,0,0,,334,537,,,,,,,,68.0,27 November 2023,
RENAULT,New ZOE,i Iconic R110 Z.E. 50,N/A,Electric - Not Applicable,0,Electricity,Battery Electric Vehicle (BEV) / Pure Electric Vehicle / Electric Vehicle (EV),110,80,3.5,176,382,237,Euro 6-WLTP (for BEVs only),False,WLTP,0,0,0,0,0,0,0,0,0,0,0,0,0,0,0,,333,536,,,,,,,,68.0,27 November 2023,
RENAULT,New ZOE,i Iconic R110 Z.E. 50,N/A,Electric - Not Applicable,0,Electricity,Battery Electric Vehicle (BEV) / Pure Electric Vehicle / Electric Vehicle (EV),110,80,3.4,179,389,242,Euro 6-WLTP (for BEVs only),False,WLTP,0,0,0,0,0,0,0,0,0,0,0,0,0,0,0,,336,541,,,,,,,,68.0,27 November 2023,
RENAULT,New ZOE,i Iconic R110 Z.E. 50 Rapid Charge,N/A,Electric - Not Applicable,0,Electricity,Battery Electric Vehicle (BEV) / Pure Electric Vehicle / Electric Vehicle (EV),110,80,3.5,177,380,236,Euro 6-WLTP (for BEVs only),False,WLTP,0,0,0,0,0,0,0,0,0,0,0,0,0,0,0,,330,531,,,,,,,,68.0,27 November 2023,
RENAULT,New ZOE,i Iconic R110 Z.E. 50 Rapid Charge,N/A,Electric - Not Applicable,0,Electricity,Battery Electric Vehicle (BEV) / Pure Electric Vehicle / Electric Vehicle (EV),110,80,3.4,180,387,240,Euro 6-WLTP (for BEVs only),False,WLTP,0,0,0,0,0,0,0,0,0,0,0,0,0,0,0,,333,536,,,,,,,,68.0,27 November 2023,
RENAULT,New ZOE,i Iconic R135 Z.E. 50,N/A,Electric - Not Applicable,0,Electricity,Battery Electric Vehicle (BEV) / Pure Electric Vehicle / Electric Vehicle (EV),135,100,3.5,176,382,237,Euro 6-WLTP (for BEVs only),False,WLTP,0,0,0,0,0,0,0,0,0,0,0,0,0,0,0,,333,536,,,,,,,,68.0,27 November 2023,
RENAULT,New ZOE,i Iconic R135 Z.E. 50,N/A,Electric - Not Applicable,0,Electricity,Battery Electric Vehicle (BEV) / Pure Electric Vehicle / Electric Vehicle (EV),135,100,3.4,179,389,242,Euro 6-WLTP (for BEVs only),False,WLTP,0,0,0,0,0,0,0,0,0,0,0,0,0,0,0,,336,541,,,,,,,,68.0,27 November 2023,
RENAULT,New ZOE,i Iconic R135 Z.E. 50 Rapid Charge,N/A,Electric - Not Applicable,0,Electricity,Battery Electric Vehicle (BEV) / Pure Electric Vehicle / Electric Vehicle (EV),135,100,3.5,177,380,236,Euro 6-WLTP (for BEVs only),False,WLTP,0,0,0,0,0,0,0,0,0,0,0,0,0,0,0,,330,531,,,,,,,,68.0,27 November 2023,
RENAULT,New ZOE,i Iconic R135 Z.E. 50 Rapid Charge,N/A,Electric - Not Applicable,0,Electricity,Battery Electric Vehicle (BEV) / Pure Electric Vehicle / Electric Vehicle (EV),135,100,3.4,180,387,240,Euro 6-WLTP (for BEVs only),False,WLTP,0,0,0,0,0,0,0,0,0,0,0,0,0,0,0,,333,536,,,,,,,,68.0,27 November 2023,
RENAULT,New ZOE,i Play R110 Z.E. 50,N/A,Electric - Not Applicable,0,Electricity,Battery Electric Vehicle (BEV) / Pure Electric Vehicle / Electric Vehicle (EV),110,80,3.5,173,394,245,Euro 6-WLTP (for BEVs only),False,WLTP,0,0,0,0,0,0,0,0,0,0,0,0,0,0,0,,345,555,,,,,,,,68.0,27 November 2023,
RENAULT,New ZOE,i Play R110 Z.E. 50,N/A,Electric - Not Applicable,0,Electricity,Battery Electric Vehicle (BEV) / Pure Electric Vehicle / Electric Vehicle (EV),110,80,3.5,173,394,245,Euro 6-WLTP (for BEVs only),False,WLTP,0,0,0,0,0,0,0,0,0,0,0,0,0,0,0,,345,556,,,,,,,,68.0,27 November 2023,
RENAULT,New ZOE,i Venture Edition R110 Rapid Charge,N/A,Electric - Not Applicable,0,Electricity,Battery Electric Vehicle (BEV) / Pure Electric Vehicle / Electric Vehicle (EV),110,80,3.5,175,390,242,Euro 6-WLTP (for BEVs only),False,WLTP,0,0,0,0,0,0,0,0,0,0,0,0,0,0,0,,339,545,,,,,,,,68.0,27 November 2023,
RENAULT,New ZOE,i Venture Edition R110 Rapid Charge,N/A,Electric - Not Applicable,0,Electricity,Battery Electric Vehicle (BEV) / Pure Electric Vehicle / Electric Vehicle (EV),110,80,3.5,175,391,243,Euro 6-WLTP (for BEVs only),False,WLTP,0,0,0,0,0,0,0,0,0,0,0,0,0,0,0,,339,546,,,,,,,,68.0,27 November 2023,
RENAULT,New ZOE,S Edition R110 EV 50 Rapid Charge MY22,N/A,Electric - Not Applicable,0,Electricity,Battery Electric Vehicle (BEV) / Pure Electric Vehicle / Electric Vehicle (EV),110,80,3.5,177,387,240,Euro 6-WLTP (for BEVs only),False,WLTP,0,0,0,0,0,0,0,0,0,0,0,0,0,0,0,,332,535,,,,,,,,68.0,27 November 2023,
RENAULT,New ZOE,S Edition R110 EV 50 Rapid Charge MY22,N/A,Electric - Not Applicable,0,Electricity,Battery Electric Vehicle (BEV) / Pure Electric Vehicle / Electric Vehicle (EV),110,80,3.5,177,387,240,Euro 6-WLTP (for BEVs only),False,WLTP,0,0,0,0,0,0,0,0,0,0,0,0,0,0,0,,332,535,,,,,,,,68.0,27 November 2023,
RENAULT,New ZOE,S Edition R135 EV 50 Rapid Charge MY22,N/A,Electric - Not Applicable,0,Electricity,Battery Electric Vehicle (BEV) / Pure Electric Vehicle / Electric Vehicle (EV),135,100,3.5,177,387,240,Euro 6-WLTP (for BEVs only),False,WLTP,0,0,0,0,0,0,0,0,0,0,0,0,0,0,0,,332,535,,,,,,,,68.0,27 November 2023,
RENAULT,New ZOE,S Edition R135 EV 50 Rapid Charge MY22,N/A,Electric - Not Applicable,0,Electricity,Battery Electric Vehicle (BEV) / Pure Electric Vehicle / Electric Vehicle (EV),135,100,3.5,177,387,240,Euro 6-WLTP (for BEVs only),False,WLTP,0,0,0,0,0,0,0,0,0,0,0,0,0,0,0,,332,535,,,,,,,,68.0,27 November 2023,
RENAULT,New ZOE,SE R110 EV 50 Rapid Charge MY22,N/A,Electric - Not Applicable,0,Electricity,Battery Electric Vehicle (BEV) / Pure Electric Vehicle / Electric Vehicle (EV),110,80,3.1,196,350,217,Euro 6-WLTP (for BEVs only),False,WLTP,0,0,0,0,0,0,0,0,0,0,0,0,0,0,0,,293,471,,,,,,,,68.0,27 November 2023,
RENAULT,New ZOE,SE R110 EV 50 Rapid Charge MY22,N/A,Electric - Not Applicable,0,Electricity,Battery Electric Vehicle (BEV) / Pure Electric Vehicle / Electric Vehicle (EV),110,80,3.1,196,350,217,Euro 6-WLTP (for BEVs only),False,WLTP,0,0,0,0,0,0,0,0,0,0,0,0,0,0,0,,293,471,,,,,,,,68.0,27 November 2023,
RENAULT,New ZOE,Techno R135 EV 50 MY22.5,N/A,Electric - Not Applicable,0,Electricity,Battery Electric Vehicle (BEV) / Pure Electric Vehicle / Electric Vehicle (EV),135,100,3.7,166,387,240,Euro 6-WLTP (for BEVs only),False,WLTP,0,0,0,0,0,0,0,0,0,0,0,0,0,0,0,,334,537,,,,,,,,68.0,27 November 2023,
RENAULT,New ZOE,Techno R135 EV 50 MY22.5,N/A,Electric - Not Applicable,0,Electricity,Battery Electric Vehicle (BEV) / Pure Electric Vehicle / Electric Vehicle (EV),135,100,3.5,176,388,241,Euro 6-WLTP (for BEVs only),False,WLTP,0,0,0,0,0,0,0,0,0,0,0,0,0,0,0,,335,539,,,,,,,,68.0,27 November 2023,
RENAULT,New ZOE,Techno R135 EV 50 Boost Charge MY22.5,N/A,Electric - Not Applicable,0,Electricity,Battery Electric Vehicle (BEV) / Pure Electric Vehicle / Electric Vehicle (EV),135,100,3.7,167,386,240,Euro 6-WLTP (for BEVs only),False,WLTP,0,0,0,0,0,0,0,0,0,0,0,0,0,0,0,,331,532,,,,,,,,68.0,27 November 2023,
RENAULT,New ZOE,Techno R135 EV 50 Boost Charge MY22.5,N/A,Electric - Not Applicable,0,Electricity,Battery Electric Vehicle (BEV) / Pure Electric Vehicle / Electric Vehicle (EV),135,100,3.5,177,386,240,Euro 6-WLTP (for BEVs only),False,WLTP,0,0,0,0,0,0,0,0,0,0,0,0,0,0,0,,332,534,,,,,,,,68.0,27 November 2023,
RENAULT,New ZOE,ZOE Iconic R110 EV 50 MY22,N/A,Electric - Not Applicable,0,Electricity,Battery Electric Vehicle (BEV) / Pure Electric Vehicle / Electric Vehicle (EV),110,80,3.5,176,389,242,Euro 6-WLTP (for BEVs only),False,WLTP,0,0,0,0,0,0,0,0,0,0,0,0,0,0,0,,336,540,,,,,,,,68.0,27 November 2023,
RENAULT,New ZOE,ZOE Iconic R110 EV 50 MY22,N/A,Electric - Not Applicable,0,Electricity,Battery Electric Vehicle (BEV) / Pure Electric Vehicle / Electric Vehicle (EV),110,80,3.5,176,389,242,Euro 6-WLTP (for BEVs only),False,WLTP,0,0,0,0,0,0,0,0,0,0,0,0,0,0,0,,336,540,,,,,,,,68.0,27 November 2023,
RENAULT,Rafale,techno E-Tech full hybrid 200 hp,A6,Automatic,1199,Petrol Electric,Hybrid Electric Vehicle (HEV),130,96,0,,,,Euro 6 EA,False,WLTP,70.6,67.3,67.3,51.4,60.1,0,4,4.2,4.2,5.5,4.7,0,105,0,,,,,462,30,50,,,,,66.0,17 December 2024,
RENAULT,Rafale,techno E-Tech full hybrid 200 hp,A6,Automatic,1199,Petrol Electric,Hybrid Electric Vehicle (HEV),130,96,0,,,,Euro 6 EA,False,WLTP,70.6,67.3,67.3,51.4,60.1,0,4,4.2,4.2,5.5,4.7,0,105,0,,,,,462,30,50,,,,,66.0,17 December 2024,
RENAULT,Rafale,techno esprit Alpine E-Tech plug-in hybrid 4WD 3,A6,Automatic,1199,Electricity / Petrol,Plug-in Hybrid Electric Vehicle (PHEV),149,110,0,,,0,Euro 6 EA,False,WLTP,36.2,62.8,55.4,45.6,49.6,565,7.8,4.5,5.1,6.2,5.7,0.5,129,12,65,105,0,,475,22,30,,,,,66.0,24 February 2025,
RENAULT,Rafale,techno esprit Alpine E-Tech plug-in hybrid 4WD 3,A6,Automatic,1199,Electricity / Petrol,Plug-in Hybrid Electric Vehicle (PHEV),149,110,0,,,0,Euro 6 EA,False,WLTP,36.2,62.8,55.4,45.6,49.6,565,7.8,4.5,5.1,6.2,5.7,0.5,129,12,65,105,0,,475,22,30,,,,,66.0,24 February 2025,
RENAULT,Renault 4 E-Tech electric,iconic 150 hp comfort range,N/A,Electric - Not Applicable,0,Electricity,Battery Electric Vehicle (BEV) / Pure Electric Vehicle / Electric Vehicle (EV),150,110,3.9,158,392,244,Euro 6-WLTP (for BEVs only),False,WLTP,0,0,0,0,0,0,0,0,0,0,0,0,0,0,0,,345,556,,,,,,,,65.0,10 June 2025,
RENAULT,Renault 4 E-Tech electric,iconic 150 hp comfort range,N/A,Electric - Not Applicable,0,Electricity,Battery Electric Vehicle (BEV) / Pure Electric Vehicle / Electric Vehicle (EV),150,110,3.9,158,392,244,Euro 6-WLTP (for BEVs only),False,WLTP,0,0,0,0,0,0,0,0,0,0,0,0,0,0,0,,345,556,,,,,,,,65.0,10 June 2025,
RENAULT,Renault 4 E-Tech electric,techno 150 hp comfort range,N/A,Electric - Not Applicable,0,Electricity,Battery Electric Vehicle (BEV) / Pure Electric Vehicle / Electric Vehicle (EV),150,110,4,157,394,245,Euro 6-WLTP (for BEVs only),False,WLTP,0,0,0,0,0,0,0,0,0,0,0,0,0,0,0,,347,559,,,,,,,,65.0,10 June 2025,
RENAULT,Renault 4 E-Tech electric,techno 150 hp comfort range,N/A,Electric - Not Applicable,0,Electricity,Battery Electric Vehicle (BEV) / Pure Electric Vehicle / Electric Vehicle (EV),150,110,4,157,394,245,Euro 6-WLTP (for BEVs only),False,WLTP,0,0,0,0,0,0,0,0,0,0,0,0,0,0,0,,347,559,,,,,,,,65.0,10 June 2025,
RENAULT,Renault 5,techno 120hp urban range,N/A,Electric - Not Applicable,0,Electricity,Battery Electric Vehicle (BEV) / Pure Electric Vehicle / Electric Vehicle (EV),120,90,4.2,147,308,191,Euro 6-WLTP (for BEVs only),False,WLTP,0,0,0,0,0,0,0,0,0,0,0,0,0,0,0,,266,428,,,,,,,,65.0,09 January 2025,
RENAULT,Renault 5,techno 120hp urban range,N/A,Electric - Not Applicable,0,Electricity,Battery Electric Vehicle (BEV) / Pure Electric Vehicle / Electric Vehicle (EV),120,90,4.2,147,308,191,Euro 6-WLTP (for BEVs only),False,WLTP,0,0,0,0,0,0,0,0,0,0,0,0,0,0,0,,266,428,,,,,,,,65.0,09 January 2025,
RENAULT,Renault 5,iconic five 150hp comfort range,N/A,Electric - Not Applicable,0,Electricity,Battery Electric Vehicle (BEV) / Pure Electric Vehicle / Electric Vehicle (EV),150,110,4,153,405,252,Euro 6-WLTP (for BEVs only),False,WLTP,0,0,0,0,0,0,0,0,0,0,0,0,0,0,0,,353,568,,,,,,,,65.0,09 January 2025,
RENAULT,Renault 5,iconic five 150hp comfort range,N/A,Electric - Not Applicable,0,Electricity,Battery Electric Vehicle (BEV) / Pure Electric Vehicle / Electric Vehicle (EV),150,110,4,153,405,252,Euro 6-WLTP (for BEVs only),False,WLTP,0,0,0,0,0,0,0,0,0,0,0,0,0,0,0,,353,568,,,,,,,,65.0,09 January 2025,
RENAULT,Renault 5,evolution 120hp urban range,N/A,Electric - Not Applicable,0,Electricity,Battery Electric Vehicle (BEV) / Pure Electric Vehicle / Electric Vehicle (EV),121,90,4.2,146,310,193,Euro 6-WLTP (for BEVs only),False,WLTP,0,0,0,0,0,0,0,0,0,0,0,0,0,0,0,,269,433,,,,,,,,65.0,24 February 2025,
RENAULT,Renault 5,evolution 120hp urban range,N/A,Electric - Not Applicable,0,Electricity,Battery Electric Vehicle (BEV) / Pure Electric Vehicle / Electric Vehicle (EV),121,90,4.2,146,310,193,Euro 6-WLTP (for BEVs only),False,WLTP,0,0,0,0,0,0,0,0,0,0,0,0,0,0,0,,269,433,,,,,,,,65.0,24 February 2025,
RENAULT,Renault 5,techno 150hp comfort range,N/A,Electric - Not Applicable,0,Electricity,Battery Electric Vehicle (BEV) / Pure Electric Vehicle / Electric Vehicle (EV),152,110,4,152,411,255,Euro 6-WLTP (for BEVs only),False,WLTP,0,0,0,0,0,0,0,0,0,0,0,0,0,0,0,,355,571,,,,,,,,65.0,24 February 2025,
RENAULT,Renault 5,techno 150hp comfort range,N/A,Electric - Not Applicable,0,Electricity,Battery Electric Vehicle (BEV) / Pure Electric Vehicle / Electric Vehicle (EV),152,110,4,152,411,255,Euro 6-WLTP (for BEVs only),False,WLTP,0,0,0,0,0,0,0,0,0,0,0,0,0,0,0,,355,571,,,,,,,,65.0,24 February 2025,
RENAULT,Renault 5,iconic five 120hp urban range,N/A,Electric - Not Applicable,0,Electricity,Battery Electric Vehicle (BEV) / Pure Electric Vehicle / Electric Vehicle (EV),90,120,4.2,148,306,190,Euro 6-WLTP (for BEVs only),False,WLTP,0,0,0,0,0,0,0,0,0,0,0,0,0,0,0,,265,427,0,0,0,0,0.00,0,0,65.0,10 April 2025,
RENAULT,Renault 5,iconic five 120hp urban range,N/A,Electric - Not Applicable,0,Electricity,Battery Electric Vehicle (BEV) / Pure Electric Vehicle / Electric Vehicle (EV),90,120,4.2,148,306,190,Euro 6-WLTP (for BEVs only),False,WLTP,0,0,0,0,0,0,0,0,0,0,0,0,0,0,0,,265,427,0,0,0,0,0.00,0,0,65.0,10 April 2025,
RENAULT,Renault 5,Roland Garros 150hp comfort range,N/A,Electric - Not Applicable,0,Electricity,Battery Electric Vehicle (BEV) / Pure Electric Vehicle / Electric Vehicle (EV),110,150,4.1,152,406,252,Euro 6-WLTP (for BEVs only),False,WLTP,0,0,0,0,0,0,0,0,0,0,0,0,0,0,0,,354,569,0,0,0,0,0.00,0,0,65.0,10 April 2025,
RENAULT,Renault 5,Roland Garros 150hp comfort range,N/A,Electric - Not Applicable,0,Electricity,Battery Electric Vehicle (BEV) / Pure Electric Vehicle / Electric Vehicle (EV),110,150,4.1,152,406,252,Euro 6-WLTP (for BEVs only),False,WLTP,0,0,0,0,0,0,0,0,0,0,0,0,0,0,0,,354,569,0,0,0,0,0.00,0,0,65.0,10 April 2025,
RENAULT,SCENIC E-TECH 100% ELECTRIC,techno 220 hp long range my26,N/A,Electric - Not Applicable,0,Electricity,Battery Electric Vehicle (BEV) / Pure Electric Vehicle / Electric Vehicle (EV),,,3.6,171,614,382,Euro 6-WLTP (for BEVs only),False,WLTP,0,0,0,0,0,0,0,0,0,0,0,0,0,0,0,,503,809,0,0,0,0,,0,0,64.0,17 July 2025,
RENAULT,SCENIC E-TECH 100% ELECTRIC,esprit Alpine 220 hp long range,N/A,Electric - Not Applicable,0,Electricity,Battery Electric Vehicle (BEV) / Pure Electric Vehicle / Electric Vehicle (EV),220,160,3.5,176,599,372,Euro 6-WLTP (for BEVs only),False,WLTP,0,0,0,0,0,0,0,0,0,0,0,0,0,0,0,,492,791,0,0,0,0,,0,0,64.0,11 January 2024,
RENAULT,SCENIC E-TECH 100% ELECTRIC,esprit Alpine 220 hp long range,N/A,Electric - Not Applicable,0,Electricity,Battery Electric Vehicle (BEV) / Pure Electric Vehicle / Electric Vehicle (EV),220,160,3.5,176,599,372,Euro 6-WLTP (for BEVs only),False,WLTP,0,0,0,0,0,0,0,0,0,0,0,0,0,0,0,,492,792,0,0,0,0,,0,0,64.0,11 January 2024,
RENAULT,SCENIC E-TECH 100% ELECTRIC,iconic 220 hp long range,N/A,Electric - Not Applicable,0,Electricity,Battery Electric Vehicle (BEV) / Pure Electric Vehicle / Electric Vehicle (EV),220,160,3.5,177,594,369,Euro 6-WLTP (for BEVs only),False,WLTP,0,0,0,0,0,0,0,0,0,0,0,0,0,0,0,,483,778,0,0,0,0,,0,0,64.0,11 January 2024,
RENAULT,SCENIC E-TECH 100% ELECTRIC,iconic 220 hp long range,N/A,Electric - Not Applicable,0,Electricity,Battery Electric Vehicle (BEV) / Pure Electric Vehicle / Electric Vehicle (EV),220,160,3.5,177,594,369,Euro 6-WLTP (for BEVs only),False,WLTP,0,0,0,0,0,0,0,0,0,0,0,0,0,0,0,,483,778,0,0,0,0,,0,0,64.0,11 January 2024,
RENAULT,SCENIC E-TECH 100% ELECTRIC,techno 220 hp long range,N/A,Electric - Not Applicable,0,Electricity,Battery Electric Vehicle (BEV) / Pure Electric Vehicle / Electric Vehicle (EV),220,160,3.6,172,610,379,Euro 6-WLTP (for BEVs only),False,WLTP,0,0,0,0,0,0,0,0,0,0,0,0,0,0,0,,498,802,0,0,0,0,,0,0,64.0,23 April 2024,
RENAULT,SCENIC E-TECH 100% ELECTRIC,techno 220 hp long range,N/A,Electric - Not Applicable,0,Electricity,Battery Electric Vehicle (BEV) / Pure Electric Vehicle / Electric Vehicle (EV),220,160,3.6,172,610,379,Euro 6-WLTP (for BEVs only),False,WLTP,0,0,0,0,0,0,0,0,0,0,0,0,0,0,0,,498,802,0,0,0,0,,0,0,64.0,23 April 2024,
RENAULT,SCENIC E-TECH 100% ELECTRIC,techno EV60 comfort range,N/A,Electric - Not Applicable,0,Electricity,Battery Electric Vehicle (BEV) / Pure Electric Vehicle / Electric Vehicle (EV),170,125,3.7,167,420,261,Euro 6-WLTP (for BEVs only),False,WLTP,0,0,0,0,0,0,0,0,0,0,0,0,0,0,0,,347,558,,,,,,,,64.0,14 May 2024,
RENAULT,SCENIC E-TECH 100% ELECTRIC,techno EV87 long range,N/A,Electric - Not Applicable,0,Electricity,Battery Electric Vehicle (BEV) / Pure Electric Vehicle / Electric Vehicle (EV),217,160,3.6,172,610,379,Euro 6-WLTP (for BEVs only),False,WLTP,0,0,0,0,0,0,0,0,0,0,0,0,0,0,0,,498,802,,,,,,,,64.0,14 May 2024,
RENAULT,SCENIC E-TECH 100% ELECTRIC,iconic esprit Alpine 220 hp long range my26,N/A,Electric - Not Applicable,0,Electricity,Battery Electric Vehicle (BEV) / Pure Electric Vehicle / Electric Vehicle (EV),217,160,3.5,177,596,370,Euro 6-WLTP (for BEVs only),False,WLTP,0,0,0,0,0,0,0,0,0,0,0,0,0,0,0,,488,786,,,,,,,,64.0,15 May 2025,
RENAULT,SCENIC E-TECH 100% ELECTRIC,iconic esprit Alpine 220 hp long range my26,N/A,Electric - Not Applicable,0,Electricity,Battery Electric Vehicle (BEV) / Pure Electric Vehicle / Electric Vehicle (EV),217,160,3.5,177,596,370,Euro 6-WLTP (for BEVs only),False,WLTP,0,0,0,0,0,0,0,0,0,0,0,0,0,0,0,,488,786,,,,,,,,64.0,15 May 2025,
RENAULT,SCENIC E-TECH 100% ELECTRIC,techno 220 hp long range my26,N/A,Electric - Not Applicable,0,Electricity,Battery Electric Vehicle (BEV) / Pure Electric Vehicle / Electric Vehicle (EV),217,160,3.6,171,614,382,Euro 6-WLTP (for BEVs only),False,WLTP,0,0,0,0,0,0,0,0,0,0,0,0,0,0,0,,503,809,,,,,,,,64.0,15 May 2025,
RENAULT,Symbioz,iconic esprit Alpine E-Tech full hybrid 145 ^MY25],A6,Automatic,1598,Petrol Electric,Hybrid Electric Vehicle (HEV),93,69,0,,,,Euro 6 EA,False,WLTP,57.6,70.6,67.3,52.3,60.1,0,4.9,4,4.2,5.4,4.7,0,106,0,,,,,401,33,6,,,,,67.0,17 December 2024,
RENAULT,Symbioz,iconic esprit Alpine E-Tech full hybrid 145 ^MY25],A6,Automatic,1598,Petrol Electric,Hybrid Electric Vehicle (HEV),93,69,0,,,,Euro 6 EA,False,WLTP,56.5,68.9,65.7,51.4,58.9,0,5,4.1,4.3,5.5,4.8,0,108,0,,,,,401,33,6,,,,,67.0,17 December 2024,
RENAULT,Symbioz,techno esprit Alpine E-Tech full hybrid 145 ^MY25],A6,Automatic,1598,Petrol Electric,Hybrid Electric Vehicle (HEV),93,69,0,,,,Euro 6 EA,False,WLTP,58.9,70.6,67.3,52.3,61.4,0,4.8,4,4.2,5.4,4.6,0,105,0,,,,,401,33,6,,,,,67.0,17 December 2024,
RENAULT,Symbioz,techno esprit Alpine E-Tech full hybrid 145 ^MY25],A6,Automatic,1598,Petrol Electric,Hybrid Electric Vehicle (HEV),93,69,0,,,,Euro 6 EA,False,WLTP,57.6,70.6,67.3,51.4,60.1,0,4.9,4,4.2,5.5,4.7,0,107,0,,,,,401,33,6,,,,,67.0,17 December 2024,
RENAULT,Symbioz,techno E-Tech full hybrid 145 ^MY25],A6,Automatic,1598,Petrol Electric,Hybrid Electric Vehicle (HEV),93,69,0,,,,Euro 6 EA,False,WLTP,60.1,72.4,68.9,53.3,61.4,0,4.7,3.9,4.1,5.3,4.6,0,104,0,,,,,401,33,6,,,,,67.0,17 December 2024,
RENAULT,Symbioz,techno E-Tech full hybrid 145 ^MY25],A6,Automatic,1598,Petrol Electric,Hybrid Electric Vehicle (HEV),93,69,0,,,,Euro 6 EA,False,WLTP,58.9,70.6,67.3,52.3,60.1,0,4.8,4,4.2,5.4,4.7,0,106,0,,,,,401,33,6,,,,,67.0,17 December 2024,
RENAULT,Symbioz,iconic esprit Alpine full hybrid E-Tech 160 MY26,A6,Automatic,1789,Petrol Electric,Hybrid Electric Vehicle (HEV),160,116,,,,,Euro 6 EB,False,WLTP,56.5,80.7,74.3,57.6,65.7,0,5,3.5,3.8,4.9,4.3,0,97,0,,,,,401,33,6,,,,,67.0,17 July 2025,
RENAULT,Symbioz,iconic esprit Alpine full hybrid E-Tech 160 MY26,A6,Automatic,1789,Petrol Electric,Hybrid Electric Vehicle (HEV),160,116,,,,,Euro 6 EB,False,WLTP,56.5,80.7,74.3,57.6,65.7,0,5,3.5,3.8,4.9,4.3,0,97,0,,,,,401,33,6,,,,,67.0,17 July 2025,
RENAULT,Zoe,Dynamique Nav Q90 Z.E. 40 Quick Charge Lease Bat,N/A,Electric - Not Applicable,0,Electricity,Battery Electric Vehicle (BEV) / Pure Electric Vehicle / Electric Vehicle (EV),90,65,3.5,173,288,179,Euro 6-WLTP (for BEVs only),False,WLTP,0,0,0,0,0,0,0,0,0,0,0,0,0,0,0,,241,388,,,,,,,,70.2,27 November 2023,
RENAULT,Zoe,Dynamique Nav Q90 Z.E. 40 Quick Charge Lease Bat,N/A,Electric - Not Applicable,0,Electricity,Battery Electric Vehicle (BEV) / Pure Electric Vehicle / Electric Vehicle (EV),90,65,3.5,177,295,183,Euro 6-WLTP (for BEVs only),False,WLTP,0,0,0,0,0,0,0,0,0,0,0,0,0,0,0,,247,398,,,,,,,,70.2,27 November 2023,
RENAULT,Zoe,i Dynamique Nav Q90 Z.E. 40 Quick Charge Own Ba,N/A,Electric - Not Applicable,0,Electricity,Battery Electric Vehicle (BEV) / Pure Electric Vehicle / Electric Vehicle (EV),90,65,3.5,173,288,179,Euro 6-WLTP (for BEVs only),False,WLTP,0,0,0,0,0,0,0,0,0,0,0,0,0,0,0,,241,388,,,,,,,,70.2,27 November 2023,
RENAULT,Zoe,i Dynamique Nav Q90 Z.E. 40 Quick Charge Own Ba,N/A,Electric - Not Applicable,0,Electricity,Battery Electric Vehicle (BEV) / Pure Electric Vehicle / Electric Vehicle (EV),90,65,3.5,177,295,183,Euro 6-WLTP (for BEVs only),False,WLTP,0,0,0,0,0,0,0,0,0,0,0,0,0,0,0,,247,398,,,,,,,,70.2,27 November 2023,
RENAULT,Zoe,Signature Nav Q90 Z.E.40 Quick Charge Lease Batt,N/A,Electric - Not Applicable,0,Electricity,Battery Electric Vehicle (BEV) / Pure Electric Vehicle / Electric Vehicle (EV),90,65,3.5,173,287,178,Euro 6-WLTP (for BEVs only),False,WLTP,0,0,0,0,0,0,0,0,0,0,0,0,0,0,0,,240,386,,,,,,,,70.2,27 November 2023,
RENAULT,Zoe,Signature Nav Q90 Z.E.40 Quick Charge Lease Batt,N/A,Electric - Not Applicable,0,Electricity,Battery Electric Vehicle (BEV) / Pure Electric Vehicle / Electric Vehicle (EV),90,65,3.4,178,294,183,Euro 6-WLTP (for BEVs only),False,WLTP,0,0,0,0,0,0,0,0,0,0,0,0,0,0,0,,246,396,,,,,,,,70.2,27 November 2023,
RENAULT,Zoe,i Signature Nav Q90 Z.E.40 Quick Charge  Own Bat,N/A,Electric - Not Applicable,0,Electricity,Battery Electric Vehicle (BEV) / Pure Electric Vehicle / Electric Vehicle (EV),90,65,3.5,173,287,178,Euro 6-WLTP (for BEVs only),False,WLTP,0,0,0,0,0,0,0,0,0,0,0,0,0,0,0,,240,386,,,,,,,,70.2,27 November 2023,
RENAULT,Zoe,i Signature Nav Q90 Z.E.40 Quick Charge  Own Bat,N/A,Electric - Not Applicable,0,Electricity,Battery Electric Vehicle (BEV) / Pure Electric Vehicle / Electric Vehicle (EV),90,65,3.4,178,294,183,Euro 6-WLTP (for BEVs only),False,WLTP,0,0,0,0,0,0,0,0,0,0,0,0,0,0,0,,246,396,,,,,,,,70.2,27 November 2023,
Rolls Royce,Cullinan,Cullinan,A8,Automatic,6749,Petrol,Internal Combustion Engine (ICE),571,420,0,,,,Euro 6d,False,WLTP,28,17.8,13.8,13.9,16.5,0,10.1,15.9,20.5,20.3,17.1,0,377,0,,,,,78,17,3,,,60,60,68.0,19 November 2024,
Rolls Royce,Cullinan,Cullinan,A8,Automatic,6749,Petrol,Internal Combustion Engine (ICE),571,420,0,,,,Euro 6d,False,WLTP,28.5,17,13.3,13.5,16.1,0,9.9,16.6,21.2,20.9,17.5,0,368,0,,,,,78,17,3,,,60,60,68.0,19 November 2024,
Rolls Royce,Cullinan,Cullinan Black Badge,A8,Automatic,6749,Petrol,Internal Combustion Engine (ICE),600,441,0,,,,Euro 6d,False,WLTP,28.7,17.8,13.8,14,16.7,0,9.8,15.9,20.5,20.2,16.9,0,380,0,,,,,116,15,3,,,60,60,70.0,19 November 2024,
Rolls Royce,Cullinan,Cullinan Black Badge,A8,Automatic,6749,Petrol,Internal Combustion Engine (ICE),600,441,0,,,,Euro 6d,False,WLTP,28.3,17.3,13.5,13.9,16.4,0,10,16.3,20.9,20.3,17.2,0,373,0,,,,,116,15,3,,,60,60,70.0,19 November 2024,
Rolls Royce,Dawn,Dawn,A8,Automatic,6592,Petrol,Internal Combustion Engine (ICE),571,420,0,,,,Euro 6d,False,WLTP,29.6,17,13.7,13.4,16.3,0,9.5,16.6,20.6,21.1,17.3,0,372,0,,,,,406,30,11,,,60,60,69.0,19 November 2024,
Rolls Royce,Dawn,Dawn,A8,Automatic,6592,Petrol,Internal Combustion Engine (ICE),571,420,0,,,,Euro 6d,False,WLTP,29.5,16.9,13.3,12.9,16.1,0,9.5,16.6,20.6,21.1,17.3,0,366,0,,,,,406,30,11,,,60,60,69.0,19 November 2024,
Rolls Royce,Dawn,Dawn Black Badge Edition,A8,Automatic,6592,Petrol,Internal Combustion Engine (ICE),600,441,0,,,,Euro 6d,False,WLTP,30.3,17.4,13.3,12.8,16.2,0,9.3,16.2,21.2,22.1,17.4,0,370,0,,,,,407,33,16,,,60,60,70.0,19 November 2024,
Rolls Royce,Dawn,Dawn Black Badge Edition,A8,Automatic,6592,Petrol,Internal Combustion Engine (ICE),600,441,0,,,,Euro 6d,False,WLTP,29.5,16.5,13.1,12.5,15.7,0,9.6,17.1,21.6,22.6,18,0,358,0,,,,,407,33,16,,,60,60,70.0,19 November 2024,
Rolls Royce,Ghost,Ghost,A8,Automatic,6749,Petrol,Internal Combustion Engine (ICE),571,420,0,,,,Euro 6d,False,WLTP,27.9,16.7,13.2,12.9,15.8,0,10.1,16.9,21.4,21.9,17.9,0,359,0,,,,,141,21,3,,,60,60,70.0,19 November 2024,
Rolls Royce,Ghost,Ghost,A8,Automatic,6749,Petrol,Internal Combustion Engine (ICE),571,420,0,,,,Euro 6d,False,WLTP,27,16.4,12.8,12.3,15.2,0,10.5,17.2,22.1,23,18.6,0,347,,,,,,141,21,3,,,60,60,70.0,19 November 2024,
Rolls Royce,Ghost,Ghost Black Badge Edition,A8,Automatic,6749,Petrol,Internal Combustion Engine (ICE),600,441,0,,,,Euro 6d,False,WLTP,27.8,16.6,13.3,12.9,15.8,0,10.2,17,21.2,21.9,17.9,0,359,0,,,,,129,22,7,,,60,60,70.0,19 November 2024,
Rolls Royce,Ghost,Ghost Extended Wheelbase,A8,Automatic,6749,Petrol,Internal Combustion Engine (ICE),571,420,0,,,,Euro 6d,False,WLTP,27.9,16.7,13.2,12.9,15.8,0,10.1,16.9,21.4,21.9,17.9,0,359,0,,,,,141,21,3,,,60,60,70.0,19 November 2024,
Rolls Royce,Ghost,Ghost Extended Wheelbase,A8,Automatic,6749,Petrol,Internal Combustion Engine (ICE),571,420,0,,,,Euro 6d,False,WLTP,27,16.4,12.8,12.3,15.2,0,10.5,17.2,22.1,23,18.6,0,347,0,,,,,141,21,3,,,60,60,70.0,19 November 2024,
Rolls Royce,Phantom,Phantom,A8,Automatic,6749,Petrol,Internal Combustion Engine (ICE),571,420,0,,,,Euro 6d,False,WLTP,28.9,17.1,13.5,13.2,16.2,0,9.9,16.5,21.1,22.2,17.8,0,365,0,,,,,141,14,2,,,60,60,67.0,19 November 2024,
Rolls Royce,Phantom,Phantom,A8,Automatic,6749,Petrol,Internal Combustion Engine (ICE),571,420,0,,,,Euro 6d,False,WLTP,27.8,16.3,13,12.7,15.5,0,10.3,17.4,22.4,23.3,18.7,0,351,0,,,,,141,14,2,,,60,60,67.0,19 November 2024,
Rolls Royce,Phantom,Phantom Extended Wheelbase,A8,Automatic,6749,Petrol,Internal Combustion Engine (ICE),571,420,0,,,,Euro 6d,False,WLTP,28.9,17.1,13.5,13.2,16.2,0,9.9,16.5,21.1,22.2,17.8,0,365,0,,,,,141,14,2,,,60,60,67.0,19 November 2024,
Rolls Royce,Phantom,Phantom Extended Wheelbase,A8,Automatic,6749,Petrol,Internal Combustion Engine (ICE),571,420,0,,,,Euro 6d,False,WLTP,27.8,16.3,13,12.7,15.5,0,10.3,17.4,22.4,23.3,18.7,0,351,0,,,,,141,14,2,,,60,60,67.0,19 November 2024,
Rolls Royce,Wraith,Wraith,A8,Automatic,6592,Petrol,Internal Combustion Engine (ICE),600,441,0,,,,Euro 6d,False,WLTP,29.3,16.7,13.3,12.7,16,0,9.6,16.8,21.2,22.2,17.7,0,363,0,,,,,415,29,11,,,60,60,69.0,19 November 2024,
Rolls Royce,Wraith,Wraith,A8,Automatic,6592,Petrol,Internal Combustion Engine (ICE),600,441,0,,,,Euro 6d,False,WLTP,29.6,16.2,13,12.4,15.7,0,9.5,17.3,21.7,22.8,18,0,357,0,,,,,415,29,11,,,60,60,69.0,19 November 2024,
Rolls Royce,Wraith,Wraith Black Badge Edition,A8,Automatic,6592,Petrol,Internal Combustion Engine (ICE),600,441,0,,,,Euro 6d,False,WLTP,30.3,17.4,13.3,12.8,16.2,0,9.3,16.2,21.2,22.1,17.4,0,370,0,,,,,407,33,216,,,60,60,70.0,19 November 2024,
Rolls Royce,Wraith,Wraith Black Badge Edition,A8,Automatic,6592,Petrol,Internal Combustion Engine (ICE),600,441,0,,,,Euro 6d,False,WLTP,29.5,16.5,13.1,12.5,15.7,0,9.6,17.1,21.6,22.6,18,0,358,0,,,,,407,33,16,,,60,60,70.0,19 November 2024,
SEAT,Arona,Arona SE 1.0 TSI EVO 95PS,M5,Manual,999,Petrol,Internal Combustion Engine (ICE),95,70,0,,,,Euro 6d,False,WLTP,41.5,53.3,60.1,49.6,51.4,0,6.8,5.3,4.7,5.7,5.5,0,124,0,,,,,0,0,0,0,0.00,,,0.0,23 August 2023,
SEAT,Arona,Arona SE 1.0 TSI DSG-auto 110PS,A7,Automatic,999,Petrol,Internal Combustion Engine (ICE),110,81,0,,,,Euro 6d,False,WLTP,38.7,48.7,54.3,46.3,47.9,0,7.3,5.8,5.2,6.1,5.9,0,134,0,,,,,0,0,0,0,0.00,,,0.0,23 August 2023,
SEAT,Arona,Arona SE Technology 1.0 TSI EVO 95PS,M5,Manual,999,Petrol,Internal Combustion Engine (ICE),95,70,0,,,,Euro 6d,False,WLTP,41.5,53.3,60.1,49.6,51.4,0,6.8,5.3,4.7,5.7,5.5,0,124,0,,,,,0,0,0,0,0.00,,,0.0,23 August 2023,
SEAT,Arona,Arona SE Technology 1.0 TSI DSG-auto 110PS,A7,Automatic,999,Petrol,Internal Combustion Engine (ICE),110,81,0,,,,Euro 6d,False,WLTP,38.7,48.7,54.3,46.3,47.9,0,7.3,5.8,5.2,6.1,5.9,0,134,0,,,,,0,0,0,0,0.00,,,0.0,23 August 2023,
SEAT,Arona,Arona FR 1.0 TSI 110PS,M6,Manual,999,Petrol,Internal Combustion Engine (ICE),110,81,0,,,,Euro 6d,False,WLTP,42.2,55.4,62.8,50.4,53.3,0,6.7,5.1,4.5,5.6,5.3,0,121,0,,,,,0,0,0,0,0.00,,,0.0,23 August 2023,
SEAT,Arona,Arona FR 1.0 TSI DSG-auto 110PS,A7,Automatic,999,Petrol,Internal Combustion Engine (ICE),110,81,0,,,,Euro 6d,False,WLTP,38.7,48.7,54.3,46.3,47.9,0,7.3,5.8,5.2,6.1,5.9,0,135,0,,,,,0,0,0,0,0.00,,,0.0,23 August 2023,
SEAT,Arona,Arona FR 1.5 TSI DSG-auto 150PS,A7,Automatic,1498,Petrol,Internal Combustion Engine (ICE),150,110,0,,,,Euro 6d,False,WLTP,37.2,50.4,58.9,48.7,49.6,0,7.6,5.6,4.8,5.8,5.7,0,129,0,,,,,0,0,0,0,0.00,,,0.0,23 August 2023,
SEAT,Arona,Arona FR Sport 1.0 TSI 110PS,M6,Manual,999,Petrol,Internal Combustion Engine (ICE),110,81,0,,,,Euro 6d,False,WLTP,40.9,54.3,60.1,48.7,51.4,0,6.9,5.2,4.7,5.8,5.5,0,124,0,,,,,0,0,0,0,0.00,,,0.0,23 August 2023,
SEAT,Arona,Arona FR Sport 1.0 TSI DSG-auto 110PS,A7,Automatic,999,Petrol,Internal Combustion Engine (ICE),110,81,0,,,,Euro 6d,False,WLTP,38.2,47.9,53.3,44.8,46.3,0,7.4,5.9,5.3,6.3,6.1,0,138,0,,,,,0,0,0,0,0.00,,,0.0,23 August 2023,
SEAT,Arona,Arona FR Sport 1.5 TSI DSG-auto 150PS,A7,Automatic,1498,Petrol,Internal Combustion Engine (ICE),150,110,0,,,,Euro 6d,False,WLTP,36.7,49.6,56.5,47.9,48.7,0,7.7,5.7,5,5.9,5.8,0,132,0,,,,,0,0,0,0,0.00,,,0.0,23 August 2023,
SEAT,Arona,Arona XPERIENCE 1.0 TSI 110PS,M6,Manual,999,Petrol,Internal Combustion Engine (ICE),110,81,0,,,,Euro 6d,False,WLTP,42.2,55.4,62.8,50.4,53.3,0,6.7,5.1,4.5,5.6,5.3,0,121,0,,,,,0,0,0,0,0.00,,,0.0,23 August 2023,
SEAT,Arona,Arona XPERIENCE 1.0 TSI DSG-auto 110PS,A7,Automatic,999,Petrol,Internal Combustion Engine (ICE),110,81,0,,,,Euro 6d,False,WLTP,38.7,48.7,54.3,46.3,47.9,0,7.3,5.8,5.2,6.1,5.9,0,135,0,,,,,0,0,0,0,0.00,,,0.0,23 August 2023,
SEAT,Arona,Arona XPERIENCE Lux 1.0 TSI 110PS,M6,Manual,999,Petrol,Internal Combustion Engine (ICE),110,81,0,,,,Euro 6d,False,WLTP,40.9,54.3,60.1,49.6,51.4,0,6.9,5.2,4.7,5.7,5.5,0,124,0,,,,,0,0,0,0,0.00,,,0.0,23 August 2023,
SEAT,Arona,Arona XPERIENCE Lux 1.0 TSI DSG-auto 110PS,A7,Automatic,999,Petrol,Internal Combustion Engine (ICE),110,81,0,,,,Euro 6d,False,WLTP,38.2,47.9,53.3,44.8,46.3,0,7.4,5.9,5.3,6.3,6.1,0,137,0,,,,,0,0,0,0,0.00,,,0.0,23 August 2023,
SEAT,Ateca,Ateca SE 1.0 TSI 110PS,M6,Manual,999,Petrol,Internal Combustion Engine (ICE),110,81,0,,,,Euro 6d,False,WLTP,38.7,48.7,53.3,43.5,46.3,0,7.3,5.8,5.3,6.5,6.1,0,138,0,,,,,0,0,0,0,0.00,,,0.0,23 August 2023,
SEAT,Ateca,Ateca SE 1.5 EcoTSI 150PS,M6,Manual,1498,Petrol,Internal Combustion Engine (ICE),150,110,0,,,,Euro 6d,False,WLTP,35.8,47.1,52.3,42.8,44.8,0,7.9,6,5.4,6.6,6.3,0,142,0,,,,,0,0,0,0,0.00,,,0.0,23 August 2023,
SEAT,Ateca,Ateca SE 1.5 EcoTSI DSG-auto 150PS,A7,Automatic,1498,Petrol,Internal Combustion Engine (ICE),150,110,0,,,,Euro 6d,False,WLTP,35.3,46.3,51.4,41.5,44.1,0,8,6.1,5.5,6.8,6.4,0,145,0,,,,,0,0,0,0,0.00,,,0.0,23 August 2023,
SEAT,Ateca,Ateca SE Technology 1.0 TSI 110PS,M6,Manual,999,Petrol,Internal Combustion Engine (ICE),110,81,0,,,,Euro 6d,False,WLTP,37.2,46.3,49.6,40.9,44.1,0,7.6,6.1,5.7,6.9,6.4,0,146,0,,,,,0,0,0,0,0.00,,,0.0,23 August 2023,
SEAT,Ateca,Ateca SE Technology 1.5 EcoTSI 150PS,M6,Manual,1498,Petrol,Internal Combustion Engine (ICE),150,110,0,,,,Euro 6d,False,WLTP,34.9,44.8,49.6,40.4,42.8,0,8.1,6.3,5.7,7,6.6,0,150,0,,,,,0,0,0,0,0.00,,,0.0,23 August 2023,
SEAT,Ateca,Ateca SE Technology 1.5 EcoTSI DSG-auto 150PS,A7,Automatic,1498,Petrol,Internal Combustion Engine (ICE),150,110,0,,,,Euro 6d,False,WLTP,34.4,44.8,48.7,40.4,42.2,0,8.2,6.3,5.8,7,6.7,0,151,0,,,,,0,0,0,0,0.00,,,0.0,23 August 2023,
SEAT,Ateca,Ateca FR 1.5 EcoTSI 150PS,M6,Manual,1498,Petrol,Internal Combustion Engine (ICE),150,110,0,,,,Euro 6d,False,WLTP,34.9,44.8,49.6,40.9,42.8,0,8.1,6.3,5.7,6.9,6.6,0,149,0,,,,,0,0,0,0,0.00,,,0.0,23 August 2023,
SEAT,Ateca,Ateca FR Sport 1.5 EcoTSI 150PS,M6,Manual,1498,Petrol,Internal Combustion Engine (ICE),150,110,0,,,,Euro 6d,False,WLTP,34.4,44.1,48.7,39.8,42.2,0,8.2,6.4,5.8,7.1,6.7,0,152,0,,,,,0,0,0,0,0.00,,,0.0,23 August 2023,
SEAT,Ateca,Ateca FR Black Edition 1.5 EcoTSI 150PS,M6,Manual,1498,Petrol,Internal Combustion Engine (ICE),150,110,0,,,,Euro 6d,False,WLTP,34,43.5,47.9,39.8,41.5,0,8.3,6.5,5.9,7.1,6.8,0,153,0,,,,,0,0,0,0,0.00,,,0.0,23 August 2023,
SEAT,Ateca,Ateca FR Black Edition 1.5 EcoTSI DSG-auto 150PS,A7,Automatic,1498,Petrol,Internal Combustion Engine (ICE),150,110,0,,,,Euro 6d,False,WLTP,34,43.5,47.9,39.2,41.5,0,8.3,6.5,5.9,7.2,6.8,0,153,0,,,,,0,0,0,0,0.00,,,0.0,23 August 2023,
SEAT,Ateca,Ateca XPERIENCE 1.5 EcoTSI 150PS,M6,Manual,1498,Petrol,Internal Combustion Engine (ICE),150,110,0,,,,Euro 6d,False,WLTP,34.4,44.8,48.7,40.4,42.8,0,8.2,6.3,5.8,7,6.6,0,150,0,,,,,0,0,0,0,0.00,,,0.0,23 August 2023,
SEAT,Ateca,Ateca XPERIENCE 1.5 EcoTSI DSG-auto 150PS,A7,Automatic,1498,Petrol,Internal Combustion Engine (ICE),150,110,0,,,,Euro 6d,False,WLTP,34.4,44.1,48.7,39.8,42.2,0,8.2,6.4,5.8,7.1,6.7,0,151,0,,,,,0,0,0,0,0.00,,,0.0,23 August 2023,
SEAT,Ateca,Ateca XPERIENCE Lux 1.5 EcoTSI 150PS,M6,Manual,1498,Petrol,Internal Combustion Engine (ICE),150,110,0,,,,Euro 6d,False,WLTP,34.4,44.1,47.9,39.8,42.2,0,8.2,6.4,5.9,7.1,6.7,0,152,0,,,,,0,0,0,0,0.00,,,0.0,23 August 2023,
SEAT,Ateca,Ateca XPERIENCE Lux 1.5 EcoTSI DSG-auto 150PS,A7,Automatic,1498,Petrol,Internal Combustion Engine (ICE),150,110,0,,,,Euro 6d,False,WLTP,34,44.1,47.9,39.2,41.5,0,8.3,6.4,5.9,7.2,6.8,0,153,0,,,,,0,0,0,0,0.00,,,0.0,23 August 2023,
SEAT,CUPRA Ateca,CUPRA Ateca V1 1.5 EcoTSI DSG-auto 150PS,A7,Automatic,1498,Petrol,Internal Combustion Engine (ICE),150,110,0,,,,Euro 6d,False,WLTP,34,44.1,48.7,39.2,41.5,0,8.3,6.4,5.8,7.2,6.8,0,153,0,,,,,0,0,0,0,0.00,,,0.0,23 August 2023,
SEAT,CUPRA Ateca,CUPRA Ateca V1 2.0 EcoTSI DSG-auto 4Drive 190PS,A7,Automatic,1984,Petrol,Internal Combustion Engine (ICE),190,140,0,,,,Euro 6d,False,WLTP,27.4,34.9,40.4,34.9,35.3,0,10.3,8.1,7,8.1,8,0,183,0,,,,,0,0,0,0,0.00,,,0.0,23 August 2023,
SEAT,CUPRA Ateca,CUPRA Ateca V2 1.5 EcoTSI DSG-auto 150PS,A7,Automatic,1498,Petrol,Internal Combustion Engine (ICE),150,110,0,,,,Euro 6d,False,WLTP,34,44.1,47.9,39.2,41.5,0,8.3,6.4,5.9,7.2,6.8,0,153,0,,,,,0,0,0,0,0.00,,,0.0,23 August 2023,
SEAT,CUPRA Ateca,CUPRA Ateca V2 2.0 EcoTSI DSG-auto 4Drive 190PS,A7,Automatic,1984,Petrol,Internal Combustion Engine (ICE),190,140,0,,,,Euro 6d,False,WLTP,27.4,34.9,40.4,34.9,35.3,0,10.3,8.1,7,8.1,8,0,183,0,,,,,0,0,0,0,0.00,,,0.0,23 August 2023,
SEAT,CUPRA Ateca,CUPRA Ateca VZ1 2.0 TSI DSG-auto 4Drive 300PS,A7,Automatic,1984,Petrol,Internal Combustion Engine (ICE),300,221,0,,,,Euro 6d,False,WLTP,22.1,32.1,36.7,32.8,31.7,0,12.8,8.8,7.7,8.6,8.9,0,202,0,,,,,0,0,0,0,0.00,,,0.0,23 August 2023,
SEAT,CUPRA Ateca,CUPRA Ateca VZ2 2.0 TSI DSG-auto 4Drive 300PS,A7,Automatic,1984,Petrol,Internal Combustion Engine (ICE),300,221,0,,,,Euro 6d,False,WLTP,22.1,32.1,36.7,32.8,31.7,0,12.8,8.8,7.7,8.6,8.9,0,202,0,,,,,0,0,0,0,0.00,,,0.0,23 August 2023,
SEAT,CUPRA Ateca,CUPRA Ateca VZ3 2.0 TSI DSG-auto 4Drive 300PS,A7,Automatic,1984,Petrol,Internal Combustion Engine (ICE),300,221,0,,,,Euro 6d,False,WLTP,22.1,32.1,36.7,32.8,31.7,0,12.8,8.8,7.7,8.6,8.9,0,202,0,,,,,0,0,0,0,0.00,,,0.0,23 August 2023,
SEAT,CUPRA Ateca,CUPRA Ateca VZN 2.0 TSI DSG-auto 4Drive 300PS,A7,Automatic,1984,Petrol,Internal Combustion Engine (ICE),300,221,0,,,,Euro 6d,False,WLTP,21.7,31.4,35.8,32.1,31,0,13,9,7.9,8.8,9.1,0,206,0,,,,,0,0,0,0,0.00,,,0.0,23 August 2023,
SEAT,CUPRA Formentor,Formentor V1 TSI 150,M6,Manual,1498,Petrol,Internal Combustion Engine (ICE),150,110,0,,,,Euro 6d,False,WLTP,35.8,47.1,52.3,42.2,44.8,0,7.9,6,5.4,6.7,6.3,0,143,0,,,,,0,0,0,0,0.00,,,0.0,23 August 2023,
SEAT,CUPRA Formentor,Formentor V1 TSI DSG-auto 150,A7,Automatic,1498,Petrol,Internal Combustion Engine (ICE),150,110,0,,,,Euro 6d,False,WLTP,31.7,42.8,49.6,41.5,42.2,0,8.9,6.6,5.7,6.8,6.7,0,151,0,,,,,0,0,0,0,0.00,,,0.0,23 August 2023,
SEAT,CUPRA Formentor,Formentor V1 TSI DSG-auto 4Drive 190,A7,Automatic,1984,Petrol,Internal Combustion Engine (ICE),190,140,0,,,,Euro 6d,False,WLTP,28.5,37.2,43.5,37.7,37.7,0,9.9,7.6,6.5,7.5,7.5,0,171,0,,,,,0,0,0,0,0.00,,,0.0,23 August 2023,
SEAT,CUPRA Formentor,Formentor V2 TSI 150,M6,Manual,1498,Petrol,Internal Combustion Engine (ICE),150,110,0,,,,Euro 6d,False,WLTP,35.8,46.3,50.4,40.4,43.5,0,7.9,6.1,5.6,7,6.5,0,147,0,,,,,0,0,0,0,0.00,,,0.0,23 August 2023,
SEAT,CUPRA Formentor,Formentor V2 TSI DSG-auto 150,A7,Automatic,1498,Petrol,Internal Combustion Engine (ICE),150,110,0,,,,Euro 6d,False,WLTP,31.7,41.5,47.1,39.2,40.4,0,8.9,6.8,6,7.2,7,0,157,0,,,,,0,0,0,0,0.00,,,0.0,23 August 2023,
SEAT,CUPRA Formentor,Formentor V2 TSI DSG-auto 4Drive 190,A7,Automatic,1984,Petrol,Internal Combustion Engine (ICE),190,140,0,,,,Euro 6d,False,WLTP,28.2,36.7,42.2,36.2,36.7,0,10,7.7,6.7,7.8,7.7,0,176,0,,,,,0,0,0,0,0.00,,,0.0,23 August 2023,
SEAT,CUPRA Formentor,Formentor VZ1 TSI DSG-auto 245,A7,Automatic,1984,Petrol,Internal Combustion Engine (ICE),245,180,0,,,,Euro 6d,False,WLTP,26.4,38.2,42.8,37.2,37.2,0,10.7,7.4,6.6,7.6,7.6,0,173,0,,,,,0,0,0,0,0.00,,,0.0,23 August 2023,
SEAT,CUPRA Formentor,Formentor VZ2 TSI DSG-auto 245,A7,Automatic,1984,Petrol,Internal Combustion Engine (ICE),245,180,0,,,,Euro 6d,False,WLTP,26.4,38.2,42.8,37.2,37.2,0,10.7,7.4,6.6,7.6,7.6,0,174,0,,,,,0,0,0,0,0.00,,,0.0,23 August 2023,
SEAT,CUPRA Formentor,Formentor VZ2 TSI DSG-auto 4Drive 310,A7,Automatic,1984,Petrol,Internal Combustion Engine (ICE),310,228,0,,,,Euro 6d,False,WLTP,23,34,38.7,34.4,33.2,0,12.3,8.3,7.3,8.2,8.5,0,192,0,,,,,0,0,0,0,0.00,,,0.0,23 August 2023,
SEAT,CUPRA Formentor,Formentor VZ3 TSI DSG-auto 4Drive 310,A7,Automatic,1984,Petrol,Internal Combustion Engine (ICE),310,228,0,,,,Euro 6d,False,WLTP,23,34,38.7,34,32.8,0,12.3,8.3,7.3,8.3,8.6,0,193,0,,,,,0,0,0,0,0.00,,,0.0,23 August 2023,
SEAT,CUPRA Formentor,Formentor VZN TSI DSG-auto 4Drive 310,A7,Automatic,1984,Petrol,Internal Combustion Engine (ICE),310,228,0,,,,Euro 6d,False,WLTP,22.6,33.6,38.2,33.6,32.8,0,12.5,8.4,7.4,8.4,8.6,0,195,0,,,,,0,0,0,0,0.00,,,0.0,23 August 2023,
SEAT,CUPRA Formentor,Formentor V1 e-HYBRID DSG-auto 204,A6,Automatic,1395,Electricity / Petrol,Plug-in Hybrid Electric Vehicle (PHEV),204,150,4.2,148,37,23,Euro 6d,False,WLTP,37.2,54.3,55.4,44.1,47.9,235.4,7.6,5.2,5.1,6.4,5.9,1.2,134,27,37,59,44,71,0,0,0,,,,,0.0,06 September 2023,
SEAT,CUPRA Formentor,Formentor V2 e-HYBRID DSG-auto 204,A6,Automatic,1395,Electricity / Petrol,Plug-in Hybrid Electric Vehicle (PHEV),204,150,4,153,35,22,Euro 6d,False,WLTP,37.2,53.3,53.3,42.8,46.3,217.3,7.6,5.3,5.3,6.6,6.1,1.3,137,29,35,57,42,67,0,0,0,,,,,0.0,06 September 2023,
SEAT,CUPRA Formentor,Formentor VZ1 e-HYBRID DSG-auto 245,A6,Automatic,1395,Electricity / Petrol,Plug-in Hybrid Electric Vehicle (PHEV),245,180,3.9,159,34,21,Euro 6d,False,WLTP,34,50.4,50.4,42.2,44.8,188.3,8.3,5.6,5.6,6.7,6.3,1.5,143,33,34,54,39,63,0,0,0,,,,,0.0,06 September 2023,
SEAT,CUPRA Formentor,Formentor VZ2 e-HYBRID DSG-auto 245,A6,Automatic,1395,Electricity / Petrol,Plug-in Hybrid Electric Vehicle (PHEV),245,180,3.8,160,34,21,Euro 6d,False,WLTP,34.4,50.4,50.4,41.5,44.1,188.3,8.2,5.6,5.6,6.8,6.4,1.5,143,33,34,54,39,63,0,0,0,,,,,0.0,06 September 2023,
SEAT,CUPRA Leon Estate,CUPRA Leon Estate V1 TSI 150,M6,Manual,1498,Petrol,Internal Combustion Engine (ICE),150,110,0,,,,Euro 6d,False,WLTP,35.8,48.7,54.3,47.1,47.1,0,7.9,5.8,5.2,6,6,0,136,0,,,,,0,0,0,0,0.00,,,0.0,23 August 2023,
SEAT,CUPRA Leon Estate,CUPRA Leon Estate V1 eTSI DSG-auto 150,A7,Automatic,1498,Petrol Electric,Mild Hybrid Electric Vehicle (MHEV),150,110,0,,,,Euro 6d,False,WLTP,37.7,50.4,55.4,44.8,47.1,0,7.5,5.6,5.1,6.3,6,0,136,0,,,,,0,0,0,0,0.00,,,0.0,23 August 2023,
SEAT,CUPRA Leon Estate,CUPRA Leon Estate V1 TSI DSG-auto 190,A7,Automatic,1984,Petrol,Internal Combustion Engine (ICE),190,140,0,,,,Euro 6d,False,WLTP,30.1,40.4,48.7,43.5,41.5,0,9.4,7,5.8,6.5,6.8,0,154,0,,,,,0,0,0,0,0.00,,,0.0,23 August 2023,
SEAT,CUPRA Leon Estate,CUPRA Leon Estate VZ2 TSI DSG-auto 4Drive 310,A7,Automatic,1984,Petrol,Internal Combustion Engine (ICE),310,228,0,,,,Euro 6d,False,WLTP,22.6,34.4,40.4,37.2,34.4,0,12.5,8.2,7,7.6,8.2,0,185,0,,,,,0,0,0,0,0.00,,,0.0,23 August 2023,
SEAT,CUPRA Leon Estate,CUPRA Leon Estate VZ3 TSI DSG-auto 4Drive 310,A7,Automatic,1984,Petrol,Internal Combustion Engine (ICE),310,228,0,,,,Euro 6d,False,WLTP,22.6,34.4,39.8,37.2,34.4,0,12.5,8.2,7.1,7.6,8.2,0,186,0,,,,,0,0,0,0,0.00,,,0.0,23 August 2023,
SEAT,CUPRA Leon Estate,CUPRA Leon Estate VZ2 e-HYBRID DSG-auto 245,A6,Automatic,1395,Electricity / Petrol,Plug-in Hybrid Electric Vehicle (PHEV),245,180,4,155,37,23,Euro 6d,False,WLTP,29.4,52.3,53.3,42.8,44.8,217.3,9.6,5.4,5.3,6.6,6.3,1.3,143,29,37,59,41,66,0,0,0,,,,,0.0,06 September 2023,
SEAT,CUPRA Leon Estate,CUPRA Leon Estate VZ3 e-HYBRID DSG-auto 245,A6,Automatic,1395,Electricity / Petrol,Plug-in Hybrid Electric Vehicle (PHEV),245,180,4,155,37,23,Euro 6d,False,WLTP,29.4,52.3,53.3,42.8,44.8,217.3,9.6,5.4,5.3,6.6,6.3,1.3,143,29,35,57,41,66,0,0,0,,,,,0.0,06 September 2023,
SEAT,CUPRA Leon Hatch,CUPRA Leon Hatch V1 TSI 150,M6,Manual,1498,Petrol,Internal Combustion Engine (ICE),150,110,0,,,,Euro 6d,False,WLTP,36.7,49.6,55.4,47.1,47.9,0,7.7,5.7,5.1,6,5.9,0,134,0,,,,,0,0,0,0,0.00,,,0.0,23 August 2023,
SEAT,CUPRA Leon Hatch,CUPRA Leon Hatch V1 eTSI DSG-auto 150,A7,Automatic,1498,Petrol Electric,Mild Hybrid Electric Vehicle (MHEV),150,110,0,,,,Euro 6d,False,WLTP,38.2,52.3,55.4,44.1,47.9,0,7.4,5.4,5.1,6.4,5.9,0,135,0,,,,,0,0,0,0,0.00,,,0.0,23 August 2023,
SEAT,CUPRA Leon Hatch,CUPRA Leon Hatch V1 TSI DSG-auto 190,A7,Automatic,1984,Petrol,Internal Combustion Engine (ICE),190,140,0,,,,Euro 6d,False,WLTP,30.4,40.9,48.7,42.8,41.5,0,9.3,6.9,5.8,6.6,6.8,0,154,0,,,,,0,0,0,0,0.00,,,0.0,23 August 2023,
SEAT,CUPRA Leon Hatch,CUPRA Leon Hatch VZ2 TSI DSG-auto 245,A7,Automatic,1984,Petrol,Internal Combustion Engine (ICE),245,180,0,,,,Euro 6d,False,WLTP,26.2,39.2,47.1,41.5,39.2,0,10.8,7.2,6,6.8,7.2,0,163,0,,,,,0,0,0,0,0.00,,,0.0,23 August 2023,
SEAT,CUPRA Leon Hatch,CUPRA Leon Hatch VZ2 TSI DSG-auto 300,A7,Automatic,1984,Petrol,Internal Combustion Engine (ICE),300,221,0,,,,Euro 6d,False,WLTP,25,38.2,44.1,38.7,37.2,0,11.3,7.4,6.4,7.3,7.6,0,171,0,,,,,0,0,0,0,0.00,,,0.0,23 August 2023,
SEAT,CUPRA Leon Hatch,CUPRA Leon Hatch VZ3 TSI DSG-auto 300,A7,Automatic,1984,Petrol,Internal Combustion Engine (ICE),300,221,0,,,,Euro 6d,False,WLTP,25,38.2,44.1,38.7,37.2,0,11.3,7.4,6.4,7.3,7.6,0,172,0,,,,,0,0,0,0,0.00,,,0.0,23 August 2023,
SEAT,CUPRA Leon Hatch,CUPRA Leon Hatch VZ2 e-HYBRID DSG-auto 245,A6,Automatic,1395,Electricity / Petrol,Plug-in Hybrid Electric Vehicle (PHEV),245,180,4,154,37,23,Euro 6d,False,WLTP,29.7,53.3,54.3,43.5,44.8,217.3,9.5,5.3,5.2,6.5,6.3,1.3,142,29,37,59,42,67,0,0,0,,,,,0.0,06 September 2023,
SEAT,CUPRA Leon Hatch,CUPRA Leon Hatch VZ3 e-HYBRID DSG-auto 245,A6,Automatic,1395,Electricity / Petrol,Plug-in Hybrid Electric Vehicle (PHEV),245,180,4,154,37,23,Euro 6d,False,WLTP,29.7,53.3,53.3,43.5,44.8,217.3,9.5,5.3,5.3,6.5,6.3,1.3,142,29,37,59,42,67,0,0,0,,,,,0.0,06 September 2023,
SEAT,Ibiza,Ibiza SE 1.0 MPI 80PS,M5,Manual,999,Petrol,Internal Combustion Engine (ICE),80,59,0,,,,Euro 6d,False,WLTP,45.6,56.5,60.1,50.4,53.3,0,6.2,5,4.7,5.6,5.3,0,119,0,,,,,0,0,0,0,0.00,,,0.0,23 August 2023,
SEAT,Ibiza,Ibiza SE 1.0 TSI 95PS,M5,Manual,999,Petrol,Internal Combustion Engine (ICE),95,70,0,,,,Euro 6d,False,WLTP,41.5,55.4,62.8,52.3,53.3,0,6.8,5.1,4.5,5.4,5.3,0,119,0,,,,,0,0,0,0,0.00,,,0.0,23 August 2023,
SEAT,Ibiza,Ibiza SE Technology 1.0 MPI 80PS,M5,Manual,999,Petrol,Internal Combustion Engine (ICE),80,59,0,,,,Euro 6d,False,WLTP,45.6,56.5,60.1,50.4,53.3,0,6.2,5,4.7,5.6,5.3,0,120,0,,,,,0,0,0,0,0.00,,,0.0,23 August 2023,
SEAT,Ibiza,Ibiza SE Technology 1.0 TSI 95PS,M5,Manual,999,Petrol,Internal Combustion Engine (ICE),95,70,0,,,,Euro 6d,False,WLTP,41.5,55.4,62.8,52.3,54.3,0,6.8,5.1,4.5,5.4,5.2,0,119,0,,,,,0,0,0,0,0.00,,,0.0,23 August 2023,
SEAT,Ibiza,Ibiza FR 1.0 MPI 80PS,M5,Manual,999,Petrol,Internal Combustion Engine (ICE),80,59,0,,,,Euro 6d,False,WLTP,44.1,54.3,57.6,47.9,51.4,0,6.4,5.2,4.9,5.9,5.5,0,125,0,,,,,0,0,0,0,0.00,,,0.0,23 August 2023,
SEAT,Ibiza,Ibiza FR 1.0 TSI 95PS,M5,Manual,999,Petrol,Internal Combustion Engine (ICE),95,70,0,,,,Euro 6d,False,WLTP,40.4,53.3,58.9,49.6,51.4,0,7,5.3,4.8,5.7,5.5,0,125,0,,,,,0,0,0,0,0.00,,,0.0,23 August 2023,
SEAT,Ibiza,Ibiza FR 1.0 TSI 110PS,M6,Manual,999,Petrol,Internal Combustion Engine (ICE),110,81,0,,,,Euro 6d,False,WLTP,41.5,53.3,60.1,50.4,52.3,0,6.8,5.3,4.7,5.6,5.4,0,123,0,,,,,0,0,0,0,0.00,,,0.0,23 August 2023,
SEAT,Ibiza,Ibiza FR 1.0 TSI DSG-auto 110PS,A7,Automatic,999,Petrol,Internal Combustion Engine (ICE),110,81,0,,,,Euro 6d,False,WLTP,36.7,48.7,55.4,48.7,48.7,0,7.7,5.8,5.1,5.8,5.8,0,132,0,,,,,0,0,0,0,0.00,,,0.0,23 August 2023,
SEAT,Ibiza,Ibiza FR Sport 1.0 MPI 80PS,M5,Manual,999,Petrol,Internal Combustion Engine (ICE),80,59,0,,,,Euro 6d,False,WLTP,43.5,54.3,57.6,47.9,51.4,0,6.5,5.2,4.9,5.9,5.5,0,125,0,,,,,0,0,0,0,0.00,,,0.0,23 August 2023,
SEAT,Ibiza,Ibiza FR Sport 1.0 TSI 95PS,M5,Manual,999,Petrol,Internal Combustion Engine (ICE),95,70,0,,,,Euro 6d,False,WLTP,40.4,53.3,58.9,49.6,51.4,0,7,5.3,4.8,5.7,5.5,0,126,0,,,,,0,0,0,0,0.00,,,0.0,23 August 2023,
SEAT,Ibiza,Ibiza FR Sport 1.0 TSI 110PS,M6,Manual,999,Petrol,Internal Combustion Engine (ICE),110,81,0,,,,Euro 6d,False,WLTP,41.5,53.3,60.1,50.4,52.3,0,6.8,5.3,4.7,5.6,5.4,0,123,0,,,,,0,0,0,0,0.00,,,0.0,23 August 2023,
SEAT,Ibiza,Ibiza FR Sport 1.0 TSI DSG-auto 110PS,A7,Automatic,999,Petrol,Internal Combustion Engine (ICE),110,81,0,,,,Euro 6d,False,WLTP,36.7,48.7,55.4,48.7,48.7,0,7.7,5.8,5.1,5.8,5.8,0,133,0,,,,,0,0,0,0,0.00,,,0.0,23 August 2023,
SEAT,Ibiza,Ibiza XCELLENCE 1.0 TSI 95PS,M5,Manual,999,Petrol,Internal Combustion Engine (ICE),95,70,0,,,,Euro 6d,False,WLTP,40.4,52.3,58.9,48.7,50.4,0,7,5.4,4.8,5.8,5.6,0,127,0,,,,,0,0,0,0,0.00,,,0.0,23 August 2023,
SEAT,Ibiza,Ibiza XCELLENCE 1.0 TSI 110PS,M6,Manual,999,Petrol,Internal Combustion Engine (ICE),110,81,0,,,,Euro 6d,False,WLTP,41.5,53.3,58.9,49.6,51.4,0,6.8,5.3,4.8,5.7,5.5,0,124,0,,,,,0,0,0,0,0.00,,,0.0,23 August 2023,
SEAT,Ibiza,Ibiza XCELLENCE 1.0 TSI DSG-auto 110PS,A7,Automatic,999,Petrol,Internal Combustion Engine (ICE),110,81,0,,,,Euro 6d,False,WLTP,36.7,48.7,55.4,47.9,47.9,0,7.7,5.8,5.1,5.9,5.9,0,133,0,,,,,0,0,0,0,0.00,,,0.0,23 August 2023,
SEAT,Ibiza,Ibiza XCELLENCE Lux 1.0 TSI 95PS,M5,Manual,999,Petrol,Internal Combustion Engine (ICE),95,70,0,,,,Euro 6d,False,WLTP,39.8,52.3,58.9,48.7,50.4,0,7.1,5.4,4.8,5.8,5.6,0,127,0,,,,,0,0,0,0,0.00,,,0.0,23 August 2023,
SEAT,Ibiza,Ibiza XCELLENCE Lux 1.0 TSI 110PS,M6,Manual,999,Petrol,Internal Combustion Engine (ICE),110,81,0,,,,Euro 6d,False,WLTP,41.5,53.3,58.9,49.6,51.4,0,6.8,5.3,4.8,5.7,5.5,0,124,0,,,,,0,0,0,0,0.00,,,0.0,23 August 2023,
SEAT,Ibiza,Ibiza XCELLENCE Lux 1.0 TSI DSG-auto 110PS,A7,Automatic,999,Petrol,Internal Combustion Engine (ICE),110,81,0,,,,Euro 6d,False,WLTP,36.7,48.7,54.3,47.9,47.9,0,7.7,5.8,5.2,5.9,5.9,0,134,0,,,,,0,0,0,0,0.00,,,0.0,23 August 2023,
SEAT,Leon Estate,Leon Estate SE 1.0 TSI EVO 110PS,M6,Manual,999,Petrol,Internal Combustion Engine (ICE),110,81,0,,,,Euro 6d,False,WLTP,39.2,51.4,58.9,50.4,50.4,0,7.2,5.5,4.8,5.6,5.6,0,126,0,,,,,0,0,0,0,0.00,,,0.0,23 August 2023,
SEAT,Leon Estate,Leon Estate SE 1.0 eTSI DSG-auto 110PS,A7,Automatic,999,Petrol Electric,Mild Hybrid Electric Vehicle (MHEV),110,81,0,,,,Euro 6d,False,WLTP,42.2,53.3,57.6,47.1,50.4,0,6.7,5.3,4.9,6,5.6,0,127,0,,,,,0,0,0,0,0.00,,,0.0,23 August 2023,
SEAT,Leon Estate,Leon Estate SE 1.5 TSI EVO 130PS,M6,Manual,1498,Petrol,Internal Combustion Engine (ICE),130,96,0,,,,Euro 6d,False,WLTP,37.2,51.4,58.9,50.4,50.4,0,7.6,5.5,4.8,5.6,5.6,0,127,0,,,,,0,0,0,0,0.00,,,0.0,23 August 2023,
SEAT,Leon Estate,Leon Estate SE Dynamic 1.0 TSI EVO 110PS,M6,Manual,999,Petrol,Internal Combustion Engine (ICE),110,81,0,,,,Euro 6d,False,WLTP,38.2,50.4,57.6,48.7,49.6,0,7.4,5.6,4.9,5.8,5.7,0,129,0,,,,,0,0,0,0,0.00,,,0.0,23 August 2023,
SEAT,Leon Estate,Leon Estate SE Dynamic 1.0 eTSI DSG-auto 110PS,A7,Automatic,999,Petrol Electric,Mild Hybrid Electric Vehicle (MHEV),110,81,0,,,,Euro 6d,False,WLTP,41.5,51.4,56.5,46.3,49.6,0,6.8,5.5,5,6.1,5.7,0,131,0,,,,,0,0,0,0,0.00,,,0.0,23 August 2023,
SEAT,Leon Estate,Leon Estate SE Dynamic 1.5 TSI EVO 130PS,M6,Manual,1498,Petrol,Internal Combustion Engine (ICE),130,96,0,,,,Euro 6d,False,WLTP,37.2,49.6,57.6,49.6,49.6,0,7.6,5.7,4.9,5.7,5.7,0,130,0,,,,,0,0,0,0,0.00,,,0.0,23 August 2023,
SEAT,Leon Estate,Leon Estate FR 1.0 TSI EVO 110PS,M6,Manual,999,Petrol,Internal Combustion Engine (ICE),110,81,0,,,,Euro 6d,False,WLTP,38.2,50.4,57.6,49.6,49.6,0,7.4,5.6,4.9,5.7,5.7,0,128,0,,,,,0,0,0,0,0.00,,,0.0,23 August 2023,
SEAT,Leon Estate,Leon Estate FR 1.0 eTSI DSG-auto 110PS,A7,Automatic,999,Petrol Electric,Mild Hybrid Electric Vehicle (MHEV),110,81,0,,,,Euro 6d,False,WLTP,41.5,52.3,56.5,46.3,49.6,0,6.8,5.4,5,6.1,5.7,0,130,0,,,,,0,0,0,0,0.00,,,0.0,23 August 2023,
SEAT,Leon Estate,Leon Estate FR 1.5 TSI EVO 130PS,M6,Manual,1498,Petrol,Internal Combustion Engine (ICE),130,96,0,,,,Euro 6d,False,WLTP,37.2,50.4,57.6,49.6,49.6,0,7.6,5.6,4.9,5.7,5.7,0,129,0,,,,,0,0,0,0,0.00,,,0.0,23 August 2023,
SEAT,Leon Estate,Leon Estate FR 1.5 TSI EVO 150PS,M6,Manual,1498,Petrol,Internal Combustion Engine (ICE),150,110,0,,,,Euro 6d,False,WLTP,36.2,48.7,55.4,47.9,47.9,0,7.8,5.8,5.1,5.9,5.9,0,133,0,,,,,0,0,0,0,0.00,,,0.0,23 August 2023,
SEAT,Leon Estate,Leon Estate FR 1.5 eTSI DSG-auto 150PS,A7,Automatic,1498,Petrol Electric,Mild Hybrid Electric Vehicle (MHEV),150,110,0,,,,Euro 6d,False,WLTP,37.7,51.4,56.5,46.3,48.7,0,7.5,5.5,5,6.1,5.8,0,132,0,,,,,0,0,0,0,0.00,,,0.0,23 August 2023,
SEAT,Leon Estate,Leon Estate FR 2.0 TDI 150PS,M6,Manual,1968,Diesel,Internal Combustion Engine (ICE),150,110,0,,,,Euro 6d,False,WLTP,47.1,64.2,74.3,61.4,62.8,0,6,4.4,3.8,4.6,4.5,0,118,0,,,,,0,0,0,0,0.00,,,0.0,23 August 2023,
SEAT,Leon Estate,Leon Estate FR Sport 1.0 eTSI DSG-auto 110PS,A7,Automatic,999,Petrol Electric,Mild Hybrid Electric Vehicle (MHEV),110,81,0,,,,Euro 6d,False,WLTP,41.5,51.4,56.5,46.3,48.7,0,6.8,5.5,5,6.1,5.8,0,131,0,,,,,0,0,0,0,0.00,,,0.0,23 August 2023,
SEAT,Leon Estate,Leon Estate FR Sport 1.5 TSI EVO 130PS,M6,Manual,1498,Petrol,Internal Combustion Engine (ICE),130,96,0,,,,Euro 6d,False,WLTP,36.7,49.6,57.6,48.7,49.6,0,7.7,5.7,4.9,5.8,5.7,0,130,0,,,,,0,0,0,0,0.00,,,0.0,23 August 2023,
SEAT,Leon Estate,Leon Estate FR Sport 1.5 TSI EVO 150PS,M6,Manual,1498,Petrol,Internal Combustion Engine (ICE),150,110,0,,,,Euro 6d,False,WLTP,35.8,47.9,55.4,47.9,47.9,0,7.9,5.9,5.1,5.9,5.9,0,135,0,,,,,0,0,0,0,0.00,,,0.0,23 August 2023,
SEAT,Leon Estate,Leon Estate FR Sport 1.5 eTSI DSG-auto 150PS,A7,Automatic,1498,Petrol Electric,Mild Hybrid Electric Vehicle (MHEV),150,110,0,,,,Euro 6d,False,WLTP,37.7,51.4,56.5,45.6,47.9,0,7.5,5.5,5,6.2,5.9,0,133,0,,,,,0,0,0,0,0.00,,,0.0,23 August 2023,
SEAT,Leon Estate,Leon Estate FR Sport 2.0 TDI 150PS,M6,Manual,1968,Diesel,Internal Combustion Engine (ICE),150,110,0,,,,Euro 6d,False,WLTP,47.1,64.2,72.4,60.1,61.4,0,6,4.4,3.9,4.7,4.6,0,119,0,,,,,0,0,0,0,0.00,,,0.0,23 August 2023,
SEAT,Leon Hatch,Leon Hatch SE 1.0 TSI EVO 110PS,M6,Manual,999,Petrol,Internal Combustion Engine (ICE),110,81,0,,,,Euro 6d,False,WLTP,39.8,52.3,58.9,49.6,51.4,0,7.1,5.4,4.8,5.7,5.5,0,125,0,,,,,0,0,0,0,0.00,,,0.0,23 August 2023,
SEAT,Leon Hatch,Leon Hatch SE 1.0 eTSI DSG-auto 110PS,A7,Automatic,999,Petrol Electric,Mild Hybrid Electric Vehicle (MHEV),110,81,0,,,,Euro 6d,False,WLTP,42.8,55.4,58.9,47.9,51.4,0,6.6,5.1,4.8,5.9,5.5,0,125,0,,,,,0,0,0,0,0.00,,,0.0,23 August 2023,
SEAT,Leon Hatch,Leon Hatch SE 1.5 TSI EVO 130PS,M6,Manual,1498,Petrol,Internal Combustion Engine (ICE),130,96,0,,,,Euro 6d,False,WLTP,37.7,52.3,60.1,50.4,51.4,0,7.5,5.4,4.7,5.6,5.5,0,126,0,,,,,0,0,0,0,0.00,,,0.0,23 August 2023,
SEAT,Leon Hatch,Leon Hatch SE 2.0 TDI NR 115PS,M6,Manual,1968,Diesel,Internal Combustion Engine (ICE),115,85,0,,,,Euro 6d,False,WLTP,47.9,68.9,76.3,64.2,65.7,0,5.9,4.1,3.7,4.4,4.3,0,113,0,,,,,0,0,0,0,0.00,,,0.0,23 August 2023,
SEAT,Leon Hatch,Leon Hatch SE Dynamic 1.0 TSI EVO 110PS,M6,Manual,999,Petrol,Internal Combustion Engine (ICE),110,81,0,,,,Euro 6d,False,WLTP,39.2,51.4,57.6,48.7,50.4,0,7.2,5.5,4.9,5.8,5.6,0,128,0,,,,,0,0,0,0,0.00,,,0.0,23 August 2023,
SEAT,Leon Hatch,Leon Hatch SE Dynamic 1.0 eTSI DSG-auto 110PS,A7,Automatic,999,Petrol Electric,Mild Hybrid Electric Vehicle (MHEV),110,81,0,,,,Euro 6d,False,WLTP,42.8,53.3,57.6,46.3,49.6,0,6.6,5.3,4.9,6.1,5.7,0,129,0,,,,,0,0,0,0,0.00,,,0.0,23 August 2023,
SEAT,Leon Hatch,Leon Hatch SE Dynamic 1.5 TSI EVO 130PS,M6,Manual,1498,Petrol,Internal Combustion Engine (ICE),130,96,0,,,,Euro 6d,False,WLTP,37.2,51.4,57.6,48.7,49.6,0,7.6,5.5,4.9,5.8,5.7,0,129,0,,,,,0,0,0,0,0.00,,,0.0,23 August 2023,
SEAT,Leon Hatch,Leon Hatch SE Dynamic 2.0 TDI NR 115PS,M6,Manual,1968,Diesel,Internal Combustion Engine (ICE),115,85,0,,,,Euro 6d,False,WLTP,47.9,67.3,74.3,61.4,64.2,0,5.9,4.2,3.8,4.6,4.4,0,116,0,,,,,0,0,0,0,0.00,,,0.0,23 August 2023,
SEAT,Leon Hatch,Leon Hatch FR 1.0 TSI EVO 110PS,M6,Manual,999,Petrol,Internal Combustion Engine (ICE),110,81,0,,,,Euro 6d,False,WLTP,39.2,51.4,57.6,49.6,50.4,0,7.2,5.5,4.9,5.7,5.6,0,128,0,,,,,0,0,0,0,0.00,,,0.0,23 August 2023,
SEAT,Leon Hatch,Leon Hatch FR 1.0 eTSI DSG-auto 110PS,A7,Automatic,999,Petrol Electric,Mild Hybrid Electric Vehicle (MHEV),110,81,0,,,,Euro 6d,False,WLTP,42.2,53.3,57.6,46.3,49.6,0,6.7,5.3,4.9,6.1,5.7,0,128,0,,,,,0,0,0,0,0.00,,,0.0,23 August 2023,
SEAT,Leon Hatch,Leon Hatch FR 1.5 TSI EVO 130PS,M6,Manual,1498,Petrol,Internal Combustion Engine (ICE),130,96,0,,,,Euro 6d,False,WLTP,37.2,50.4,58.9,49.6,49.6,0,7.6,5.6,4.8,5.7,5.7,0,128,0,,,,,0,0,0,0,0.00,,,0.0,23 August 2023,
SEAT,Leon Hatch,Leon Hatch FR 1.5 TSI EVO 150PS,M6,Manual,1498,Petrol,Internal Combustion Engine (ICE),150,110,0,,,,Euro 6d,False,WLTP,36.7,49.6,56.5,48.7,48.7,0,7.7,5.7,5,5.8,5.8,0,132,0,,,,,0,0,0,0,0.00,,,0.0,23 August 2023,
SEAT,Leon Hatch,Leon Hatch FR 1.5 eTSI DSG-auto 150PS,A7,Automatic,1498,Petrol Electric,Mild Hybrid Electric Vehicle (MHEV),150,110,0,,,,Euro 6d,False,WLTP,37.7,52.3,56.5,46.3,48.7,0,7.5,5.4,5,6.1,5.8,0,131,0,,,,,0,0,0,0,0.00,,,0.0,23 August 2023,
SEAT,Leon Hatch,Leon Hatch FR 2.0 TDI 150PS,M6,Manual,1968,Diesel,Internal Combustion Engine (ICE),150,110,0,,,,Euro 6d,False,WLTP,47.9,65.7,74.3,61.4,62.8,0,5.9,4.3,3.8,4.6,4.5,0,117,0,,,,,0,0,0,0,0.00,,,0.0,23 August 2023,
SEAT,Leon Hatch,Leon Hatch FR Sport 1.0 eTSI DSG-auto 110PS,A7,Automatic,999,Petrol Electric,Mild Hybrid Electric Vehicle (MHEV),110,81,0,,,,Euro 6d,False,WLTP,42.2,52.3,56.5,46.3,49.6,0,6.7,5.4,5,6.1,5.7,0,129,0,,,,,0,0,0,0,0.00,,,0.0,23 August 2023,
SEAT,Leon Hatch,Leon Hatch FR Sport 1.5 TSI EVO 130PS,M6,Manual,1498,Petrol,Internal Combustion Engine (ICE),130,96,0,,,,Euro 6d,False,WLTP,37.2,50.4,57.6,48.7,49.6,0,7.6,5.6,4.9,5.8,5.7,0,130,0,,,,,0,0,0,0,0.00,,,0.0,23 August 2023,
SEAT,Leon Hatch,Leon Hatch FR Sport 1.5 TSI EVO 150PS,M6,Manual,1498,Petrol,Internal Combustion Engine (ICE),150,110,0,,,,Euro 6d,False,WLTP,36.2,49.6,55.4,47.9,47.9,0,7.8,5.7,5.1,5.9,5.9,0,133,0,,,,,0,0,0,0,0.00,,,0.0,23 August 2023,
SEAT,Leon Hatch,Leon Hatch FR Sport 1.5 eTSI DSG-auto 150PS,A7,Automatic,1498,Petrol Electric,Mild Hybrid Electric Vehicle (MHEV),150,110,0,,,,Euro 6d,False,WLTP,37.7,51.4,56.5,45.6,48.7,0,7.5,5.5,5,6.2,5.8,0,133,0,,,,,0,0,0,0,0.00,,,0.0,23 August 2023,
SEAT,Leon Hatch,Leon Hatch FR Sport 2.0 TDI 150PS,M6,Manual,1968,Diesel,Internal Combustion Engine (ICE),150,110,0,,,,Euro 6d,False,WLTP,47.9,65.7,72.4,60.1,62.8,0,5.9,4.3,3.9,4.7,4.5,0,119,0,,,,,0,0,0,0,0.00,,,0.0,23 August 2023,
SEAT,Tarraco,Tarraco SE Technology 1.5 EcoTSI 150PS,M6,Manual,1498,Petrol,Internal Combustion Engine (ICE),150,110,0,,,,Euro 6d,False,WLTP,34.4,43.5,47.9,39.2,41.5,0,8.2,6.5,5.9,7.2,6.8,0,153,0,,,,,0,0,0,0,0.00,,,0.0,23 August 2023,
SEAT,Tarraco,Tarraco SE Technology 1.5 EcoTSI DSG-auto 150PS,A7,Automatic,1498,Petrol,Internal Combustion Engine (ICE),150,110,0,,,,Euro 6d,False,WLTP,32.1,41.5,46.3,38.7,40.4,0,8.8,6.8,6.1,7.3,7,0,158,0,,,,,0,0,0,0,0.00,,,0.0,23 August 2023,
SEAT,Tarraco,Tarraco SE Technology 2.0 TDI 150PS,M6,Manual,1968,Diesel,Internal Combustion Engine (ICE),150,110,0,,,,Euro 6d,False,WLTP,42.2,54.3,60.1,48.7,51.4,0,6.7,5.2,4.7,5.8,5.5,0,144,0,,,,,0,0,0,0,0.00,,,0.0,23 August 2023,
SEAT,Tarraco,Tarraco SE Technology 2.0 TDI DSG- auto 150PS,A7,Automatic,1968,Diesel,Internal Combustion Engine (ICE),150,110,0,,,,Euro 6d,False,WLTP,38.7,52.3,60.1,50.4,51.4,0,7.3,5.4,4.7,5.6,5.5,0,144,0,,,,,0,0,0,0,0.00,,,0.0,23 August 2023,
SEAT,Tarraco,Tarraco FR 1.5 EcoTSI DSG-auto 150PS,A7,Automatic,1498,Petrol,Internal Combustion Engine (ICE),150,110,0,,,,Euro 6d,False,WLTP,31.7,40.4,45.6,38.2,39.8,0,8.9,7,6.2,7.4,7.1,0,161,0,,,,,0,0,0,0,0.00,,,0.0,23 August 2023,
SEAT,Tarraco,Tarraco FR 2.0 TDI DSG- auto 150PS,A7,Automatic,1968,Diesel,Internal Combustion Engine (ICE),150,110,0,,,,Euro 6d,False,WLTP,38.7,52.3,58.9,49.6,50.4,0,7.3,5.4,4.8,5.7,5.6,0,146,0,,,,,0,0,0,0,0.00,,,0.0,23 August 2023,
SEAT,Tarraco,Tarraco FR Sport 1.5 EcoTSI DSG-auto 150PS,A7,Automatic,1498,Petrol,Internal Combustion Engine (ICE),150,110,0,,,,Euro 6d,False,WLTP,31.7,40.4,44.8,38.2,39.2,0,8.9,7,6.3,7.4,7.2,0,162,0,,,,,0,0,0,0,0.00,,,0.0,23 August 2023,
SEAT,Tarraco,Tarraco FR Sport 2.0 TDI DSG- auto 150PS,A7,Automatic,1968,Diesel,Internal Combustion Engine (ICE),150,110,0,,,,Euro 6d,False,WLTP,38.2,51.4,58.9,49.6,50.4,0,7.4,5.5,4.8,5.7,5.6,0,147,0,,,,,0,0,0,0,0.00,,,0.0,23 August 2023,
SEAT,Tarraco,Tarraco XPERIENCE 1.5 EcoTSI DSG-auto 150PS,A7,Automatic,1498,Petrol,Internal Combustion Engine (ICE),150,110,0,,,,Euro 6d,False,WLTP,31.4,39.8,44.1,37.2,38.7,0,9,7.1,6.4,7.6,7.3,0,165,0,,,,,0,0,0,0,0.00,,,0.0,23 August 2023,
SEAT,Tarraco,Tarraco XPERIENCE 2.0 TDI DSG- auto 150PS,A7,Automatic,1968,Diesel,Internal Combustion Engine (ICE),150,110,0,,,,Euro 6d,False,WLTP,37.7,51.4,57.6,47.9,49.6,0,7.5,5.5,4.9,5.9,5.7,0,150,0,,,,,0,0,0,0,0.00,,,0.0,23 August 2023,
SEAT,Tarraco,Tarraco XPERIENCE Lux 1.5 EcoTSI DSG-auto 150PS,A7,Automatic,1498,Petrol,Internal Combustion Engine (ICE),150,110,0,,,,Euro 6d,False,WLTP,31.7,40.4,44.8,38.2,39.2,0,8.9,7,6.3,7.4,7.2,0,162,0,,,,,0,0,0,0,0.00,,,0.0,23 August 2023,
SEAT,Tarraco,Tarraco XPERIENCE Lux 2.0 TDI DSG- auto 150PS,A7,Automatic,1968,Diesel,Internal Combustion Engine (ICE),150,110,0,,,,Euro 6d,False,WLTP,38.2,51.4,58.9,48.7,50.4,0,7.4,5.5,4.8,5.8,5.6,0,147,0,,,,,0,0,0,0,0.00,,,0.0,23 August 2023,
SEAT,Tarraco,Tarraco SE 1.5 EcoTSI 150PS,M6,Manual,1498,Petrol,Internal Combustion Engine (ICE),150,110,0,,,,Euro 6d,False,WLTP,34.4,43.5,47.9,39.8,42.2,0,8.2,6.5,5.9,7.1,6.7,0,152,0,,,,,0,0,0,0,0.00,,,0.0,23 August 2023,
SEAT,Tarraco,Tarraco SE 1.5 EcoTSI DSG-auto 150PS,A7,Automatic,1498,Petrol,Internal Combustion Engine (ICE),150,110,0,,,,Euro 6d,False,WLTP,32.5,41.5,47.1,39.2,40.4,0,8.7,6.8,6,7.2,7,0,157,0,,,,,0,0,0,0,0.00,,,0.0,23 August 2023,
SEAT,Tarraco,Tarraco SE 2.0 TDI 150PS,M6,Manual,1968,Diesel,Internal Combustion Engine (ICE),150,110,0,,,,Euro 6d,False,WLTP,42.2,54.3,60.1,48.7,52.3,0,6.7,5.2,4.7,5.8,5.4,0,142,0,,,,,0,0,0,0,0.00,,,0.0,23 August 2023,
SEAT,Tarraco,Tarraco SE 2.0 TDI DSG- auto 150PS,A7,Automatic,1968,Diesel,Internal Combustion Engine (ICE),150,110,0,,,,Euro 6d,False,WLTP,39.2,53.3,60.1,50.4,51.4,0,7.2,5.3,4.7,5.6,5.5,0,143,0,,,,,0,0,0,0,0.00,,,0.0,23 August 2023,
SEAT,CUPRA Born,CUPRA Born V1 58 kWh 204PS,N/A,Electric - Not Applicable,0,Electricity,Battery Electric Vehicle (BEV) / Pure Electric Vehicle / Electric Vehicle (EV),204,150,4,153,427,265,Euro 6-WLTP (for BEVs only),False,WLTP,0,0,0,0,0,0,0,0,0,0,0,0,0,0,0,,362,583,,,,,,,,0.0,06 September 2023,
SEAT,CUPRA Born,CUPRA Born V2 58 kWh 204PS,N/A,Electric - Not Applicable,0,Electricity,Battery Electric Vehicle (BEV) / Pure Electric Vehicle / Electric Vehicle (EV),204,150,4,155,427,265,Euro 6-WLTP (for BEVs only),False,WLTP,0,0,0,0,0,0,0,0,0,0,0,0,0,0,0,,359,578,,,,,,,,0.0,06 September 2023,
SEAT,CUPRA Born,CUPRA Born V2 58 kWh 230PS e-Boost,N/A,Electric - Not Applicable,0,Electricity,Battery Electric Vehicle (BEV) / Pure Electric Vehicle / Electric Vehicle (EV),230,169,4,155,422,262,Euro 6-WLTP (for BEVs only),False,WLTP,0,0,0,0,0,0,0,0,0,0,0,0,0,0,0,,350,563,,,,,,,,0.0,06 September 2023,
SEAT,CUPRA Born,CUPRA Born V2 77 kWh 230PS e-Boost,N/A,Electric - Not Applicable,0,Electricity,Battery Electric Vehicle (BEV) / Pure Electric Vehicle / Electric Vehicle (EV),230,169,3.9,158,552,343,Euro 6-WLTP (for BEVs only),False,WLTP,0,0,0,0,0,0,0,0,0,0,0,0,0,0,0,,471,758,,,,,,,,0.0,06 September 2023,
SEAT,CUPRA Born,CUPRA Born V3 58 kWh 204PS,N/A,Electric - Not Applicable,0,Electricity,Battery Electric Vehicle (BEV) / Pure Electric Vehicle / Electric Vehicle (EV),204,150,3.9,159,427,265,Euro 6-WLTP (for BEVs only),False,WLTP,0,0,0,0,0,0,0,0,0,0,0,0,0,0,0,,354,569,,,,,,,,0.0,06 September 2023,
SEAT,CUPRA Born,CUPRA Born V3 58 kWh 230PS e-Boost,N/A,Electric - Not Applicable,0,Electricity,Battery Electric Vehicle (BEV) / Pure Electric Vehicle / Electric Vehicle (EV),230,169,3.8,160,422,262,Euro 6-WLTP (for BEVs only),False,WLTP,0,0,0,0,0,0,0,0,0,0,0,0,0,0,0,,344,554,,,,,,,,0.0,06 September 2023,
SEAT,CUPRA Born,CUPRA Born V3 77 kWh 230PS e-Boost,N/A,Electric - Not Applicable,0,Electricity,Battery Electric Vehicle (BEV) / Pure Electric Vehicle / Electric Vehicle (EV),230,169,3.8,161,552,343,Euro 6-WLTP (for BEVs only),False,WLTP,0,0,0,0,0,0,0,0,0,0,0,0,0,0,0,,465,749,,,,,,,,0.0,06 September 2023,
Smart UK Automotive Ltd,smart #1,BRABUS,N/A,Electric - Not Applicable,0,Electricity,Battery Electric Vehicle (BEV) / Pure Electric Vehicle / Electric Vehicle (EV),428,315,3.4,182,400,249,Euro 6-WLTP (for BEVs only),False,WLTP,0,0,0,0,0,0,0,0,0,0,0,0,0,0,0,,331,532,,,,,,,,66.0,14 July 2025,
Smart UK Automotive Ltd,smart #1,Launch Edition,N/A,Electric - Not Applicable,0,Electricity,Battery Electric Vehicle (BEV) / Pure Electric Vehicle / Electric Vehicle (EV),272,200,3.7,168,440,273,Euro 6-WLTP (for BEVs only),False,WLTP,0,0,0,0,0,0,0,0,0,0,0,0,0,0,0,,400,643,,,,,,,,66.0,14 July 2025,
Smart UK Automotive Ltd,smart #1,Premium,N/A,Electric - Not Applicable,0,Electricity,Battery Electric Vehicle (BEV) / Pure Electric Vehicle / Electric Vehicle (EV),272,200,3.7,168,440,273,Euro 6-WLTP (for BEVs only),False,WLTP,0,0,0,0,0,0,0,0,0,0,0,0,0,0,0,,400,643,,,,,,,,66.0,14 July 2025,
Smart UK Automotive Ltd,smart #1,Pro,N/A,Electric - Not Applicable,0,Electricity,Battery Electric Vehicle (BEV) / Pure Electric Vehicle / Electric Vehicle (EV),272,200,3.4,181,310,193,Euro 6-WLTP (for BEVs only),False,WLTP,0,0,0,0,0,0,0,0,0,0,0,0,0,0,0,,265,427,,,,,,,,66.0,14 July 2025,
Smart UK Automotive Ltd,smart #1,Pro+,N/A,Electric - Not Applicable,0,Electricity,Battery Electric Vehicle (BEV) / Pure Electric Vehicle / Electric Vehicle (EV),272,200,3.6,174,420,261,Euro 6-WLTP (for BEVs only),False,WLTP,0,0,0,0,0,0,0,0,0,0,0,0,0,0,0,,363,584,,,,,,,,66.0,14 July 2025,
Smart UK Automotive Ltd,smart #1,Pure,N/A,Electric - Not Applicable,0,Electricity,Battery Electric Vehicle (BEV) / Pure Electric Vehicle / Electric Vehicle (EV),272,200,3.4,181,310,193,Euro 6-WLTP (for BEVs only),False,WLTP,0,0,0,0,0,0,0,0,0,0,0,0,0,0,0,,265,427,,,,,,,,66.0,14 July 2025,
Smart UK Automotive Ltd,smart #3,25th Anniversary Edition,N/A,Electric - Not Applicable,0,Electricity,Battery Electric Vehicle (BEV) / Pure Electric Vehicle / Electric Vehicle (EV),272,200,3.8,163,455,283,Euro 6-WLTP (for BEVs only),False,WLTP,0,0,0,0,0,0,0,0,0,0,0,0,0,0,0,,382,615,,,,,,,,65.0,14 July 2025,
Smart UK Automotive Ltd,smart #3,BRABUS,N/A,Electric - Not Applicable,0,Electricity,Battery Electric Vehicle (BEV) / Pure Electric Vehicle / Electric Vehicle (EV),428,315,3.5,176,415,258,Euro 6-WLTP (for BEVs only),False,WLTP,0,0,0,0,0,0,0,0,0,0,0,0,0,0,0,,342,551,,,,,,,,65.0,14 July 2025,
Smart UK Automotive Ltd,smart #3,Premium,N/A,Electric - Not Applicable,0,Electricity,Battery Electric Vehicle (BEV) / Pure Electric Vehicle / Electric Vehicle (EV),272,200,3.8,163,455,283,Euro 6-WLTP (for BEVs only),False,WLTP,0,0,0,0,0,0,0,0,0,0,0,0,0,0,0,,382,615,,,,,,,,65.0,14 July 2025,
Smart UK Automotive Ltd,smart #3,Pro,N/A,Electric - Not Applicable,0,Electricity,Battery Electric Vehicle (BEV) / Pure Electric Vehicle / Electric Vehicle (EV),272,200,3.6,172,325,202,Euro 6-WLTP (for BEVs only),False,WLTP,0,0,0,0,0,0,0,0,0,0,0,0,0,0,0,,277,445,,,,,,,,65.0,14 July 2025,
Smart UK Automotive Ltd,smart #3,Pro+,N/A,Electric - Not Applicable,0,Electricity,Battery Electric Vehicle (BEV) / Pure Electric Vehicle / Electric Vehicle (EV),272,200,3.7,168,435,270,Euro 6-WLTP (for BEVs only),False,WLTP,0,0,0,0,0,0,0,0,0,0,0,0,0,0,0,,371,597,,,,,,,,65.0,14 July 2025,
Smart UK Automotive Ltd,smart #5,BRABUS,N/A,Electric - Not Applicable,0,Electricity,Battery Electric Vehicle (BEV) / Pure Electric Vehicle / Electric Vehicle (EV),646,475,3.1,199,540,336,Euro 6-WLTP (for BEVs only),False,WLTP,0,0,0,0,0,0,0,0,0,0,0,0,0,0,0,,441,709,,,,,,,,70.0,14 July 2025,
Smart UK Automotive Ltd,smart #5,Premium,N/A,Electric - Not Applicable,0,Electricity,Battery Electric Vehicle (BEV) / Pure Electric Vehicle / Electric Vehicle (EV),363,267,3.4,184,590,367,Euro 6-WLTP (for BEVs only),False,WLTP,0,0,0,0,0,0,0,0,0,0,0,0,0,0,0,,483,778,,,,,,,,68.0,14 July 2025,
Smart UK Automotive Ltd,smart #5,Pro,N/A,Electric - Not Applicable,0,Electricity,Battery Electric Vehicle (BEV) / Pure Electric Vehicle / Electric Vehicle (EV),340,250,3.4,185,465,289,Euro 6-WLTP (for BEVs only),False,WLTP,0,0,0,0,0,0,0,0,0,0,0,0,0,0,0,,407,655,,,,,,,,67.0,14 July 2025,
Smart UK Automotive Ltd,smart #5,Pro+,N/A,Electric - Not Applicable,0,Electricity,Battery Electric Vehicle (BEV) / Pure Electric Vehicle / Electric Vehicle (EV),363,267,3.4,184,590,367,Euro 6-WLTP (for BEVs only),False,WLTP,0,0,0,0,0,0,0,0,0,0,0,0,0,0,0,,483,778,,,,,,,,68.0,14 July 2025,
Smart UK Automotive Ltd,smart #5,Pulse,N/A,Electric - Not Applicable,0,Electricity,Battery Electric Vehicle (BEV) / Pure Electric Vehicle / Electric Vehicle (EV),588,432,3.1,199,540,336,Euro 6-WLTP (for BEVs only),False,WLTP,0,0,0,0,0,0,0,0,0,0,0,0,0,0,0,,436,701,,,,,,,,69.0,14 July 2025,
Smart UK Automotive Ltd,smart #5,Summit Edition,N/A,Electric - Not Applicable,0,Electricity,Battery Electric Vehicle (BEV) / Pure Electric Vehicle / Electric Vehicle (EV),588,432,3.1,199,540,336,Euro 6-WLTP (for BEVs only),False,WLTP,0,0,0,0,0,0,0,0,0,0,0,0,0,0,0,,436,701,,,,,,,,69.0,14 July 2025,
SUBARU,Crosstrek,Touring,CVT,Automatic,1995,Petrol Electric,Hybrid Electric Vehicle (HEV),136,100,0,,,,Euro 6d,False,WLTP,35.1,38.2,42.2,32.9,36.7,0,8,7.4,6.7,8.6,7.7,0,174,,,,,,97,10,8,18,,60,60,67.0,11 September 2023,
SUBARU,Crosstrek,Limited,CVT,Automatic,1995,Petrol Electric,Hybrid Electric Vehicle (HEV),136,100,0,,,,Euro 6d,False,WLTP,35.1,38.2,42.2,32.9,36.7,0,8,7.4,6.7,8.6,7.7,0,174,,,,,,97,10,8,18,,60,60,67.0,11 September 2023,
SUBARU,Forester 25MY,Touring,CVT,Automatic,1995,Petrol Electric,Mild Hybrid Electric Vehicle (MHEV),136,100,0,,,,Euro 6d,False,WLTP,34,36.2,40.4,31,34.9,,8.3,7.8,7,9.1,8.1,,183,,,,,,167,11,10,21,,60,60,68.0,10 October 2024,
SUBARU,Forester 25MY,Field,CVT,Automatic,1995,Petrol Electric,Mild Hybrid Electric Vehicle (MHEV),136,100,0,,,,Euro 6d,False,WLTP,34,36.2,40.4,31,34.9,0,8.3,7.8,7,9.1,8.1,0,183,,,,,,167,11,10,21,,60,60,68.0,18 November 2024,
SUBARU,Forester 25MY,Limited,CVT,Automatic,1995,Petrol Electric,Mild Hybrid Electric Vehicle (MHEV),136,100,0,,,,Euro 6d,False,WLTP,34,36.2,40.4,31,34.9,0,8.3,7.8,7,9.1,8.1,0,183,,,,,,167,11,10,21,,60,60,68.0,18 November 2024,
SUBARU,Solterra 23MY,Limited,N/A,Electric - Not Applicable,0,Electricity,Battery Electric Vehicle (BEV) / Pure Electric Vehicle / Electric Vehicle (EV),218,160,3.8,161,465,289,Euro 6-WLTP (for BEVs only),False,WLTP,0,0,0,0,0,0,0,0,0,0,0,0,0,,0,,378,608,0,,,,,,,64.0,08 December 2023,
SUBARU,Solterra 23MY,Touring,N/A,Electric - Not Applicable,0,Electricity,Battery Electric Vehicle (BEV) / Pure Electric Vehicle / Electric Vehicle (EV),218,160,3.4,180,414,257,Euro 6-WLTP (for BEVs only),False,WLTP,0,0,0,0,0,0,0,0,0,0,0,0,0,,0,,339,545,0,,,,,,,64.0,16 October 2023,
SUBARU,Solterra 24MY,Touring,N/A,Electric - Not Applicable,0,Electricity,Battery Electric Vehicle (BEV) / Pure Electric Vehicle / Electric Vehicle (EV),218,160,3.4,180,415,258,Euro 6-WLTP (for BEVs only),False,WLTP,0,0,0,0,0,0,0,0,0,0,0,0,0,,0,,335,539,0,,,,,,,64.0,27 March 2024,
SUBARU,Outback 21MY,Field,CVT,Automatic,2498,Petrol,Internal Combustion Engine (ICE),168,124,0,,,,Euro 6d,False,WLTP,23.1,34.9,39.7,32.6,33,0,12.2,8.1,7.1,8.7,8.6,0,193,0,,,,,271,12,8,20,,60,60,67.0,31 March 2022,
SUBARU,Outback 21MY,Limited,CVT,Automatic,2498,Petrol,Internal Combustion Engine (ICE),168,124,0,,,,Euro 6d,False,WLTP,23.1,34.9,39.7,32.5,33,0,12.2,8.1,7.1,8.7,8.6,0,193,0,,,,,271,12,8,20,,60,60,67.0,31 March 2022,
SUBARU,Outback 21MY,Touring,CVT,Automatic,2498,Petrol,Internal Combustion Engine (ICE),168,124,0,,,,Euro 6d,False,WLTP,23.1,34.9,39.7,32.1,33,0,12.2,8.1,7.1,8.7,8.6,0,193,0,,,,,271,12,8,20,,60,60,67.0,31 March 2022,
SUZUKI,Across,ACROSS 2.5 PHEV SZ5 ALLGRIP CVT,CVT,Automatic,2487,Electricity / Petrol,Plug-in Hybrid Electric Vehicle (PHEV),185,136,3.7,166,75,,Euro 6d,False,WLTP,36.6,53.1,49.7,36.8,42.9,282.4,7.7,5.4,5.7,7.7,6.6,1,149,22,47,75,,98,126,13,4,,,60,60,64.0,25 September 2025,
SUZUKI,S-Cross,S-CROSS 1.4 Mild Hybrid Motion,M6,Manual,1373,Petrol Electric,Mild Hybrid Electric Vehicle (MHEV),129,95,,,,,Euro 6 EA,False,WLTP,47.3,58.8,60.7,47.8,52.3,0,6,4.8,4.7,5.9,5.4,0,121,0,,,,,441,40,17,,,60,60,66.0,25 September 2025,
SUZUKI,S-Cross,S-CROSS 1.4 Mild Hybrid Ultra,M6,Manual,1373,Petrol Electric,Mild Hybrid Electric Vehicle (MHEV),129,95,,,,,Euro 6 EA,False,WLTP,46.3,58.8,61.4,47.8,52.3,0,6.1,4.8,4.6,5.9,5.4,0,122,0,,,,,441,40,17,,,60,60,66.0,25 September 2025,
SUZUKI,S-Cross,S-CROSS 1.4 Mild Hybrid Ultra ALLGRIP,M6,Manual,1373,Petrol Electric,Mild Hybrid Electric Vehicle (MHEV),129,95,,,,,Euro 6 EA,False,WLTP,43.4,53.2,57.6,45.5,49.5,0,6.5,5.3,4.9,6.2,5.7,0,131,0,,,,,362,43,22,,,60,60,66.0,25 September 2025,
SUZUKI,S-Cross,S-CROSS 1.5 S1 HEV Motion AGS,A6,Automatic,1462,Petrol Electric,Hybrid Electric Vehicle (HEV),115,85,,,,,Euro 6 EA,False,WLTP,56.4,61.4,62.7,46.3,55.3,0,5,4.6,4.5,6.1,5.1,0,116,0,,,,,350,40,4,,,60,60,67.0,25 September 2025,
SUZUKI,S-Cross,S-CROSS 1.5 S1 HEV Ultra AGS,A6,Automatic,1462,Petrol Electric,Hybrid Electric Vehicle (HEV),115,85,,,,,Euro 6 EA,False,WLTP,56.4,61.4,62.7,46.3,55.3,0,5,4.6,4.5,6.1,5.1,0,116,0,,,,,350,40,4,,,60,60,67.0,25 September 2025,
SUZUKI,S-Cross,S-CROSS 1.5 S1 HEV Ultra ALLGRIP AGS,A6,Automatic,1462,Petrol Electric,Hybrid Electric Vehicle (HEV),115,85,,,,,Euro 6 EA,False,WLTP,49.5,53.2,56.4,42.1,48.7,0,5.7,5.3,5,6.7,5.8,0,130,0,,,,,357,37,4,,,60,60,67.0,25 September 2025,
SUZUKI,Swift,Swift 1.2 Mild Hybrid Motion,M5,Manual,1197,Petrol Electric,Mild Hybrid Electric Vehicle (MHEV),82,61,,,,,Euro 6 EA,False,WLTP,61.4,70.6,74.3,56.4,64.2,0,4.6,4,3.8,5,4.4,0,99,0,,,,,193,28,16,,,60,60,65.0,25 September 2025,
SUZUKI,Swift,Swift 1.2 Mild Hybrid Motion CVT,CVT,Automatic,1197,Petrol Electric,Mild Hybrid Electric Vehicle (MHEV),82,61,,,,,Euro 6 EA,False,WLTP,56.4,67.2,70.6,52.3,60.1,0,5,4.2,4,5.4,4.7,0,106,0,,,,,184,23,10,,,60,60,65.0,25 September 2025,
SUZUKI,Swift,Swift 1.2 Mild Hybrid Ultra,M5,Manual,1197,Petrol Electric,Mild Hybrid Electric Vehicle (MHEV),82,61,,,,,Euro 6 EA,False,WLTP,61.4,70.6,74.3,56.4,64.2,0,4.6,4,3.8,5,4.4,0,99,0,,,,,193,28,16,,,60,60,65.0,25 September 2025,
SUZUKI,Swift,Swift 1.2 Mild Hybrid Ultra CVT,CVT,Automatic,1197,Petrol Electric,Mild Hybrid Electric Vehicle (MHEV),82,61,,,,,Euro 6 EA,False,WLTP,55.3,67.2,70.6,52.3,60.1,0,5.1,4.2,4,5.4,4.7,0,106,0,,,,,184,23,10,,,60,60,65.0,25 September 2025,
SUZUKI,Swift,Swift 1.2 Mild Hybrid Ultra ALLGRIP,M5,Manual,1197,Petrol Electric,Mild Hybrid Electric Vehicle (MHEV),82,61,,,,,Euro 6 EA,False,WLTP,55.3,62.7,65.6,51.3,57.6,0,5.1,4.5,4.3,5.5,4.9,0,110,0,,,,,201,24,25,,,60,60,66.0,25 September 2025,
SUZUKI,e-Vitara,e Vitara 49kWh Motion,A1,Electric - Not Applicable,0,Electricity,Battery Electric Vehicle (BEV) / Pure Electric Vehicle / Electric Vehicle (EV),144,106,4.2,149,344,214,Euro 6-WLTP (for BEVs only),False,WLTP,0,0,0,0,0,0,0,0,0,0,0,0,0,0,0,,300,482,,,,,,,,63.0,26 September 2025,
SUZUKI,e-Vitara,e Vitara 61kWh Motion,A1,Electric - Not Applicable,0,Electricity,Battery Electric Vehicle (BEV) / Pure Electric Vehicle / Electric Vehicle (EV),174,128,4.1,151,426,265,Euro 6-WLTP (for BEVs only),False,WLTP,0,0,0,0,0,0,0,0,0,0,0,0,0,0,0,,361,581,,,,,,,,64.0,26 September 2025,
SUZUKI,e-Vitara,e Vitara 61kWh Ultra,A1,Electric - Not Applicable,0,Electricity,Battery Electric Vehicle (BEV) / Pure Electric Vehicle / Electric Vehicle (EV),174,128,4.1,151,426,265,Euro 6-WLTP (for BEVs only),False,WLTP,0,0,0,0,0,0,0,0,0,0,0,0,0,0,0,,361,581,,,,,,,,64.0,26 September 2025,
SUZUKI,e-Vitara,e Vitara 61kWh Motion ALLGRIP-e,A1,Electric - Not Applicable,0,Electricity,Battery Electric Vehicle (BEV) / Pure Electric Vehicle / Electric Vehicle (EV),184,135,3.7,166,395,245,Euro 6-WLTP (for BEVs only),False,WLTP,0,0,0,0,0,0,0,0,0,0,0,0,0,0,0,,327,526,,,,,,,,64.0,26 September 2025,
SUZUKI,e-Vitara,e Vitara 61kWh Ultra ALLGRIP-e,A1,Electric - Not Applicable,0,Electricity,Battery Electric Vehicle (BEV) / Pure Electric Vehicle / Electric Vehicle (EV),184,135,3.7,166,395,245,Euro 6-WLTP (for BEVs only),False,WLTP,0,0,0,0,0,0,0,0,0,0,0,0,0,0,0,,327,526,,,,,,,,64.0,26 September 2025,
SUZUKI,Vitara,Vitara 1.4 Boosterjet Mild Hybrid Motion,M5,Manual,1373,Petrol Electric,Mild Hybrid Electric Vehicle (MHEV),129,95,,,,,Euro 6 EA,False,WLTP,47.8,61.4,64.2,50.4,53.2,0,5.9,4.6,4.4,5.6,5.3,0,119,0,,,,,441,40,17,,,60,60,66.0,25 September 2025,
SUZUKI,Vitara,Vitara 1.4 Boosterjet Mild Hybrid Ultra,M5,Manual,1373,Petrol Electric,Mild Hybrid Electric Vehicle (MHEV),129,95,,,,,Euro 6 EA,False,WLTP,47,60.1,62.7,49.5,53.2,0,6,4.7,4.5,5.7,5.3,0,120,0,,,,,441,40,17,,,60,60,66.0,25 September 2025,
SUZUKI,Vitara,Vitara 1.4 Boosterjet Mild Hybrid Ultra ALLGRIP,M5,Manual,1373,Petrol Electric,Mild Hybrid Electric Vehicle (MHEV),129,95,,,,,Euro 6 EA,False,WLTP,44.8,55.3,60.1,48.7,52.3,0,6.3,5.1,4.7,5.8,5.4,0,128,0,,,,,362,43,22,,,60,60,66.0,25 September 2025,
SUZUKI,Vitara,Vitara 1.5 Full Hybrid Motion AGS,A6,Automatic,1462,Petrol Electric,Hybrid Electric Vehicle (HEV),115,85,,,,,Euro 6 EA,False,WLTP,57.6,62.7,64.2,47.8,56.4,0,4.9,4.5,4.4,5.9,5,0,113,0,,,,,350,40,4,,,60,60,68.0,25 September 2025,
SUZUKI,Vitara,Vitara 1.5 Full Hybrid Ultra AGS,A6,Automatic,1462,Petrol Electric,Hybrid Electric Vehicle (HEV),115,85,,,,,Euro 6 EA,False,WLTP,57.6,62.7,64.2,47,56.4,0,4.9,4.5,4.4,6,5,0,114,0,,,,,350,40,4,,,60,60,68.0,25 September 2025,
SUZUKI,Vitara,Vitara 1.5 Full Hybrid Ultra ALLGRIP AGS,A6,Automatic,1462,Petrol Electric,Hybrid Electric Vehicle (HEV),115,85,,,,,Euro 6 EA,False,WLTP,50.4,54.3,57.6,43.4,50.4,0,5.6,5.2,4.9,6.5,5.6,0,127,0,,,,,357,37,4,,,60,60,68.0,25 September 2025,
TESLA,Model 3,RWD (H6LR),N/A,Electric - Not Applicable,0,Electricity,Battery Electric Vehicle (BEV) / Pure Electric Vehicle / Electric Vehicle (EV),283,208,4.7,132,513,319,Euro 6-WLTP (for BEVs only),False,WLTP,0,0,0,0,0,0,0,0,0,0,0,0,0,0,0,,405,652,0,0,0,0,0.00,0,0,65.0,14 October 2024,
TESLA,Model 3,RWD Long Range (H5LRB),N/A,Electric - Not Applicable,0,Electricity,Battery Electric Vehicle (BEV) / Pure Electric Vehicle / Electric Vehicle (EV),283,208,4.9,125,640,398,Euro 6-WLTP (for BEVs only),False,WLTP,0,0,0,0,0,0,0,0,0,0,0,0,0,0,0,,521,839,0,0,0,0,0.00,0,0,65.0,14 October 2024,
TESLA,Model 3,RWD Long Range (H5LRB),N/A,Electric - Not Applicable,0,Electricity,Battery Electric Vehicle (BEV) / Pure Electric Vehicle / Electric Vehicle (EV),283,208,4.5,136,702,436,Euro 6-WLTP (for BEVs only),False,WLTP,0,0,0,0,0,0,0,0,0,0,0,0,0,0,0,,556,894,0,0,0,0,0.00,0,0,65.0,14 October 2024,
TESLA,Model 3,Long Range (H5LDB),N/A,Electric - Not Applicable,0,Electricity,Battery Electric Vehicle (BEV) / Pure Electric Vehicle / Electric Vehicle (EV),320,235,4.9,125,640,398,Euro 6-WLTP (for BEVs only),False,WLTP,0,0,0,0,0,0,0,0,0,0,0,0,0,0,0,,521,839,0,0,0,0,0.00,0,0,65.0,14 October 2024,
TESLA,Model 3,Long Range (H5LDB),N/A,Electric - Not Applicable,0,Electricity,Battery Electric Vehicle (BEV) / Pure Electric Vehicle / Electric Vehicle (EV),320,235,4.5,136,702,436,Euro 6-WLTP (for BEVs only),False,WLTP,0,0,0,0,0,0,0,0,0,0,0,0,0,0,0,,556,894,0,0,0,0,0.00,0,0,65.0,14 October 2024,
TESLA,Model 3,Long Range (H5LDP),N/A,Electric - Not Applicable,0,Electricity,Battery Electric Vehicle (BEV) / Pure Electric Vehicle / Electric Vehicle (EV),498,366,4.4,140,629,391,Euro 6-WLTP (for BEVs only),False,WLTP,0,0,0,0,0,0,0,0,0,0,0,0,0,0,0,,475,765,0,0,0,0,0.00,0,0,66.0,14 October 2024,
TESLA,Model 3,Performance (H5LDP),N/A,Electric - Not Applicable,0,Electricity,Battery Electric Vehicle (BEV) / Pure Electric Vehicle / Electric Vehicle (EV),627,461,3.7,165,528,328,Euro 6-WLTP (for BEVs only),False,WLTP,0,0,0,0,0,0,0,0,0,0,0,0,0,0,0,,400,644,0,0,0,0,0.00,0,0,68.0,14 October 2024,
TESLA,Model S,(Sb1D),N/A,Electric - Not Applicable,0,Electricity,Battery Electric Vehicle (BEV) / Pure Electric Vehicle / Electric Vehicle (EV),685,504,3.5,175,634,394,Euro 6-WLTP (for BEVs only),False,WLTP,0,0,0,0,0,0,0,0,0,0,0,0,0,0,0,,472,760,0,0,0,0,0.00,0,0,72.0,14 October 2024,
TESLA,Model S,Plaid (Sb1T),N/A,Electric - Not Applicable,0,Electricity,Battery Electric Vehicle (BEV) / Pure Electric Vehicle / Electric Vehicle (EV),1267,932,3.3,187,600,373,Euro 6-WLTP (for BEVs only),False,WLTP,0,0,0,0,0,0,0,0,0,0,0,0,0,0,0,,444,715,0,0,0,0,0.00,0,0,72.0,14 October 2024,
TESLA,Model X,Plaid (Xb1T),N/A,Electric - Not Applicable,0,Electricity,Battery Electric Vehicle (BEV) / Pure Electric Vehicle / Electric Vehicle (EV),1267,932,2.9,208,543,337,Euro 6-WLTP (for BEVs only),False,WLTP,0,0,0,0,0,0,0,0,0,0,0,0,0,0,0,,403,648,0,0,0,0,0.00,0,0,70.0,14 October 2024,
TESLA,Model X,(Xb1D),N/A,Electric - Not Applicable,0,Electricity,Battery Electric Vehicle (BEV) / Pure Electric Vehicle / Electric Vehicle (EV),685,504,3.2,191,576,358,Euro 6-WLTP (for BEVs only),False,WLTP,0,0,0,0,0,0,0,0,0,0,0,0,0,0,0,,439,707,0,0,0,0,0.00,0,0,70.0,14 October 2024,
TESLA,Model Y,RWD (Y6LRBF),N/A,Electric - Not Applicable,0,Electricity,Battery Electric Vehicle (BEV) / Pure Electric Vehicle / Electric Vehicle (EV),299,220,3.9,157,430,267,Euro 6-WLTP (for BEVs only),False,WLTP,0,0,0,0,0,0,0,0,0,0,0,0,0,0,0,,347,559,0,0,0,0,0.00,0,0,70.0,23 October 2024,
TESLA,Model Y,RWD (Y6LRBF),N/A,Electric - Not Applicable,0,Electricity,Battery Electric Vehicle (BEV) / Pure Electric Vehicle / Electric Vehicle (EV),299,220,3.9,157,455,283,Euro 6-WLTP (for BEVs only),False,WLTP,0,0,0,0,0,0,0,0,0,0,0,0,0,0,0,,401,646,0,0,0,0,0.00,0,0,70.0,23 October 2024,
TESLA,Model Y,RWD (Y6LRBK),N/A,Electric - Not Applicable,0,Electricity,Battery Electric Vehicle (BEV) / Pure Electric Vehicle / Electric Vehicle (EV),299,220,3.9,157,430,267,Euro 6-WLTP (for BEVs only),False,WLTP,0,0,0,0,0,0,0,0,0,0,0,0,0,0,0,,345,556,0,0,0,0,0.00,0,0,68.0,23 October 2024,
TESLA,Model Y,RWD (Y6LRBK),N/A,Electric - Not Applicable,0,Electricity,Battery Electric Vehicle (BEV) / Pure Electric Vehicle / Electric Vehicle (EV),299,220,4.2,148,455,283,Euro 6-WLTP (for BEVs only),False,WLTP,0,0,0,0,0,0,0,0,0,0,0,0,0,0,0,,367,590,0,0,0,0,0.00,0,0,68.0,23 October 2024,
TESLA,Model Y,RWD Long Range (Y5LRBF),N/A,Electric - Not Applicable,0,Electricity,Battery Electric Vehicle (BEV) / Pure Electric Vehicle / Electric Vehicle (EV),299,220,4,155,565,351,Euro 6-WLTP (for BEVs only),False,WLTP,0,0,0,0,0,0,0,0,0,0,0,0,0,0,0,,447,720,0,0,0,0,0.00,0,0,68.0,23 October 2024,
TESLA,Model Y,RWD Long Range (Y5LRBF),N/A,Electric - Not Applicable,0,Electricity,Battery Electric Vehicle (BEV) / Pure Electric Vehicle / Electric Vehicle (EV),299,220,4.1,149,600,373,Euro 6-WLTP (for BEVs only),False,WLTP,0,0,0,0,0,0,0,0,0,0,0,0,0,0,0,,451,726,0,0,0,0,0.00,0,0,68.0,23 October 2024,
TESLA,Model Y,RWD Long Range (Y5LRBJ),N/A,Electric - Not Applicable,0,Electricity,Battery Electric Vehicle (BEV) / Pure Electric Vehicle / Electric Vehicle (EV),347,255,4,155,565,351,Euro 6-WLTP (for BEVs only),False,WLTP,0,0,0,0,0,0,0,0,0,0,0,0,0,0,0,,447,720,0,0,0,0,0.00,0,0,68.0,23 October 2024,
TESLA,Model Y,RWD Long Range (Y5LRBJ),N/A,Electric - Not Applicable,0,Electricity,Battery Electric Vehicle (BEV) / Pure Electric Vehicle / Electric Vehicle (EV),347,255,4.1,149,600,373,Euro 6-WLTP (for BEVs only),False,WLTP,0,0,0,0,0,0,0,0,0,0,0,0,0,0,0,,451,726,0,0,0,0,0.00,0,0,68.0,23 October 2024,
TESLA,Model Y,RWD Long Range (Y5LRBK),N/A,Electric - Not Applicable,0,Electricity,Battery Electric Vehicle (BEV) / Pure Electric Vehicle / Electric Vehicle (EV),299,220,4,155,565,351,Euro 6-WLTP (for BEVs only),False,WLTP,0,0,0,0,0,0,0,0,0,0,0,0,0,0,0,,447,720,0,0,0,0,0.00,0,0,68.0,23 October 2024,
TESLA,Model Y,RWD Long Range (Y5LRBK),N/A,Electric - Not Applicable,0,Electricity,Battery Electric Vehicle (BEV) / Pure Electric Vehicle / Electric Vehicle (EV),299,220,4.1,149,600,373,Euro 6-WLTP (for BEVs only),False,WLTP,0,0,0,0,0,0,0,0,0,0,0,0,0,0,0,,451,726,0,0,0,0,0.00,0,0,68.0,23 October 2024,
TESLA,Model Y,RWD Long Range (Y5LRBL),N/A,Electric - Not Applicable,0,Electricity,Battery Electric Vehicle (BEV) / Pure Electric Vehicle / Electric Vehicle (EV),347,255,4,155,565,351,Euro 6-WLTP (for BEVs only),False,WLTP,0,0,0,0,0,0,0,0,0,0,0,0,0,0,0,,447,720,0,0,0,0,0.00,0,0,68.0,23 October 2024,
TESLA,Model Y,RWD Long Range (Y5LRBL),N/A,Electric - Not Applicable,0,Electricity,Battery Electric Vehicle (BEV) / Pure Electric Vehicle / Electric Vehicle (EV),347,255,4.1,149,600,373,Euro 6-WLTP (for BEVs only),False,WLTP,0,0,0,0,0,0,0,0,0,0,0,0,0,0,0,,451,726,0,0,0,0,0.00,0,0,68.0,23 October 2024,
TESLA,Model Y,Long Range (Y5LDBF),N/A,Electric - Not Applicable,0,Electricity,Battery Electric Vehicle (BEV) / Pure Electric Vehicle / Electric Vehicle (EV),514,378,3.6,169,533,331,Euro 6-WLTP (for BEVs only),False,WLTP,0,0,0,0,0,0,0,0,0,0,0,0,0,0,0,,408,656,0,0,0,0,0.00,0,0,68.0,23 October 2024,
TESLA,Model Y,Long Range (Y5LDBH),N/A,Electric - Not Applicable,0,Electricity,Battery Electric Vehicle (BEV) / Pure Electric Vehicle / Electric Vehicle (EV),514,378,3.6,169,533,331,Euro 6-WLTP (for BEVs only),False,WLTP,0,0,0,0,0,0,0,0,0,0,0,0,0,0,0,,406,654,0,0,0,0,0.00,0,0,69.0,23 October 2024,
TESLA,Model Y,Long Range (Y5LDBK),N/A,Electric - Not Applicable,0,Electricity,Battery Electric Vehicle (BEV) / Pure Electric Vehicle / Electric Vehicle (EV),514,378,3.6,169,533,331,Euro 6-WLTP (for BEVs only),False,WLTP,0,0,0,0,0,0,0,0,0,0,0,0,0,0,0,,404,650,0,0,0,0,0.00,0,0,69.0,23 October 2024,
TESLA,Model Y,Long Range 7-seater (Y5LDBF),N/A,Electric - Not Applicable,0,Electricity,Battery Electric Vehicle (BEV) / Pure Electric Vehicle / Electric Vehicle (EV),514,378,3.6,169,533,331,Euro 6-WLTP (for BEVs only),False,WLTP,0,0,0,0,0,0,0,0,0,0,0,0,0,0,0,,407,655,0,0,0,0,0.00,0,0,68.0,23 October 2024,
TESLA,Model Y,Performance (Y5LDPG),N/A,Electric - Not Applicable,0,Electricity,Battery Electric Vehicle (BEV) / Pure Electric Vehicle / Electric Vehicle (EV),514,393,3.5,173,514,319,Euro 6-WLTP (for BEVs only),False,WLTP,0,0,0,0,0,0,0,0,0,0,0,0,0,0,0,,377,607,0,0,0,0,0.00,0,0,68.0,23 October 2024,
TESLA,Model Y,Performance (Y5LDPJ),N/A,Electric - Not Applicable,0,Electricity,Battery Electric Vehicle (BEV) / Pure Electric Vehicle / Electric Vehicle (EV),514,393,3.5,173,514,319,Euro 6-WLTP (for BEVs only),False,WLTP,0,0,0,0,0,0,0,0,0,0,0,0,0,0,0,,395,635,0,0,0,0,0.00,0,0,69.0,23 October 2024,
TOYOTA,Aygo X,Edge A Canvas  Roof,A5,Automatic,998,Petrol,Internal Combustion Engine (ICE),72,53,,,,,Euro 6d,False,WLTP,50.4,62.8,67.3,49.6,56.5,0,5.6,4.5,4.2,5.7,5,0,113,0,,,,,337,30,10,,,,,69.0,12 September 2025,
TOYOTA,Aygo X,"Edge A Canvas Roof, Parking Pack",A5,Automatic,998,Petrol,Internal Combustion Engine (ICE),72,53,,,,,Euro 6d,False,WLTP,50.4,62.8,67.3,49.6,56.5,0,5.6,4.5,4.2,5.7,5,0,113,0,,,,,337,30,10,,,,,69.0,12 September 2025,
TOYOTA,Aygo X,Edge A Parking pack,A5,Automatic,998,Petrol,Internal Combustion Engine (ICE),72,53,,,,,Euro 6d,False,WLTP,50.4,62.8,67.3,48.7,56.5,0,5.6,4.5,4.2,5.8,5,0,113,0,,,,,337,30,10,,,,,69.0,12 September 2025,
TOYOTA,Aygo X,Edge Automatic,A5,Automatic,998,Petrol,Internal Combustion Engine (ICE),72,53,,,,,Euro 6d,False,WLTP,50.4,62.8,67.3,48.7,56.5,0,5.6,4.5,4.2,5.8,5,0,113,0,,,,,337,30,10,,,,,69.0,12 September 2025,
TOYOTA,Aygo X,Edge M Canvas  Roof,M5,Manual,998,Petrol,Internal Combustion Engine (ICE),72,53,,,,,Euro 6d,False,WLTP,52.3,64.2,67.3,52.3,58.9,0,5.4,4.4,4.2,5.4,4.8,0,110,0,,,,,246,22,17,,,,,67.0,12 September 2025,
TOYOTA,Aygo X,"Edge M Canvas Roof, Parking Pack",M5,Manual,998,Petrol,Internal Combustion Engine (ICE),72,53,,,,,Euro 6d,False,WLTP,52.3,64.2,67.3,52.3,58.9,0,5.4,4.4,4.2,5.4,4.8,0,110,0,,,,,246,22,17,,,,,67.0,12 September 2025,
TOYOTA,Aygo X,Edge M Parking pack,M5,Manual,998,Petrol,Internal Combustion Engine (ICE),72,53,,,,,Euro 6d,False,WLTP,52.3,64.2,67.3,51.4,58.9,0,5.4,4.4,4.2,5.5,4.8,0,110,0,,,,,246,22,17,,,,,67.0,12 September 2025,
TOYOTA,Aygo X,Edge Manual,M5,Manual,998,Petrol,Internal Combustion Engine (ICE),72,53,,,,,Euro 6d,False,WLTP,52.3,64.2,67.3,51.4,58.9,0,5.4,4.4,4.2,5.5,4.8,0,110,0,,,,,246,22,17,,,,,67.0,12 September 2025,
TOYOTA,Aygo X,Exclusive Auto,A5,Automatic,998,Petrol,Internal Combustion Engine (ICE),72,53,,,,,Euro 6d,False,WLTP,50.4,62.8,67.3,49.6,56.5,0,5.7,4.5,4.2,5.7,5,0,113,0,,,,,337,30,10,,,,,69.0,12 September 2025,
TOYOTA,Aygo X,Exclusive Auto Canvas Roof,A5,Automatic,998,Petrol,Internal Combustion Engine (ICE),72,53,,,,,Euro 6d,False,WLTP,50.4,62.8,67.3,49.6,56.5,0,5.7,4.5,4.2,5.7,5,0,113,0,,,,,337,30,10,,,,,69.0,12 September 2025,
TOYOTA,Aygo X,"Exclusive Auto Canvas Roof, JBL",A5,Automatic,998,Petrol,Internal Combustion Engine (ICE),72,53,,,,,Euro 6d,False,WLTP,50.4,62.8,67.3,49.6,56.5,0,5.7,4.5,4.2,5.7,5,0,113,0,,,,,337,30,10,,,,,69.0,12 September 2025,
TOYOTA,Aygo X,Exclusive Auto JBL,A5,Automatic,998,Petrol,Internal Combustion Engine (ICE),72,53,,,,,Euro 6d,False,WLTP,49.6,62.8,67.3,49.6,56.5,0,5.7,4.5,4.2,5.7,5,0,113,0,,,,,337,30,10,,,,,69.0,12 September 2025,
TOYOTA,Aygo X,Exclusive Man  Canvas Roof,M5,Manual,998,Petrol,Internal Combustion Engine (ICE),72,53,,,,,Euro 6d,False,WLTP,52.3,64.2,67.3,51.4,56.5,0,5.4,4.4,4.2,5.5,4.9,0,110,0,,,,,246,22,17,,,,,67.0,12 September 2025,
TOYOTA,Aygo X,Exclusive Manual,M5,Manual,998,Petrol,Internal Combustion Engine (ICE),72,53,,,,,Euro 6d,False,WLTP,52.3,64.2,67.3,51.4,56.5,0,5.4,4.4,4.2,5.5,4.9,0,110,0,,,,,246,22,17,,,,,67.0,12 September 2025,
TOYOTA,Aygo X,Exclusive Manual  JBL,M5,Manual,998,Petrol,Internal Combustion Engine (ICE),72,53,,,,,Euro 6d,False,WLTP,52.3,64.2,67.3,51.4,56.5,0,5.4,4.4,4.2,5.5,4.9,0,110,0,,,,,246,22,17,,,,,67.0,12 September 2025,
TOYOTA,Aygo X,"Exclusive Manual Canvas Roof, JBL",M5,Manual,998,Petrol,Internal Combustion Engine (ICE),72,53,,,,,Euro 6d,False,WLTP,52.3,64.2,67.3,52.3,56.5,0,5.4,4.4,4.2,5.5,4.9,0,110,0,,,,,246,22,17,,,,,67.0,12 September 2025,
TOYOTA,Aygo X,JBL Special Edition Auto,A5,Automatic,998,Petrol,Internal Combustion Engine (ICE),72,53,,,,,Euro 6d,False,WLTP,49.6,62.8,67.3,48.7,56.5,0,5.7,4.5,4.2,5.8,5,0,114,0,,,,,337,30,10,,,,,69.0,12 September 2025,
TOYOTA,Aygo X,JBL Special Edition Manual,M5,Manual,998,Petrol,Internal Combustion Engine (ICE),72,53,,,,,Euro 6d,False,WLTP,52.3,64.2,67.3,51.4,57.7,0,5.4,4.4,4.2,5.5,4.9,0,110,0,,,,,246,22,17,,,,,67.0,12 September 2025,
TOYOTA,Aygo X,Pure Automatic,A5,Automatic,998,Petrol,Internal Combustion Engine (ICE),72,53,,,,,Euro 6d,False,WLTP,50.4,62.8,67.3,49.6,56.5,0,5.6,4.5,4.2,5.7,5,0,113,0,,,,,337,30,10,,,,,69.0,12 September 2025,
TOYOTA,Aygo X,Pure Manual,M5,Manual,998,Petrol,Internal Combustion Engine (ICE),72,53,,,,,Euro 6d,False,WLTP,52.3,64.2,67.3,52.3,58.9,0,5.4,4.4,4.2,5.4,4.8,0,109,0,,,,,246,22,17,,,,,67.0,12 September 2025,
TOYOTA,BZ4X,Motion  11KW OBC FWD Pan Roof,N/A,Electric - Not Applicable,0,Electricity,Battery Electric Vehicle (BEV) / Pure Electric Vehicle / Electric Vehicle (EV),204,150,4.2,148,500,311,Euro 6-WLTP (for BEVs only),False,WLTP,0,0,0,0,0,0,0,0,0,0,0,0,0,0,0,,414,666,0,,,,,,,64.0,20 January 2025,
TOYOTA,BZ4X,Motion AWD  11KW OBC,N/A,Electric - Not Applicable,0,Electricity,Battery Electric Vehicle (BEV) / Pure Electric Vehicle / Electric Vehicle (EV),217,160,3.8,162,461,286,Euro 6-WLTP (for BEVs only),False,WLTP,0,0,0,0,0,0,0,0,0,0,0,0,0,0,0,,376,605,0,,,,,,,64.0,20 January 2025,
TOYOTA,BZ4X,Motion AWD 11KW OBC Pan Roof,N/A,Electric - Not Applicable,0,Electricity,Battery Electric Vehicle (BEV) / Pure Electric Vehicle / Electric Vehicle (EV),217,160,3.8,163,458,285,Euro 6-WLTP (for BEVs only),False,WLTP,0,0,0,0,0,0,0,0,0,0,0,0,0,0,0,,372,598,0,,,,,,,64.0,20 January 2025,
TOYOTA,BZ4X,Motion FWD 11KW OBC,N/A,Electric - Not Applicable,0,Electricity,Battery Electric Vehicle (BEV) / Pure Electric Vehicle / Electric Vehicle (EV),204,150,4.2,147,504,313,Euro 6-WLTP (for BEVs only),False,WLTP,0,0,0,0,0,0,0,0,0,0,0,0,0,0,0,,420,676,0,,,,,,,64.0,20 January 2025,
TOYOTA,BZ4X,Pure FWD 11KW OBC,N/A,Electric - Not Applicable,0,Electricity,Battery Electric Vehicle (BEV) / Pure Electric Vehicle / Electric Vehicle (EV),204,150,4.3,144,512,318,Euro 6-WLTP (for BEVs only),False,WLTP,0,0,0,0,0,0,0,0,0,0,0,0,0,0,0,,425,684,0,,,,,,,64.0,20 January 2025,
TOYOTA,BZ4X,Vision FWD 11KW OBC,N/A,Electric - Not Applicable,0,Electricity,Battery Electric Vehicle (BEV) / Pure Electric Vehicle / Electric Vehicle (EV),204,150,3.7,165,448,278,Euro 6-WLTP (for BEVs only),False,WLTP,0,0,0,0,0,0,0,0,0,0,0,0,0,0,0,,376,605,0,,,,,,,64.0,20 January 2025,
TOYOTA,BZ4X,Vision FWD 11KW OBC + Pan Roof,N/A,Electric - Not Applicable,0,Electricity,Battery Electric Vehicle (BEV) / Pure Electric Vehicle / Electric Vehicle (EV),204,150,3.7,166,444,276,Euro 6-WLTP (for BEVs only),False,WLTP,0,0,0,0,0,0,0,0,0,0,0,0,0,0,0,,370,595,0,,,,,,,64.0,20 January 2025,
TOYOTA,C-HR Hybrid - MY25 ,Design 1.8 FWD Hybrid,Automatic,Automatic,1798,Petrol Electric,Hybrid Electric Vehicle (HEV),142,103,,,,,Euro 6 EA,False,WLTP,72.4,76.4,67.3,45.6,58.8,0,3.9,3.7,4.2,6.2,4.8,0,108,0,,,,,98,18,3,,,,,67.0,12 September 2025,
TOYOTA,C-HR Hybrid - MY25 ,Excel 1.8 FWD Hybrid,Automatic,Automatic,1798,Petrol Electric,Hybrid Electric Vehicle (HEV),142,103,,,,,Euro 6 EA,False,WLTP,70.6,74.3,65.7,44.8,57.6,0,4,3.8,4.3,6.3,4.9,0,110,0,,,,,98,18,3,,,,,67.0,12 September 2025,
TOYOTA,C-HR Hybrid - MY25 ,GR SPORT 2.0 FWD Hybrid,Automatic,Automatic,1987,Petrol Electric,Hybrid Electric Vehicle (HEV),199,145,,,,,Euro 6 EA,False,WLTP,70.6,76.3,65.7,44.1,57.6,0,4,3.7,4.3,6.4,4.9,0,110,,,,,,241,13,2,,,,,67.0,22 May 2025,
TOYOTA,C-HR Hybrid - MY25 ,Icon 1.8 FWD Hybrid,Automatic,Automatic,1798,Petrol Electric,Hybrid Electric Vehicle (HEV),142,103,,,,,Euro 6 EA,False,WLTP,74.3,78.5,68.9,46.3,60.1,0,3.8,3.6,4.1,6.1,4.7,0,105,0,,,,,98,18,3,,,,,67.0,12 September 2025,
TOYOTA,C-HR Hybrid - MY25 ,Orange Edition 1.8 FWD Hybrid,Automatic,Automatic,1798,Petrol Electric,Hybrid Electric Vehicle (HEV),142,103,,,,,Euro 6 EA,False,WLTP,70.6,74.3,67.3,44.8,58.9,0,4,3.8,4.2,6.3,4.8,0,109,0,,,,,98,18,3,,,,,67.0,16 April 2025,
TOYOTA,C-HR Plug-in ,Design 2.0 FWD Plug-in MY25,E-CVT,Automatic,1987,Electricity / Petrol,Plug-in Hybrid Electric Vehicle (PHEV),223,164,4.1,151,,,Euro 6 EA,False,WLTP,0,0,0,0,0,353.1,0,0,0,0,0,0.8,19,19,42,67,,100,166,13,6,,,,,67.0,12 September 2025,
TOYOTA,C-HR Plug-in ,"Design 2.0 FWD Plug-in, Bi-tone MY25",E-CVT,Automatic,1987,Electricity / Petrol,Plug-in Hybrid Electric Vehicle (PHEV),223,164,4.1,151,,,Euro 6 EA,False,WLTP,0,0,0,0,0,353.1,0,0,0,0,0,0.8,19,19,42,67,,100,166,13,6,,,,,67.0,12 September 2025,
TOYOTA,C-HR Plug-in ,"Design 2.0 FWD Plug-in, Pan Roof MY25",E-CVT,Automatic,1987,Electricity / Petrol,Plug-in Hybrid Electric Vehicle (PHEV),223,164,4.1,152,,,Euro 6 EA,False,WLTP,0,0,0,0,0,353.1,0,0,0,0,0,0.8,19,19,42,67,,99,166,13,6,,,,,67.0,12 September 2025,
TOYOTA,C-HR Plug-in ,"Excel  2.0 FWD Plug-in, Tech Pack MY24",E-CVT,Automatic,1987,Electricity / Petrol,Plug-in Hybrid Electric Vehicle (PHEV),223,164,4.1,152,,,Euro 6 EA,False,WLTP,0,0,0,0,0,313.9,0,0,0,0,0,0.9,19,19,41,66,,98,166,13,6,,,,,67.0,12 September 2025,
TOYOTA,C-HR Plug-in ,Excel 2.0 FWD Plug-in MY25,E-CVT,Automatic,1987,Electricity / Petrol,Plug-in Hybrid Electric Vehicle (PHEV),223,164,4.1,152,,,Euro 6 EA,False,WLTP,0,0,0,0,0,313.9,0,0,0,0,0,0.9,19,19,41,66,,98,166,13,6,,,,,67.0,12 September 2025,
TOYOTA,C-HR Plug-in ,"Excel 2.0 FWD Plug-in, JBL MY24",E-CVT,Automatic,1987,Electricity / Petrol,Plug-in Hybrid Electric Vehicle (PHEV),223,164,4.1,153,,,Euro 6 EA,False,WLTP,0,0,0,0,0,313.9,0,0,0,0,0,0.9,19,19,41,66,,98,166,13,6,,,,,67.0,12 September 2025,
TOYOTA,C-HR Plug-in ,"Excel 2.0 FWD Plug-in, JBL, Tech Pack MY25",E-CVT,Automatic,1987,Electricity / Petrol,Plug-in Hybrid Electric Vehicle (PHEV),223,164,4.1,153,,,Euro 6 EA,False,WLTP,0,0,0,0,0,313.9,0,0,0,0,0,0.9,19,19,41,66,,98,166,13,6,,,,,67.0,12 September 2025,
TOYOTA,C-HR Plug-in ,GR Sport 2.0 FWD Plug-in MY25,E-CVT,Automatic,1987,Electricity / Petrol,Plug-in Hybrid Electric Vehicle (PHEV),223,164,4.1,153,,,Euro 6 EA,False,WLTP,0,0,0,0,0,313.9,0,0,0,0,0,0.9,19,19,41,66,,97,166,13,6,,,,,67.0,12 September 2025,
TOYOTA,C-HR Plug-in ,"GR Sport 2.0 FWD Plug-in, Premium Pack MY24",E-CVT,Automatic,1987,Electricity / Petrol,Plug-in Hybrid Electric Vehicle (PHEV),223,164,4,154,,,Euro 6 EA,False,WLTP,0,0,0,0,0,313.9,0,0,0,0,0,0.9,20,20,41,66,,97,166,13,6,,,,,67.0,12 September 2025,
TOYOTA,C-HR Plug-in ,"GR Sport 2.0 FWD Plug-in, Safety MY24",E-CVT,Automatic,1987,Electricity / Petrol,Plug-in Hybrid Electric Vehicle (PHEV),223,164,4.1,153,,,Euro 6 EA,False,WLTP,0,0,0,0,0,313.9,0,0,0,0,0,0.9,19,19,41,66,,97,166,13,6,,,,,67.0,12 September 2025,
TOYOTA,C-HR Plug-in ,"GR Sport 2.0 FWD Plug-in, Safety, Premium Pack MY25",E-CVT,Automatic,1987,Electricity / Petrol,Plug-in Hybrid Electric Vehicle (PHEV),223,164,4,154,,,Euro 6 EA,False,WLTP,0,0,0,0,0,313.9,0,0,0,0,0,0.9,20,20,41,66,,97,166,13,6,,,,,67.0,12 September 2025,
TOYOTA,C-HR Plug-in ,Orange Edition 2.0 FWD Plug-in,E-CVT,Automatic,1987,Electricity / Petrol,Plug-in Hybrid Electric Vehicle (PHEV),223,164,4.1,151,,,Euro 6 EA,False,WLTP,62.8,76.3,65.7,44.8,57.6,353,4.5,3.7,4.3,6.3,4.9,0.8,111,19,41,66,,98,248,13,4,,,,,67.0,12 September 2025,
TOYOTA,Corolla MY25,Active 1.8 TS,Automatic,Automatic,1798,Petrol Electric,Hybrid Electric Vehicle (HEV),140,103,,,,,Euro 6 EB,False,WLTP,70.6,78.5,70.6,48.7,61.4,0,4,3.6,4,5.8,4.6,0,103,0,,,,,96,15,4,,,,,70.0,12 September 2025,
TOYOTA,Corolla MY25,Design 1.8 HB,Automatic,Automatic,1798,Petrol Electric,Hybrid Electric Vehicle (HEV),140,103,,,,,Euro 6 EB,False,WLTP,72.4,78.5,68.9,47.9,61.4,0,3.9,3.6,4.1,5.9,4.6,0,104,0,,,,,96,15,4,,,,,65.0,12 September 2025,
TOYOTA,Corolla MY25,Design 1.8 TS,Automatic,Automatic,1798,Petrol Electric,Hybrid Electric Vehicle (HEV),140,103,,,,,Euro 6 EB,False,WLTP,68.9,76.4,67.3,47.1,60.1,0,4.1,3.7,4.2,6,4.7,0,106,0,,,,,96,15,4,,,,,70.0,12 September 2025,
TOYOTA,Corolla MY25,Design 2.0 HB,Automatic,Automatic,1987,Petrol Electric,Hybrid Electric Vehicle (HEV),196,144,,,,,Euro 6 EB,False,WLTP,74.3,78.5,67.3,47.1,60.1,0,3.8,3.6,4.2,6,4.7,0,105,0,,,,,208,17,2,,,,,65.0,12 September 2025,
TOYOTA,Corolla MY25,Design 2.0 TS,Automatic,Automatic,1987,Petrol Electric,Hybrid Electric Vehicle (HEV),196,144,,,,,Euro 6 EB,False,WLTP,70.6,76.4,65.7,47.1,60.1,0,4,3.7,4.3,6,4.7,0,107,0,,,,,208,14,5,,,,,69.0,12 September 2025,
TOYOTA,Corolla MY25,Excel 1.8 HB,Automatic,Automatic,1798,Petrol Electric,Hybrid Electric Vehicle (HEV),140,103,,,,,Euro 6 EB,False,WLTP,72.4,78.5,68.9,46.3,60.1,0,3.9,3.6,4.1,6.1,4.7,0,106,0,,,,,96,15,4,,,,,65.0,12 September 2025,
TOYOTA,Corolla MY25,Excel 1.8 HB Bi-tone,Automatic,Automatic,1798,Petrol Electric,Hybrid Electric Vehicle (HEV),140,103,,,,,Euro 6 EB,False,WLTP,72.4,78.5,68.9,46.3,60.1,0,3.9,3.6,4.1,6.1,4.7,0,106,0,,,,,96,15,4,,,,,65.0,12 September 2025,
TOYOTA,Corolla MY25,Excel 1.8 HB Pan,Automatic,Automatic,1798,Petrol Electric,Hybrid Electric Vehicle (HEV),140,103,,,,,Euro 6 EB,False,WLTP,70.6,78.5,67.3,46.3,60.1,0,4,3.6,4.2,6.1,4.7,0,106,0,,,,,96,15,4,,,,,65.0,12 September 2025,
TOYOTA,Corolla MY25,Excel 1.8 TS,Automatic,Automatic,1798,Petrol Electric,Hybrid Electric Vehicle (HEV),140,103,,,,,Euro 6 EB,False,WLTP,68.9,76.4,67.3,47.1,60.1,0,3.9,3.6,4,5.7,4.5,0,107,0,,,,,96,15,4,,,,,70.0,12 September 2025,
TOYOTA,Corolla MY25,Excel 1.8 TS Pan,Automatic,Automatic,1798,Petrol Electric,Hybrid Electric Vehicle (HEV),140,103,,,,,Euro 6 EB,False,WLTP,68.9,74.3,67.3,47.1,58.9,0,4.1,3.8,4.2,6,4.7,0,107,0,,,,,96,15,4,,,,,70.0,12 September 2025,
TOYOTA,Corolla MY25,Excel 2.0 HB,Automatic,Automatic,1987,Petrol Electric,Hybrid Electric Vehicle (HEV),196,144,,,,,Euro 6 EB,False,WLTP,72.4,78.5,65.7,46.3,60.1,0,3.9,3.6,4.3,6.1,4.7,0,106,0,,,,,155,17,2,,,,,65.0,12 September 2025,
TOYOTA,Corolla MY25,Excel 2.0 HB Bi-tone,Automatic,Automatic,1987,Petrol Electric,Hybrid Electric Vehicle (HEV),196,144,,,,,Euro 6 EB,False,WLTP,72.4,78.5,65.7,46.3,60.1,0,3.9,3.6,4.3,6.1,4.7,0,106,0,,,,,155,17,5,,,,,65.0,12 September 2025,
TOYOTA,Corolla MY25,Excel 2.0 HB Pan,Automatic,Automatic,1987,Petrol Electric,Hybrid Electric Vehicle (HEV),196,144,,,,,Euro 6 EB,False,WLTP,72.4,78.5,65.7,46.3,60.1,0,3.9,3.6,4.3,6.1,4.7,0,107,0,,,,,155,17,5,,,,,65.0,12 September 2025,
TOYOTA,Corolla MY25,Excel 2.0 TS,Automatic,Automatic,1987,Petrol Electric,Hybrid Electric Vehicle (HEV),196,144,,,,,Euro 6 EB,False,WLTP,70.6,76.4,65.7,46.3,58.9,0,4,3.7,4.3,6.1,4.8,0,108,0,,,,,155,17,5,,,,,69.0,12 September 2025,
TOYOTA,Corolla MY25,Excel 2.0 TS Pan,Automatic,Automatic,1987,Petrol Electric,Hybrid Electric Vehicle (HEV),196,144,,,,,Euro 6 EB,False,WLTP,70.6,74.3,65.7,46.3,58.9,0,4,3.8,4.3,6.1,4.8,0,108,0,,,,,208,17,5,,,,,69.0,12 September 2025,
TOYOTA,Corolla MY25,GR SPORT 1.8 HB,Automatic,Automatic,1798,Petrol Electric,Hybrid Electric Vehicle (HEV),140,103,,,,,Euro 6 EB,False,WLTP,72.4,78.5,68.9,47.1,60.1,0,3.9,3.6,4.1,6,4.7,0,105,0,,,,,96,15,4,,,,,65.0,12 September 2025,
TOYOTA,Corolla MY25,GR SPORT 1.8 TS,Automatic,Automatic,1798,Petrol Electric,Hybrid Electric Vehicle (HEV),140,103,,,,,Euro 6 EB,False,WLTP,68.9,76.4,67.3,47.1,60.1,0,4.1,3.7,4.2,6,4.7,0,107,0,,,,,96,15,4,,,,,70.0,12 September 2025,
TOYOTA,Corolla MY25,GR SPORT 2.0 HB,Automatic,Automatic,1987,Petrol Electric,Hybrid Electric Vehicle (HEV),196,144,,,,,Euro 6 EB,False,WLTP,74.3,80.7,65.7,47.1,60.1,0,3.8,3.5,4.3,6,4.7,0,106,0,,,,,155,17,5,,,,,65.0,12 September 2025,
TOYOTA,Corolla MY25,GR SPORT 2.0 TS,Automatic,Automatic,1987,Petrol Electric,Hybrid Electric Vehicle (HEV),196,144,,,,,Euro 6 EB,False,WLTP,70.6,76.4,65.7,46.3,58.9,0,4,3.7,4.3,6.1,4.8,0,107,0,,,,,208,14,2,,,,,69.0,12 September 2025,
TOYOTA,Corolla MY25,GR SPORT HB 1.8 Bi-tone,Automatic,Automatic,1798,Petrol Electric,Hybrid Electric Vehicle (HEV),140,103,,,,,Euro 6 EB,False,WLTP,72.4,78.5,68.9,47.1,60.1,0,3.9,3.6,4.1,6,4.7,0,105,0,,,,,96,15,4,,,,,65.0,12 September 2025,
TOYOTA,Corolla MY25,GR SPORT HB 2.0  Bi-tone,Automatic,Automatic,1987,Petrol Electric,Hybrid Electric Vehicle (HEV),196,144,,,,,Euro 6 EB,False,WLTP,74.3,80.7,65.7,47.1,60.1,0,3.8,3.5,4.3,6,4.7,0,106,0,,,,,208,17,2,,,,,65.0,12 September 2025,
TOYOTA,Corolla MY25,Icon 1.8 HB,Automatic,Automatic,1798,Petrol Electric,Hybrid Electric Vehicle (HEV),140,103,,,,,Euro 6 EB,False,WLTP,74.3,83.1,72.4,49.6,64.2,0,3.8,3.4,3.9,5.7,4.4,0,100,0,,,,,96,15,4,,,,,65.0,12 September 2025,
TOYOTA,Corolla MY25,Icon 1.8 TS,Automatic,Automatic,1798,Petrol Electric,Hybrid Electric Vehicle (HEV),140,103,,,,,Euro 6 EB,False,WLTP,72.4,78.5,70.6,49.6,62.8,0,3.9,3.6,4,5.7,4.5,0,101,0,,,,,96,15,4,,,,,70.0,12 September 2025,
TOYOTA,Corolla MY25,Icon 2.0 HB,Automatic,Automatic,1987,Petrol Electric,Hybrid Electric Vehicle (HEV),196,144,,,,,Euro 6 EB,False,WLTP,76.4,83.1,68.9,49.6,62.8,0,3.7,3.4,4.1,5.7,4.5,0,101,0,,,,,208,14,2,,,,,65.0,12 September 2025,
TOYOTA,Corolla MY25,Icon 2.0 TS,Automatic,Automatic,1987,Petrol Electric,Hybrid Electric Vehicle (HEV),196,144,,,,,Euro 6 EB,False,WLTP,74.3,80.7,68.9,48.7,61.4,0,3.8,3.5,4.1,5.8,4.6,0,103,0,,,,,155,14,2,,,,,69.0,12 September 2025,
TOYOTA,Corolla MY25,Icon Hilti 1.8 TS,Automatic,Automatic,1798,Petrol Electric,Hybrid Electric Vehicle (HEV),140,103,,,,,Euro 6 EB,False,WLTP,72.4,78.5,70.6,49.6,62.8,0,3.9,3.6,4,5.7,4.5,0,101,0,,,,,96,15,4,,,,,70.0,12 September 2025,
TOYOTA,GR Yaris,1.6 Turbo Circuit Auto,M6,Automatic,1618,Petrol,Internal Combustion Engine (ICE),261,192,,,,,Euro 6 EA,False,WLTP,19,30.1,34.9,32.1,29.7,0,14.9,9.4,8.1,8.8,9.5,0,215,0,,,,,302,17,12,,,,60,68.0,12 September 2025,
TOYOTA,GR Yaris,1.6 Turbo Circuit Manual,M6,Manual,1618,Petrol,Internal Combustion Engine (ICE),261,192,,,,,Euro 6 EA,False,WLTP,24.6,34,37.7,31.7,32.5,0,11.5,8.3,7.5,8.9,8.7,0,197,0,,,,,311,20,10,,,,60,68.0,12 September 2025,
TOYOTA,GR Yaris,Special Edition Ogier,M6,Manual,1618,Petrol,Internal Combustion Engine (ICE),261,192,,,,,Euro 6 EA,False,WLTP,24.6,33.6,37.7,31.4,32.5,0,11.5,8.4,7.5,9,8.7,0,197,0,,,,,311,20,10,,,,60,68.0,12 September 2025,
TOYOTA,GR Yaris,Special Edition Rovanpera,M6,Manual,1618,Petrol,Internal Combustion Engine (ICE),261,192,,,,,Euro 6 EA,False,WLTP,24.6,33.6,37.2,31.4,32.1,0,11.5,8.4,7.6,9,8.8,0,198,0,,,,,311,20,10,,,,60,68.0,12 September 2025,
TOYOTA,Land Cruiser MY25,First Edition 2.8D Auto Pan Roof,A8,Automatic,2755,Diesel,Internal Combustion Engine (ICE),203,150,,,0,,Euro 6 EA,False,WLTP,15.3,10,8.7,10.9,10.6,0,18.5,28.2,32.5,25.9,26.6,0,279,0,,0,,0,26,14,27,39,0.95,,,68.0,12 September 2025,
TOYOTA,Land Cruiser MY25,Invincible 2.8D Auto Pan Roof,A8,Automatic,2755,Diesel,Internal Combustion Engine (ICE),203,150,,,0,,Euro 6 EA,False,WLTP,15.3,10.1,8.8,10.9,10.7,0,18.5,28,32.1,25.9,26.4,0,280,0,,0,,0,26,14,27,39,0.95,,,68.0,12 September 2025,
TOYOTA,Prius Plug-in MY25,Design,E-CVT,Automatic,1987,Electricity / Petrol,Plug-in Hybrid Electric Vehicle (PHEV),223,164,4.9,128,86,53,Euro 6 EA,False,WLTP,64.2,91.1,78.5,56.5,68.9,565,4.4,3.1,3.6,5,4.1,0.5,93,12,53,86,69,111,153,14,15,,,,,70.0,12 September 2025,
TOYOTA,Prius Plug-in MY25,Excel,E-CVT,Automatic,1987,Electricity / Petrol,Plug-in Hybrid Electric Vehicle (PHEV),223,164,4.7,133,71,44,Euro 6 EA,False,WLTP,62.8,78.5,67.3,49.6,61.4,403.5,4.5,3.6,4.2,5.7,4.6,0.7,105,17,44,71,61,98,153,4,5,,,,,70.0,12 September 2025,
TOYOTA,Prius Plug-in (MY26),Design,E-CVT,Automatic,1987,Electricity / Petrol,Plug-in Hybrid Electric Vehicle (PHEV),226,164,6.3,98,84,,Euro 6 EB,False,WLTP,64.2,91.1,78.5,56.5,68.9,176.6,4.4,3.1,3.6,5,4.1,1.6,93,36,52,84,,111,153,14,4,,,,,65.0,12 September 2025,
TOYOTA,Prius Plug-in (MY26),Excel,E-CVT,Automatic,1987,Electricity / Petrol,Plug-in Hybrid Electric Vehicle (PHEV),226,164,6.5,95,71,,Euro 6 EB,False,WLTP,62.8,78.5,67.3,49.6,61.4,134.5,4.5,3.6,4.2,5.7,4.6,2.1,105,47,44,71,,98,153,15,5,,,,,65.0,12 September 2025,
TOYOTA,Proace Verso EV MY24,Design L1 75kWh,N/A,Electric - Not Applicable,0,Electricity,Battery Electric Vehicle (BEV) / Pure Electric Vehicle / Electric Vehicle (EV),136,100,2.5,245,341,212,Euro 6-WLTP (for BEVs only),False,WLTP,0,0,0,0,0,0,0,0,0,0,0,0,0,0,0,0,277,446,0,0,0,0,0.00,0,0,70.0,12 September 2025,
TOYOTA,Proace Verso EV MY24,Design Premium L2 75kWh,N/A,Electric - Not Applicable,0,Electricity,Battery Electric Vehicle (BEV) / Pure Electric Vehicle / Electric Vehicle (EV),136,100,2.5,248,337,209,Euro 6-WLTP (for BEVs only),False,WLTP,0,0,0,0,0,0,0,0,0,0,0,0,0,0,0,0,273,439,0,0,0,0,0.00,0,0,70.0,12 September 2025,
TOYOTA,Proace Verso EV MY24,Excel L2 75 kWh,N/A,Electric - Not Applicable,0,Electricity,Battery Electric Vehicle (BEV) / Pure Electric Vehicle / Electric Vehicle (EV),136,100,2.5,251,332,206,Euro 6-WLTP (for BEVs only),False,WLTP,0,0,0,0,0,0,0,0,0,0,0,0,0,0,0,0,265,426,0,0,0,0,0.00,0,0,70.0,12 September 2025,
TOYOTA,Proace Verso EV MY24,Icon L1 75kWh,N/A,Electric - Not Applicable,0,Electricity,Battery Electric Vehicle (BEV) / Pure Electric Vehicle / Electric Vehicle (EV),136,100,2.6,243,344,214,Euro 6-WLTP (for BEVs only),False,WLTP,0,0,0,0,0,0,0,0,0,0,0,0,0,0,0,0,278,448,0,0,0,0,0.00,0,0,70.0,12 September 2025,
TOYOTA,Proace Verso EV MY24,Icon L2 75kWh,N/A,Electric - Not Applicable,0,Electricity,Battery Electric Vehicle (BEV) / Pure Electric Vehicle / Electric Vehicle (EV),136,100,2.5,245,340,211,Euro 6-WLTP (for BEVs only),False,WLTP,0,0,0,0,0,0,0,0,0,0,0,0,0,0,0,0,275,443,0,0,0,0,0.00,0,0,70.0,12 September 2025,
TOYOTA,Proace City Verso EV MY24,Design L1 50kWh,N/A,Electric - Not Applicable,0,Electricity,Battery Electric Vehicle (BEV) / Pure Electric Vehicle / Electric Vehicle (EV),136,100,3.4,184,339,211,Euro 6-WLTP (for BEVs only),False,WLTP,0,0,0,0,0,0,0,0,0,0,0,0,0,0,0,0,285,458,0,0,0,0,0.00,0,0,72.0,12 September 2025,
TOYOTA,Proace City Verso EV MY24,Icon L1 50kWh,N/A,Electric - Not Applicable,0,Electricity,Battery Electric Vehicle (BEV) / Pure Electric Vehicle / Electric Vehicle (EV),136,100,3.4,182,342,213,Euro 6-WLTP (for BEVs only),False,WLTP,0,0,0,0,0,0,0,0,0,0,0,0,0,0,0,0,288,464,0,0,0,0,0.00,0,0,72.0,12 September 2025,
TOYOTA,Proace City Verso EV MY24,Icon L2 50kWh,N/A,Electric - Not Applicable,0,Electricity,Battery Electric Vehicle (BEV) / Pure Electric Vehicle / Electric Vehicle (EV),136,100,3.3,188,333,207,Euro 6-WLTP (for BEVs only),False,WLTP,0,0,0,0,0,0,0,0,0,0,0,0,0,0,0,0,277,446,0,0,0,0,0.00,0,0,72.0,12 September 2025,
TOYOTA,RAV4 PHEV MY25,Design 2.5 Plug-in Hybrid,CVT,Automatic,2487,Electricity / Petrol,Plug-in Hybrid Electric Vehicle (PHEV),306,225,3.1,199,,0,Euro 6d,False,WLTP,0,0,0,0,0,282.5,0,0,0,0,0,1,0,22,124,199,0,,126,13,4,,,,,64.0,02 October 2023,
TOYOTA,RAV4 PHEV MY25,Design AWD 2.5 PHEV,E-CVT,Automatic,2487,Electricity / Petrol,Plug-in Hybrid Electric Vehicle (PHEV),306,225,3.6,171,75,,Euro 6 EA,False,WLTP,36.7,53.3,49.6,36.7,42.8,282.5,7.7,5.3,5.7,7.7,6.6,1,149,22,47,75,,98,126,13,4,,,,,64.0,12 September 2025,
TOYOTA,RAV4 PHEV MY25,GR Sport AWD 2.5 PHEV,E-CVT,Automatic,2487,Electricity / Petrol,Plug-in Hybrid Electric Vehicle (PHEV),306,225,3.6,171,75,,Euro 6 EA,False,WLTP,36.7,53.3,49.6,36.7,42.8,282.5,7.7,5.3,5.7,7.7,6.6,1,149,22,47,75,,98,126,13,4,,,,,64.0,12 September 2025,
TOYOTA,Yaris Cross,Design 1.5 FWD (130hp),CVT,Automatic,1490,Petrol Electric,Hybrid Electric Vehicle (HEV),130,68,,,,,Euro 6d,False,WLTP,83.1,83.1,72.4,47.1,62.8,0,3.4,3.4,3.9,6,4.5,0,102,,,,,,84,11,6,,,,,70.0,12 September 2025,
TOYOTA,Yaris Cross,Design 1.5 FWD + Safety Pack (130hp),CVT,Automatic,1490,Petrol Electric,Hybrid Electric Vehicle (HEV),130,68,,,,,Euro 6d,False,WLTP,83.1,83.1,72.4,47.1,62.8,0,3.4,3.4,3.9,6,4.5,0,102,,,,,,84,11,6,,,,,70.0,12 September 2025,
TOYOTA,Yaris Cross,Design FWD 1.5 Hybrid,CVT,Automatic,1490,Petrol Electric,Hybrid Electric Vehicle (HEV),116,68,0,,,,Euro 6d,False,WLTP,88.3,83.1,72.4,46.3,62.8,0,3.2,3.4,3.9,6.1,4.5,0,102,,,,,,157,16,7,,,,,68.0,02 October 2023,
TOYOTA,Yaris Cross,Design FWD 1.5 Hybrid + Tech Pack,CVT,Automatic,1490,Petrol Electric,Hybrid Electric Vehicle (HEV),116,68,0,,,,Euro 6d,False,WLTP,88.3,83.1,72.4,45.6,62.8,0,3.2,3.4,3.9,6.2,4.5,0,102,,,,,,157,16,7,,,,,68.0,02 October 2023,
TOYOTA,Yaris Cross,Excel 1.5 AWD (130hp),CVT,Automatic,1490,Petrol Electric,Hybrid Electric Vehicle (HEV),130,68,,,,,Euro 6d,False,WLTP,68.9,70.6,62.8,42.2,55.4,0,4.1,4,4.5,6.7,5.1,0,115,,,,,,82,10,6,,,,,69.0,12 September 2025,
TOYOTA,Yaris Cross,Excel 1.5 AWD + Pan Roof (130hp),CVT,Automatic,1490,Petrol Electric,Hybrid Electric Vehicle (HEV),130,68,,,,,Euro 6d,False,WLTP,68.9,70.6,62.8,42.2,55.4,0,4.1,4,4.5,6.7,5.1,0,116,,,,,,82,10,6,,,,,69.0,12 September 2025,
TOYOTA,Yaris Cross,Excel 1.5 FWD (130hp),CVT,Automatic,1490,Petrol Electric,Hybrid Electric Vehicle (HEV),130,68,,,,,Euro 6d,False,WLTP,76.3,76.3,67.3,44.1,58.9,0,3.7,3.7,4.2,6.4,4.8,0,109,,,,,,84,11,6,,,,,70.0,12 September 2025,
TOYOTA,Yaris Cross,Excel 1.5 FWD + Pan Roof (130hp),CVT,Automatic,1490,Petrol Electric,Hybrid Electric Vehicle (HEV),130,68,,,,,Euro 6d,False,WLTP,76.3,76.3,67.3,44.1,58.9,0,3.7,3.7,4.2,6.4,4.8,0,109,,,,,,84,11,6,,,,,70.0,12 September 2025,
TOYOTA,Yaris Cross,GR Sport FWD 1.5 Hybrid,CVT,Automatic,1490,Petrol Electric,Hybrid Electric Vehicle (HEV),132,96,0,,,,Euro 6 EA,False,WLTP,76.3,78.5,67.3,44.1,58.9,0,3.7,3.6,4.2,6.4,4.8,0,109,0,,,,,84,11,6,,,,,71.0,17 July 2024,
TOYOTA,Yaris Cross,GR Sport FWD 1.5 Hybrid + Pan Roof,CVT,Automatic,1490,Petrol Electric,Hybrid Electric Vehicle (HEV),132,96,0,,,,Euro 6 EA,False,WLTP,76.3,76.3,67.3,44.1,58.9,0,3.7,3.7,4.2,6.4,4.8,0,109,0,,,,,84,11,6,,,,,71.0,17 July 2024,
TOYOTA,Yaris Cross,GR Sport FWD 1.5 Hybrid Advanced Safety,CVT,Automatic,1490,Petrol Electric,Hybrid Electric Vehicle (HEV),132,96,0,,,,Euro 6 EA,False,WLTP,76.3,76.3,67.3,44.1,58.9,0,3.7,3.7,4.2,6.4,4.8,0,109,0,,,,,84,11,6,,,,,71.0,17 July 2024,
TOYOTA,Yaris Cross,GR Sport FWD 1.5 Hybrid Advanced Safety + Pan Roof,CVT,Automatic,1490,Petrol Electric,Hybrid Electric Vehicle (HEV),132,96,0,,,,Euro 6 EA,False,WLTP,76.3,76.3,67.3,44.1,58.9,0,3.7,3.7,4.2,6.4,4.8,0,109,0,,,,,84,11,6,,,,,71.0,17 July 2024,
TOYOTA,Yaris Cross,Icon FWD 1.5 Hybrid,CVT,Automatic,1490,Petrol Electric,Hybrid Electric Vehicle (HEV),116,68,0,,,,Euro 6d,False,WLTP,91.1,85.6,72.4,46.3,64.2,0,3.1,3.3,3.9,6.1,4.4,0,100,,,,,,157,16,7,,,,,68.0,02 October 2023,
TOYOTA,Yaris Hybrid,Design 1.5,E-CVT,Automatic,1490,Petrol Electric,Hybrid Electric Vehicle (HEV),92,68,,,,,Euro 6 EA,False,WLTP,76.3,74.3,64.2,43.5,57.6,0,3.7,3.8,4.4,6.5,4.9,0,91,0,,,,,149,25,10,,,,,72.0,12 September 2025,
TOYOTA,Yaris Hybrid,Design 1.5 + Safety Pack,E-CVT,Automatic,1490,Petrol Electric,Hybrid Electric Vehicle (HEV),92,68,,,,,Euro 6 EA,False,WLTP,76.3,74.3,64.2,43.5,57.6,0,3.7,3.8,4.4,6.5,4.9,0,91,0,,,,,149,25,10,,,,,72.0,12 September 2025,
TOYOTA,Yaris Hybrid,Excel 1.5 (130hp),E-CVT,Automatic,1490,Petrol Electric,Hybrid Electric Vehicle (HEV),92,68,,,,,Euro 6 EA,False,WLTP,80.7,83.1,74.3,51.4,65.7,0,3.5,3.4,3.8,5.5,4.3,0,95,0,,,,,96,15,7,,,,,71.0,12 September 2025,
TOYOTA,Yaris Hybrid,Excel 1.5 + Pan Roof (130hp),E-CVT,Automatic,1490,Petrol Electric,Hybrid Electric Vehicle (HEV),92,68,,,,,Euro 6 EA,False,WLTP,80.7,83.1,74.3,51.4,65.7,0,3.5,3.4,3.8,5.5,4.3,0,96,0,,,,,96,15,7,,,,,71.0,12 September 2025,
TOYOTA,Yaris Hybrid,GR SPORT 1.5 (130hp),E-CVT,Automatic,1490,Petrol Electric,Hybrid Electric Vehicle (HEV),92,68,,,,,Euro 6 EA,False,WLTP,80.7,83.1,74.3,51.4,65.7,0,3.5,3.4,3.8,5.5,4.3,0,96,0,,,,,96,15,7,,,,,71.0,12 September 2025,
TOYOTA,Yaris Hybrid,GR SPORT 1.5 + Bi-tone (130hp),E-CVT,Automatic,1490,Petrol Electric,Hybrid Electric Vehicle (HEV),92,68,,,,,Euro 6 EA,False,WLTP,80.7,83.1,74.3,51.4,65.7,0,3.5,3.4,3.8,5.5,4.3,0,96,0,,,,,96,15,7,,,,,71.0,12 September 2025,
TOYOTA,Yaris Hybrid,GR SPORT 1.5 + Safety Pack (130hp),E-CVT,Automatic,1490,Petrol Electric,Hybrid Electric Vehicle (HEV),92,68,,,,,Euro 6 EA,False,WLTP,80.7,83.1,74.3,51.4,65.7,0,3.5,3.4,3.8,5.5,4.3,0,96,0,,,,,96,15,7,,,,,71.0,12 September 2025,
TOYOTA,Yaris Hybrid,GR SPORT 1.5 + Safety Pack + Bi-tone (130hp),E-CVT,Automatic,1490,Petrol Electric,Hybrid Electric Vehicle (HEV),92,68,,,,,Euro 6 EA,False,WLTP,80.7,83.1,74.3,51.4,65.7,0,3.5,3.4,3.8,5.5,4.3,0,96,0,,,,,96,15,7,,,,,71.0,12 September 2025,
TOYOTA,Yaris Hybrid,Icon 1.5,E-CVT,Automatic,1490,Petrol Electric,Hybrid Electric Vehicle (HEV),92,68,,,,,Euro 6 EA,False,WLTP,76.3,74.3,64.2,43.5,57.6,0,3.7,3.8,4.4,6.5,4.9,0,92,0,,,,,149,25,10,,,,,72.0,12 September 2025,
VAUXHALL,ASTRA,Design 1.2 110PS 6 Speed Manual (VL),M6,Manual,1199,Petrol,Internal Combustion Engine (ICE),110,81,0,,,,Euro 6 EA,False,WLTP,44.4,53.8,61.6,51.2,53.4,0,6.4,5.2,4.6,5.5,5.3,0,120,0,,,,,270,27,46,,0.91,60,60,65.0,21 October 2024,
VAUXHALL,ASTRA,Design 1.2 110PS 6 Speed Manual (VH),M6,Manual,1199,Petrol,Internal Combustion Engine (ICE),110,81,0,,,,Euro 6 EA,False,WLTP,39.3,45.8,51.5,42.3,45,0,7.2,6.2,5.5,6.7,6.3,0,142,0,,,,,270,27,46,,0.91,60,60,65.0,21 October 2024,
VAUXHALL,ASTRA,Design 1.2 130PS 6 Speed Manual (VL),M6,Manual,1199,Petrol,Internal Combustion Engine (ICE),131,96,0,,,,Euro 6 EA,False,WLTP,43.8,54,61.1,51.6,53.4,0,6.5,5.2,4.6,5.5,5.3,0,120,0,,,,,334,26,22,,0.53,60,60,65.0,21 October 2024,
VAUXHALL,ASTRA,Design 1.2 130PS 6 Speed Manual (VH),M6,Manual,1199,Petrol,Internal Combustion Engine (ICE),131,96,0,,,,Euro 6 EA,False,WLTP,38.5,44.6,49.4,41.4,43.8,0,7.3,6.3,5.7,6.8,6.5,0,146,0,,,,,334,26,22,,0.53,60,60,65.0,21 October 2024,
VAUXHALL,ASTRA,Design 1.2 130PS 8 Speed Auto (VL),A8,Automatic,1199,Petrol,Internal Combustion Engine (ICE),131,96,0,,,,Euro 6 EA,False,WLTP,40.3,50.9,60.3,51.8,51.9,0,7,5.5,4.7,5.5,5.4,0,123,0,,,,,302,22,41,,0.66,60,60,68.0,21 October 2024,
VAUXHALL,ASTRA,Design 1.2 130PS 8 Speed Auto (VH),A8,Automatic,1199,Petrol,Internal Combustion Engine (ICE),131,96,0,,,,Euro 6 EA,False,WLTP,35.5,43.4,50.4,41.7,43.3,0,8,6.5,5.6,6.8,6.5,0,147,0,,,,,302,22,41,,0.66,60,60,68.0,21 October 2024,
VAUXHALL,ASTRA,Hybrid Design 1.2 136PS e-DCT6 (VL),A6,Automatic,1199,Petrol Electric,Mild Hybrid Electric Vehicle (MHEV),136,100,0,,,,Euro 6 EA,False,WLTP,68.7,64.1,71.7,54.1,62.6,0,4.1,4.4,3.9,5.2,4.5,0,102,0,,,,,730,20,13,,0.04,60,60,68.0,21 October 2024,
VAUXHALL,ASTRA,Hybrid Design 1.2 136PS e-DCT6 (VH),A6,Automatic,1199,Petrol Electric,Mild Hybrid Electric Vehicle (MHEV),136,100,0,,,,Euro 6 EA,False,WLTP,51.5,49.2,53.6,43.6,48.5,0,5.5,5.7,5.3,6.5,5.8,0,131,0,,,,,730,20,13,,0.04,60,60,68.0,21 October 2024,
VAUXHALL,ASTRA,Electric Design 11kW 156PS Auto (VL),A1,Electric - Not Applicable,0,Electricity,Battery Electric Vehicle (BEV) / Pure Electric Vehicle / Electric Vehicle (EV),156,115,4.3,144,429,267,Euro 6-WLTP (for BEVs only),False,WLTP,0,0,0,0,0,0,0,0,0,0,0,0,0,0,0,,341,549,0,,,,,,,66.0,21 October 2024,
VAUXHALL,ASTRA,Electric Design 11kW 156PS Auto (VH),A1,Electric - Not Applicable,0,Electricity,Battery Electric Vehicle (BEV) / Pure Electric Vehicle / Electric Vehicle (EV),156,115,3.8,162,381,237,Euro 6-WLTP (for BEVs only),False,WLTP,0,0,0,0,0,0,0,0,0,0,0,0,0,0,0,,308,496,0,,,,,,,66.0,21 October 2024,
VAUXHALL,ASTRA,Griffin 1.2 130PS 6 speed manual (VL),M6,Manual,1199,Petrol,Internal Combustion Engine (ICE),131,96,0,,,,Euro 6 EA,False,WLTP,43.8,54,61.1,51.6,53.4,0,6.5,5.2,4.6,5.5,5.3,0,120,0,,,,,334,26,22,,0.53,60,60,65.0,21 October 2024,
VAUXHALL,ASTRA,Griffin 1.2 130PS 6 speed manual (VH),M6,Manual,1199,Petrol,Internal Combustion Engine (ICE),131,96,0,,,,Euro 6 EA,False,WLTP,38.5,44.6,49.4,41.4,43.8,0,7.3,6.3,5.7,6.8,6.5,0,146,0,,,,,334,26,22,,0.53,60,60,65.0,21 October 2024,
VAUXHALL,ASTRA,Electric Griffin 11kW 156PS Auto (VL),A1,Electric - Not Applicable,0,Electricity,Battery Electric Vehicle (BEV) / Pure Electric Vehicle / Electric Vehicle (EV),156,115,4.3,144,429,267,Euro 6-WLTP (for BEVs only),False,WLTP,0,0,0,0,0,0,0,0,0,0,0,0,0,0,0,,341,549,0,,,,,,,66.0,21 October 2024,
VAUXHALL,ASTRA,Electric Griffin 11kW 156PS Auto (VH),A1,Electric - Not Applicable,0,Electricity,Battery Electric Vehicle (BEV) / Pure Electric Vehicle / Electric Vehicle (EV),156,115,3.8,162,381,237,Euro 6-WLTP (for BEVs only),False,WLTP,0,0,0,0,0,0,0,0,0,0,0,0,0,0,0,,308,496,0,,,,,,,66.0,21 October 2024,
VAUXHALL,ASTRA,GS 1.2 130PS 6 Speed Manual (VL),M6,Manual,1199,Petrol,Internal Combustion Engine (ICE),131,96,0,,,,Euro 6 EA,False,WLTP,43.8,54,61.1,51.6,53.4,0,6.5,5.2,4.6,5.5,5.3,0,120,0,,,,,334,26,22,,0.53,60,60,65.0,21 October 2024,
VAUXHALL,ASTRA,GS 1.2 130PS 6 Speed Manual (VH),M6,Manual,1199,Petrol,Internal Combustion Engine (ICE),131,96,0,,,,Euro 6 EA,False,WLTP,38.5,44.6,49.4,41.4,43.8,0,7.3,6.3,5.7,6.8,6.5,0,146,0,,,,,334,26,22,,0.53,60,60,65.0,21 October 2024,
VAUXHALL,ASTRA,GS 1.2 130PS 8 Speed Auto (VL),A8,Automatic,1199,Petrol,Internal Combustion Engine (ICE),131,96,0,,,,Euro 6 EA,False,WLTP,40.3,50.9,60.3,51.8,51.9,0,7,5.5,4.7,5.5,5.4,0,123,0,,,,,302,22,41,,0.66,60,60,68.0,21 October 2024,
VAUXHALL,ASTRA,GS 1.2 130PS 8 Speed Auto (VH),A8,Automatic,1199,Petrol,Internal Combustion Engine (ICE),131,96,0,,,,Euro 6 EA,False,WLTP,35.5,43.4,50.4,41.7,43.3,0,8,6.5,5.6,6.8,6.5,0,147,0,,,,,302,22,41,,0.66,60,60,68.0,21 October 2024,
VAUXHALL,ASTRA,Hybrid GS 1.2 136PS e-DCT6 (VL),A6,Automatic,1199,Petrol Electric,Mild Hybrid Electric Vehicle (MHEV),136,100,0,,,,Euro 6 EA,False,WLTP,68.7,64.1,71.7,54.1,62.6,0,4.1,4.4,3.9,5.2,4.5,0,102,0,,,,,730,20,13,,0.04,60,60,68.0,21 October 2024,
VAUXHALL,ASTRA,Hybrid GS 1.2 136PS e-DCT6 (VH),A6,Automatic,1199,Petrol Electric,Mild Hybrid Electric Vehicle (MHEV),136,100,0,,,,Euro 6 EA,False,WLTP,51.5,49.2,53.6,43.6,48.5,0,5.5,5.7,5.3,6.5,5.8,0,131,0,,,,,730,20,13,,0.04,60,60,68.0,21 October 2024,
VAUXHALL,ASTRA,GS 1.6 180PS Plug-in Hybrid 8 Speed Auto (VL),A8,Automatic,1598,Electricity / Petrol,Plug-in Hybrid Electric Vehicle (PHEV),150,110,3.9,156,58,36,Euro 6 EA,False,WLTP,36.1,52.1,56.5,44.9,47.7,242.7,7.8,5.4,5,6.3,5.9,1.2,134,26,36,58,42,67,229,22,4,,0.42,60,60,67.0,21 October 2024,
VAUXHALL,ASTRA,GS 1.6 180PS Plug-in Hybrid 8 Speed Auto (VH),A8,Automatic,1598,Electricity / Petrol,Plug-in Hybrid Electric Vehicle (PHEV),150,110,3.6,169,56,35,Euro 6 EA,False,WLTP,33.8,49,51.4,41.1,44,199.4,8.4,5.8,5.5,6.9,6.4,1.4,145,32,35,56,39,63,229,22,4,,0.42,60,60,67.0,21 October 2024,
VAUXHALL,ASTRA,Electric GS 11kW 156PS Auto (VL),A1,Electric - Not Applicable,0,Electricity,Battery Electric Vehicle (BEV) / Pure Electric Vehicle / Electric Vehicle (EV),156,115,4.3,144,429,267,Euro 6-WLTP (for BEVs only),False,WLTP,0,0,0,0,0,0,0,0,0,0,0,0,0,0,0,,341,549,0,,,,,,,66.0,21 October 2024,
VAUXHALL,ASTRA,Electric GS 11kW 156PS Auto (VH),A1,Electric - Not Applicable,0,Electricity,Battery Electric Vehicle (BEV) / Pure Electric Vehicle / Electric Vehicle (EV),156,115,3.8,162,381,237,Euro 6-WLTP (for BEVs only),False,WLTP,0,0,0,0,0,0,0,0,0,0,0,0,0,0,0,,308,496,0,,,,,,,66.0,21 October 2024,
VAUXHALL,ASTRA,Ultimate 1.2 130PS 6 Speed Manual (VL),M6,Manual,1199,Petrol,Internal Combustion Engine (ICE),131,96,0,,,,Euro 6 EA,False,WLTP,43.8,54,61.1,51.6,53.4,0,6.5,5.2,4.6,5.5,5.3,0,120,0,,,,,334,26,22,,0.53,60,60,65.0,21 October 2024,
VAUXHALL,ASTRA,Ultimate 1.2 130PS 6 Speed Manual (VH),M6,Manual,1199,Petrol,Internal Combustion Engine (ICE),131,96,0,,,,Euro 6 EA,False,WLTP,38.5,44.6,49.4,41.4,43.8,0,7.3,6.3,5.7,6.8,6.5,0,146,0,,,,,334,26,22,,0.53,60,60,65.0,21 October 2024,
VAUXHALL,ASTRA,Ultimate 1.2 130PS 8 Speed Auto (VL),A8,Automatic,1199,Petrol,Internal Combustion Engine (ICE),131,96,0,,,,Euro 6 EA,False,WLTP,40.3,50.9,60.3,51.8,51.9,0,7,5.5,4.7,5.5,5.4,0,123,0,,,,,302,22,41,,0.66,60,60,68.0,21 October 2024,
VAUXHALL,ASTRA,Ultimate 1.2 130PS 8 Speed Auto (VH),A8,Automatic,1199,Petrol,Internal Combustion Engine (ICE),131,96,0,,,,Euro 6 EA,False,WLTP,35.5,43.4,50.4,41.7,43.3,0,8,6.5,5.6,6.8,6.5,0,147,0,,,,,302,22,41,,0.66,60,60,68.0,21 October 2024,
VAUXHALL,ASTRA,Hybrid Ultimate 1.2 136PS e-DCT6 (VL),A6,Automatic,1199,Petrol Electric,Mild Hybrid Electric Vehicle (MHEV),136,100,0,,,,Euro 6 EA,False,WLTP,68.7,64.1,71.7,54.1,62.6,0,4.1,4.4,3.9,5.2,4.5,0,102,0,,,,,730,20,13,,0.04,60,60,68.0,21 October 2024,
VAUXHALL,ASTRA,Hybrid Ultimate 1.2 136PS e-DCT6 (VH),A6,Automatic,1199,Petrol Electric,Mild Hybrid Electric Vehicle (MHEV),136,100,0,,,,Euro 6 EA,False,WLTP,51.5,49.2,53.6,43.6,48.5,0,5.5,5.7,5.3,6.5,5.8,0,131,0,,,,,730,20,13,,0.04,60,60,68.0,21 October 2024,
VAUXHALL,ASTRA,Ultimate 1.6 180PS Plug-in Hybrid 8 Speed Auto (VL),A8,Automatic,1598,Electricity / Petrol,Plug-in Hybrid Electric Vehicle (PHEV),150,110,3.9,156,58,36,Euro 6 EA,False,WLTP,36.1,52.1,56.5,44.9,47.7,242.7,7.8,5.4,5,6.3,5.9,1.2,134,26,36,58,42,67,229,22,4,,0.42,60,60,67.0,21 October 2024,
VAUXHALL,ASTRA,Ultimate 1.6 180PS Plug-in Hybrid 8 Speed Auto (VH),A8,Automatic,1598,Electricity / Petrol,Plug-in Hybrid Electric Vehicle (PHEV),150,110,3.6,169,56,35,Euro 6 EA,False,WLTP,33.8,49,51.4,41.1,44,199.4,8.4,5.8,5.5,6.9,6.4,1.4,145,32,35,56,39,63,229,22,4,,0.42,60,60,67.0,21 October 2024,
VAUXHALL,ASTRA,Electric Ultimate 11kW 156PS Auto (VL),A1,Electric - Not Applicable,0,Electricity,Battery Electric Vehicle (BEV) / Pure Electric Vehicle / Electric Vehicle (EV),156,115,4.3,144,429,267,Euro 6-WLTP (for BEVs only),False,WLTP,0,0,0,0,0,0,0,0,0,0,0,0,0,0,0,,341,549,0,,,,,,,66.0,21 October 2024,
VAUXHALL,ASTRA,Electric Ultimate 11kW 156PS Auto (VH),A1,Electric - Not Applicable,0,Electricity,Battery Electric Vehicle (BEV) / Pure Electric Vehicle / Electric Vehicle (EV),156,115,3.8,162,381,237,Euro 6-WLTP (for BEVs only),False,WLTP,0,0,0,0,0,0,0,0,0,0,0,0,0,0,0,,308,496,0,,,,,,,66.0,21 October 2024,
VAUXHALL,ASTRA,GSe 1.6 225PS Plug-in Hybrid 8 Speed Auto (VL),A8,Automatic,1598,Electricity / Petrol,Plug-in Hybrid Electric Vehicle (PHEV),179,132,3.6,169,57,35,Euro 6 EA,False,WLTP,32.7,53,55.8,47.2,47.7,242.7,8.6,5.3,5.1,6,5.9,1.2,134,26,35,57,42,67,235,12,5,,0.21,60,60,65.0,21 October 2024,
VAUXHALL,ASTRA,GSe 1.6 225PS Plug-in Hybrid 8 Speed Auto (VH),A8,Automatic,1598,Electricity / Petrol,Plug-in Hybrid Electric Vehicle (PHEV),179,132,3.4,182,56,35,Euro 6 EA,False,WLTP,30.4,50.3,50.4,43.3,44,199.4,9.3,5.6,5.6,6.5,6.4,1.4,145,32,35,56,39,62,235,12,5,,0.21,60,60,65.0,21 October 2024,
VAUXHALL,ASTRA Sports Tourer,Design 1.2 110PS 6 Sp Man (VL),M6,Manual,1199,Petrol,Internal Combustion Engine (ICE),110,81,0,,,,Euro 6 EA,False,WLTP,44.4,53.8,61.6,51.2,53.4,0,6.4,5.2,4.6,5.5,5.3,0,120,0,,,,,270,27,46,,0.91,60,60,65.0,21 October 2024,
VAUXHALL,ASTRA Sports Tourer,Design 1.2 110PS 6 Sp Man (VH),M6,Manual,1199,Petrol,Internal Combustion Engine (ICE),110,81,0,,,,Euro 6 EA,False,WLTP,39.3,45.8,51.5,42.3,45,0,7.2,6.2,5.5,6.7,6.3,0,142,0,,,,,270,27,46,,0.91,60,60,65.0,21 October 2024,
VAUXHALL,ASTRA Sports Tourer,Design 1.2 130PS 6 Sp Man (VL),M6,Manual,1199,Petrol,Internal Combustion Engine (ICE),131,96,0,,,,Euro 6 EA,False,WLTP,43.8,54,61.1,51.6,53.4,0,6.5,5.2,4.6,5.5,5.3,0,120,0,,,,,334,26,22,,0.53,60,60,65.0,21 October 2024,
VAUXHALL,ASTRA Sports Tourer,Design 1.2 130PS 6 Sp Man (VH),M6,Manual,1199,Petrol,Internal Combustion Engine (ICE),131,96,0,,,,Euro 6 EA,False,WLTP,38.5,44.6,49.4,41.4,43.8,0,7.3,6.3,5.7,6.8,6.5,0,146,0,,,,,334,26,22,,0.53,60,60,65.0,21 October 2024,
VAUXHALL,ASTRA Sports Tourer,Design 1.2 130PS 8 Sp Auto (VL),A8,Automatic,1199,Petrol,Internal Combustion Engine (ICE),131,96,0,,,,Euro 6 EA,False,WLTP,40.3,50.9,60.3,51.8,51.9,0,7,5.5,4.7,5.5,5.4,0,123,0,,,,,302,22,41,,0.66,60,60,68.0,21 October 2024,
VAUXHALL,ASTRA Sports Tourer,Design 1.2 130PS 8 Sp Auto (VH),A8,Automatic,1199,Petrol,Internal Combustion Engine (ICE),131,96,0,,,,Euro 6 EA,False,WLTP,35.5,43.4,50.4,41.7,43.3,0,8,6.5,5.6,6.8,6.5,0,147,0,,,,,302,22,41,,0.66,60,60,68.0,21 October 2024,
VAUXHALL,ASTRA Sports Tourer,Hybrid Design 1.2 136PS e-DCT6 (VL),A6,Automatic,1199,Petrol Electric,Mild Hybrid Electric Vehicle (MHEV),136,100,0,,,,Euro 6 EA,False,WLTP,68.7,64.1,71.7,54.1,62.6,0,4.1,4.4,3.9,5.2,4.5,0,102,0,,,,,730,20,13,,0.04,60,60,68.0,21 October 2024,
VAUXHALL,ASTRA Sports Tourer,Hybrid Design 1.2 136PS e-DCT6 (VH),A6,Automatic,1199,Petrol Electric,Mild Hybrid Electric Vehicle (MHEV),136,100,0,,,,Euro 6 EA,False,WLTP,51.5,49.2,53.6,43.6,48.5,0,5.5,5.7,5.3,6.5,5.8,0,131,0,,,,,730,20,13,,0.04,60,60,68.0,21 October 2024,
VAUXHALL,ASTRA Sports Tourer,Electric Design 11kW 156PS Auto (VL),A1,Electric - Not Applicable,0,Electricity,Battery Electric Vehicle (BEV) / Pure Electric Vehicle / Electric Vehicle (EV),156,115,4.3,144,429,267,Euro 6-WLTP (for BEVs only),False,WLTP,0,0,0,0,0,0,0,0,0,0,0,0,0,0,0,,341,549,0,,,,,,,66.0,21 October 2024,
VAUXHALL,ASTRA Sports Tourer,Electric Design 11kW 156PS Auto (VH),A1,Electric - Not Applicable,0,Electricity,Battery Electric Vehicle (BEV) / Pure Electric Vehicle / Electric Vehicle (EV),156,115,3.8,162,381,237,Euro 6-WLTP (for BEVs only),False,WLTP,0,0,0,0,0,0,0,0,0,0,0,0,0,0,0,,308,496,0,,,,,,,66.0,21 October 2024,
VAUXHALL,ASTRA Sports Tourer,Electric Griffin 11kW 156PS Auto (VL),A1,Electric - Not Applicable,0,Electricity,Battery Electric Vehicle (BEV) / Pure Electric Vehicle / Electric Vehicle (EV),156,115,4.3,144,429,267,Euro 6-WLTP (for BEVs only),False,WLTP,0,0,0,0,0,0,0,0,0,0,0,0,0,0,0,,341,549,0,,,,,,,66.0,21 October 2024,
VAUXHALL,ASTRA Sports Tourer,Electric Griffin 11kW 156PS Auto (VH),A1,Electric - Not Applicable,0,Electricity,Battery Electric Vehicle (BEV) / Pure Electric Vehicle / Electric Vehicle (EV),156,115,3.8,162,381,237,Euro 6-WLTP (for BEVs only),False,WLTP,0,0,0,0,0,0,0,0,0,0,0,0,0,0,0,,308,496,0,,,,,,,66.0,21 October 2024,
VAUXHALL,ASTRA Sports Tourer,GS 1.2 130PS 6 Sp Man (VL),M6,Manual,1199,Petrol,Internal Combustion Engine (ICE),131,96,0,,,,Euro 6 EA,False,WLTP,43.8,54,61.1,51.6,53.4,0,6.5,5.2,4.6,5.5,5.3,0,120,0,,,,,334,26,22,,0.53,60,60,65.0,21 October 2024,
VAUXHALL,ASTRA Sports Tourer,GS 1.2 130PS 6 Sp Man (VH),M6,Manual,1199,Petrol,Internal Combustion Engine (ICE),131,96,0,,,,Euro 6 EA,False,WLTP,38.5,44.6,49.4,41.4,43.8,0,7.3,6.3,5.7,6.8,6.5,0,146,0,,,,,334,26,22,,0.53,60,60,65.0,21 October 2024,
VAUXHALL,ASTRA Sports Tourer,GS 1.2 130PS 8 Sp Auto (VL),A8,Automatic,1199,Petrol,Internal Combustion Engine (ICE),131,96,0,,,,Euro 6 EA,False,WLTP,40.3,50.9,60.3,51.8,51.9,0,7,5.5,4.7,5.5,5.4,0,123,0,,,,,302,22,41,,0.66,60,60,68.0,21 October 2024,
VAUXHALL,ASTRA Sports Tourer,GS 1.2 130PS 8 Sp Auto (VH),A8,Automatic,1199,Petrol,Internal Combustion Engine (ICE),131,96,0,,,,Euro 6 EA,False,WLTP,35.5,43.4,50.4,41.7,43.3,0,8,6.5,5.6,6.8,6.5,0,147,0,,,,,302,22,41,,0.66,60,60,68.0,21 October 2024,
VAUXHALL,ASTRA Sports Tourer,Hybrid GS 1.2 136PS e-DCT6 (VL),A6,Automatic,1199,Petrol Electric,Mild Hybrid Electric Vehicle (MHEV),136,100,0,,,,Euro 6 EA,False,WLTP,68.7,64.1,71.7,54.1,62.6,0,4.1,4.4,3.9,5.2,4.5,0,102,0,,,,,730,20,13,,0.04,60,60,68.0,21 October 2024,
VAUXHALL,ASTRA Sports Tourer,Hybrid GS 1.2 136PS e-DCT6 (VH),A6,Automatic,1199,Petrol Electric,Mild Hybrid Electric Vehicle (MHEV),136,100,0,,,,Euro 6 EA,False,WLTP,51.5,49.2,53.6,43.6,48.5,0,5.5,5.7,5.3,6.5,5.8,0,131,0,,,,,730,20,13,,0.04,60,60,68.0,21 October 2024,
VAUXHALL,ASTRA Sports Tourer,GS 1.6 180PS Plug-in Hybrid 8 Auto (VL),A8,Automatic,1598,Electricity / Petrol,Plug-in Hybrid Electric Vehicle (PHEV),150,110,3.9,156,58,36,Euro 6 EA,False,WLTP,36.1,52.1,56.5,44.9,47.7,242.7,7.8,5.4,5,6.3,5.9,1.2,134,26,36,58,42,67,229,22,4,,0.42,60,60,67.0,21 October 2024,
VAUXHALL,ASTRA Sports Tourer,GS 1.6 180PS Plug-in Hybrid 8 Auto (VH),A8,Automatic,1598,Electricity / Petrol,Plug-in Hybrid Electric Vehicle (PHEV),150,110,3.6,169,56,35,Euro 6 EA,False,WLTP,33.8,49,51.4,41.1,44,199.4,8.4,5.8,5.5,6.9,6.4,1.4,145,32,35,56,39,63,229,22,4,,0.42,60,60,67.0,21 October 2024,
VAUXHALL,ASTRA Sports Tourer,Electric GS 11kW 156PS Auto (VL),A1,Electric - Not Applicable,0,Electricity,Battery Electric Vehicle (BEV) / Pure Electric Vehicle / Electric Vehicle (EV),156,115,4.3,144,429,267,Euro 6-WLTP (for BEVs only),False,WLTP,0,0,0,0,0,0,0,0,0,0,0,0,0,0,0,,341,549,0,,,,,,,66.0,21 October 2024,
VAUXHALL,ASTRA Sports Tourer,Ultimate 1.2 130PS 6 Speed Manual (VH),M6,Manual,1199,Petrol,Internal Combustion Engine (ICE),131,96,0,,,,Euro 6 EA,False,WLTP,38.5,44.6,49.4,41.4,43.8,0,7.3,6.3,5.7,6.8,6.5,0,146,0,,,,,334,26,22,,0.53,60,60,65.0,21 October 2024,
VAUXHALL,ASTRA Sports Tourer,Ultimate 1.2 130PS 8 Speed Auto (VL),A8,Automatic,1199,Petrol,Internal Combustion Engine (ICE),131,96,0,,,,Euro 6 EA,False,WLTP,40.3,50.9,60.3,51.8,51.9,0,7,5.5,4.7,5.5,5.4,0,123,0,,,,,302,22,41,,0.66,60,60,68.0,21 October 2024,
VAUXHALL,ASTRA Sports Tourer,Ultimate 1.2 130PS 8 Speed Auto (VH),A8,Automatic,1199,Petrol,Internal Combustion Engine (ICE),131,96,0,,,,Euro 6 EA,False,WLTP,35.5,43.4,50.4,41.7,43.3,0,8,6.5,5.6,6.8,6.5,0,147,0,,,,,302,22,41,,0.66,60,60,68.0,21 October 2024,
VAUXHALL,ASTRA Sports Tourer,Hybrid Ultimate 1.2 136PS e-DCT6 (VL),A6,Automatic,1199,Petrol Electric,Mild Hybrid Electric Vehicle (MHEV),136,100,0,,,,Euro 6 EA,False,WLTP,68.7,64.1,71.7,54.1,62.6,0,4.1,4.4,3.9,5.2,4.5,0,102,0,,,,,730,20,13,,0.04,60,60,68.0,21 October 2024,
VAUXHALL,ASTRA Sports Tourer,Hybrid Ultimate 1.2 136PS e-DCT6 (VH),A6,Automatic,1199,Petrol Electric,Mild Hybrid Electric Vehicle (MHEV),136,100,0,,,,Euro 6 EA,False,WLTP,51.5,49.2,53.6,43.6,48.5,0,5.5,5.7,5.3,6.5,5.8,0,131,0,,,,,730,20,13,,0.04,60,60,68.0,21 October 2024,
VAUXHALL,ASTRA Sports Tourer,Ultimate 1.6 180PS Plug-in Hybrid 8 Auto (VL),A8,Automatic,1598,Electricity / Petrol,Plug-in Hybrid Electric Vehicle (PHEV),150,110,3.9,156,58,36,Euro 6 EA,False,WLTP,36.1,52.1,56.5,44.9,47.7,242.7,7.8,5.4,5,6.3,5.9,1.2,134,26,36,58,42,67,229,22,4,,0.42,60,60,67.0,21 October 2024,
VAUXHALL,ASTRA Sports Tourer,Ultimate 1.6 180PS Plug-in Hybrid 8 Auto (VH),A8,Automatic,1598,Electricity / Petrol,Plug-in Hybrid Electric Vehicle (PHEV),150,110,3.6,169,56,35,Euro 6 EA,False,WLTP,33.8,49,51.4,41.1,44,199.4,8.4,5.8,5.5,6.9,6.4,1.4,145,32,35,56,39,63,229,22,4,,0.42,60,60,67.0,21 October 2024,
VAUXHALL,ASTRA Sports Tourer,Electric Ultimate 11kW 156PS Auto (VL),A1,Electric - Not Applicable,0,Electricity,Battery Electric Vehicle (BEV) / Pure Electric Vehicle / Electric Vehicle (EV),156,115,4.3,144,429,267,Euro 6-WLTP (for BEVs only),False,WLTP,0,0,0,0,0,0,0,0,0,0,0,0,0,0,0,,341,549,0,,,,,,,66.0,21 October 2024,
VAUXHALL,ASTRA Sports Tourer,Electric Ultimate 11kW 156PS Auto (VH),A1,Electric - Not Applicable,0,Electricity,Battery Electric Vehicle (BEV) / Pure Electric Vehicle / Electric Vehicle (EV),156,115,3.8,162,381,237,Euro 6-WLTP (for BEVs only),False,WLTP,0,0,0,0,0,0,0,0,0,0,0,0,0,0,0,,308,496,0,,,,,,,66.0,21 October 2024,
VAUXHALL,ASTRA Sports Tourer,GSe 1.6 225PS Plug-in Hybrid 8 Speed Auto (VL),A8,Automatic,1598,Electricity / Petrol,Plug-in Hybrid Electric Vehicle (PHEV),179,132,3.6,169,57,35,Euro 6 EA,False,WLTP,32.7,53,55.8,47.2,47.7,242.7,8.6,5.3,5.1,6,5.9,1.2,134,26,35,57,42,67,235,12,5,,,60,60,65.0,21 January 2025,
VAUXHALL,ASTRA Sports Tourer,GSe 1.6 225PS Plug-in Hybrid 8 Speed Auto (VH),A8,Automatic,1598,Electricity / Petrol,Plug-in Hybrid Electric Vehicle (PHEV),179,132,3.4,182,56,35,Euro 6 EA,False,WLTP,30.4,50.3,50.4,43.3,44,199.4,9.3,5.6,5.6,6.5,6.4,1.4,145,32,35,56,39,62,235,12,5,,,60,60,65.0,21 January 2025,
VAUXHALL,ASTRA Sports Tourer,Electric GS 11kW 156PS Auto (VH),A1,Electric - Not Applicable,0,Electricity,Battery Electric Vehicle (BEV) / Pure Electric Vehicle / Electric Vehicle (EV),156,115,3.8,162,381,237,Euro 6-WLTP (for BEVs only),False,WLTP,0,0,0,0,0,0,0,0,0,0,0,0,0,0,0,,308,496,0,,,,,,,66.0,21 October 2024,
VAUXHALL,ASTRA Sports Tourer,Ultimate 1.2 130PS 6 Speed Manual (VL),M6,Manual,1199,Petrol,Internal Combustion Engine (ICE),131,96,0,,,,Euro 6 EA,False,WLTP,43.8,54,61.1,51.6,53.4,0,6.5,5.2,4.6,5.5,5.3,0,120,0,,,,,334,26,22,,0.53,60,60,65.0,21 October 2024,
VAUXHALL,Combo Life,Ultimate Electric (136PS) auto – 50kWh battery (VL),A1,Electric - Not Applicable,0,Electricity,Battery Electric Vehicle (BEV) / Pure Electric Vehicle / Electric Vehicle (EV),136,1200,3.5,174,354,220,Euro 6-WLTP (for BEVs only),False,WLTP,0,0,0,0,0,0,0,0,0,0,0,0,0,0,0,,304,490,0,,,,,,,66.0,21 October 2024,
VAUXHALL,Combo Life,Ultimate Electric (136PS) auto – 50kWh battery (VH),A1,Electric - Not Applicable,0,Electricity,Battery Electric Vehicle (BEV) / Pure Electric Vehicle / Electric Vehicle (EV),136,1200,2.8,217,289,180,Euro 6-WLTP (for BEVs only),False,WLTP,0,0,0,0,0,0,0,0,0,0,0,0,0,0,0,,243,391,0,,,,,,,66.0,21 October 2024,
VAUXHALL,Combo Life,Design 1.5 D 130 A8 5 seat M (WAV) (VL),A8,Automatic,1499,Diesel,Internal Combustion Engine (ICE),131,96,0,,,,Euro 6 EA,True,WLTP,45.6,54.3,60.1,47.1,51.4,0,6.2,5.2,4.7,6,5.5,0,143,0,,,,,65,,68,74,0.21,80,80,69.0,21 October 2024,
VAUXHALL,Combo Life,Design 1.5 D 130 A8 5 seat M (WAV) (VH),A8,Automatic,1499,Diesel,Internal Combustion Engine (ICE),131,96,0,,,,Euro 6 EA,True,WLTP,38.7,45.6,50.4,39.8,43.5,0,7.3,6.2,5.6,7.1,6.5,0,170,0,,,,,65,,68,74,0.21,80,80,69.0,21 October 2024,
VAUXHALL,Combo Life,Design 1.5 D 100 M6 5 seat M (WAV) (VL),M6,Manual,1499,Diesel,Internal Combustion Engine (ICE),102,75,0,,,,Euro 6 EA,True,WLTP,46.3,56.5,64.2,50.4,54.3,0,6.1,5,4.4,5.6,5.2,0,135,0,,,,,67,,44,51,0.20,80,80,68.0,21 October 2024,
VAUXHALL,Combo Life,Design 1.5 D 100 M6 5 seat M (WAV) (VH),M6,Manual,1499,Diesel,Internal Combustion Engine (ICE),102,75,0,,,,Euro 6 EA,True,WLTP,40.4,48.7,54.3,41.5,46.3,0,7,5.8,5.2,6.8,6.1,0,160,0,,,,,67,,44,51,0.20,80,80,68.0,21 October 2024,
VAUXHALL,Combo Life,Design Electric (136PS) auto – 50kWh battery (VL),A1,Electric - Not Applicable,0,Electricity,Battery Electric Vehicle (BEV) / Pure Electric Vehicle / Electric Vehicle (EV),136,1200,3.5,174,354,220,Euro 6-WLTP (for BEVs only),False,WLTP,0,0,0,0,0,0,0,0,0,0,0,0,0,0,0,,304,490,0,,,,,,,66.0,21 October 2024,
VAUXHALL,Combo Life,Design Electric (136PS) auto – 50kWh battery (VH),A1,Electric - Not Applicable,0,Electricity,Battery Electric Vehicle (BEV) / Pure Electric Vehicle / Electric Vehicle (EV),136,1200,2.8,217,289,180,Euro 6-WLTP (for BEVs only),False,WLTP,0,0,0,0,0,0,0,0,0,0,0,0,0,0,0,,243,391,0,,,,,,,66.0,21 October 2024,
VAUXHALL,Combo Life,XL Ultimate Electric (136PS) auto – 50kWh battery (5 Seat) (VL),A1,Electric - Not Applicable,0,Electricity,Battery Electric Vehicle (BEV) / Pure Electric Vehicle / Electric Vehicle (EV),136,1200,3.5,174,354,220,Euro 6-WLTP (for BEVs only),False,WLTP,0,0,0,0,0,0,0,0,0,0,0,0,0,0,0,,304,490,0,,,,,,,66.0,21 October 2024,
VAUXHALL,Combo Life,XL Ultimate Electric (136PS) auto – 50kWh battery (5 Seat) (VH),A1,Electric - Not Applicable,0,Electricity,Battery Electric Vehicle (BEV) / Pure Electric Vehicle / Electric Vehicle (EV),136,1200,2.8,217,289,180,Euro 6-WLTP (for BEVs only),False,WLTP,0,0,0,0,0,0,0,0,0,0,0,0,0,0,0,,243,391,0,,,,,,,66.0,21 October 2024,
VAUXHALL,Combo Life,Design 1.5 D 130 A8 7 seat XL (WAV) (VL),A8,Automatic,1499,Diesel,Internal Combustion Engine (ICE),131,96,0,,,,Euro 6 EA,True,WLTP,45.6,54.3,60.1,47.1,51.4,0,6.2,5.2,4.7,6,5.5,0,143,0,,,,,65,,68,74,0.21,80,80,69.0,21 October 2024,
VAUXHALL,Combo Life,Design 1.5 D 130 A8 7 seat XL (WAV) (VH),A8,Automatic,1499,Diesel,Internal Combustion Engine (ICE),131,96,0,,,,Euro 6 EA,True,WLTP,38.7,45.6,50.4,39.8,43.5,0,7.3,6.2,5.6,7.1,6.5,0,170,0,,,,,65,,68,74,0.21,80,80,69.0,21 October 2024,
VAUXHALL,Combo Life,Design 1.5 D 100 M6 7 seat XL (WAV) (VL),M6,Manual,1499,Diesel,Internal Combustion Engine (ICE),102,75,0,,,,Euro 6 EA,True,WLTP,46.3,56.5,64.2,50.4,54.3,0,6.1,5,4.4,5.6,5.2,0,135,0,,,,,67,,44,51,0.20,80,80,68.0,21 October 2024,
VAUXHALL,Combo Life,Design 1.5 D 100 M6 7 seat XL (WAV) (VH),M6,Manual,1499,Diesel,Internal Combustion Engine (ICE),102,75,0,,,,Euro 6 EA,True,WLTP,40.4,48.7,54.3,41.5,46.3,0,7,5.8,5.2,6.8,6.1,0,160,0,,,,,67,,44,51,0.20,80,80,68.0,21 October 2024,
VAUXHALL,Combo Life,XL Design Electric (136PS) auto – 50kWh battery (VL),A1,Electric - Not Applicable,0,Electricity,Battery Electric Vehicle (BEV) / Pure Electric Vehicle / Electric Vehicle (EV),136,1200,3.5,174,354,220,Euro 6-WLTP (for BEVs only),False,WLTP,0,0,0,0,0,0,0,0,0,0,0,0,0,0,0,,304,490,0,,,,,,,66.0,21 October 2024,
VAUXHALL,Combo Life,XL Design Electric (136PS) auto – 50kWh battery (VH),A1,Electric - Not Applicable,0,Electricity,Battery Electric Vehicle (BEV) / Pure Electric Vehicle / Electric Vehicle (EV),136,1200,2.8,217,289,180,Euro 6-WLTP (for BEVs only),False,WLTP,0,0,0,0,0,0,0,0,0,0,0,0,0,0,0,,243,391,0,,,,,,,66.0,21 October 2024,
VAUXHALL,CORSA,Electric Design 50kWh 100kW 136PS Auto (VL),A1,Electric - Not Applicable,0,Electricity,Battery Electric Vehicle (BEV) / Pure Electric Vehicle / Electric Vehicle (EV),136,1200,4.1,150,373,232,Euro 6-WLTP (for BEVs only),False,WLTP,0,0,0,0,0,0,0,0,0,0,0,0,0,0,0,,316,508,0,,,,,,,65.0,21 October 2024,
VAUXHALL,CORSA,Electric Design 50kWh 100kW 136PS Auto (VH),A1,Electric - Not Applicable,0,Electricity,Battery Electric Vehicle (BEV) / Pure Electric Vehicle / Electric Vehicle (EV),136,1200,3.8,162,346,215,Euro 6-WLTP (for BEVs only),False,WLTP,0,0,0,0,0,0,0,0,0,0,0,0,0,0,0,,295,475,0,,,,,,,65.0,21 October 2024,
VAUXHALL,CORSA,Electric Design 51kWh 115kW 156PS Auto (VL),A1,Electric - Not Applicable,0,Electricity,Battery Electric Vehicle (BEV) / Pure Electric Vehicle / Electric Vehicle (EV),156,115,4.5,138,416,258,Euro 6-WLTP (for BEVs only),False,WLTP,0,0,0,0,0,0,0,0,0,0,0,0,0,0,0,,349,561,0,,,,,,,64.0,21 October 2024,
VAUXHALL,CORSA,Electric Design 51kWh 115kW 156PS Auto (VH),A1,Electric - Not Applicable,0,Electricity,Battery Electric Vehicle (BEV) / Pure Electric Vehicle / Electric Vehicle (EV),156,115,4,154,374,232,Euro 6-WLTP (for BEVs only),False,WLTP,0,0,0,0,0,0,0,0,0,0,0,0,0,0,0,,313,504,0,,,,,,,64.0,21 October 2024,
VAUXHALL,CORSA,Electric GS 50kWh 100kW 136PS Auto (VL),A1,Electric - Not Applicable,0,Electricity,Battery Electric Vehicle (BEV) / Pure Electric Vehicle / Electric Vehicle (EV),136,1200,4,152,362,225,Euro 6-WLTP (for BEVs only),False,WLTP,0,0,0,0,0,0,0,0,0,0,0,0,0,0,0,,305,491,0,,,,,,,65.0,21 October 2024,
VAUXHALL,CORSA,Electric GS 50kWh 100kW 136PS Auto (VH),A1,Electric - Not Applicable,0,Electricity,Battery Electric Vehicle (BEV) / Pure Electric Vehicle / Electric Vehicle (EV),136,1200,3.5,173,331,206,Euro 6-WLTP (for BEVs only),False,WLTP,0,0,0,0,0,0,0,0,0,0,0,0,0,0,0,,277,445,0,,,,,,,65.0,21 October 2024,
VAUXHALL,CORSA,Electric GS 51kWh 115kW 156PS Auto (VL),A1,Electric - Not Applicable,0,Electricity,Battery Electric Vehicle (BEV) / Pure Electric Vehicle / Electric Vehicle (EV),156,115,4.5,138,416,258,Euro 6-WLTP (for BEVs only),False,WLTP,0,0,0,0,0,0,0,0,0,0,0,0,0,0,0,,349,561,0,,,,,,,64.0,21 October 2024,
VAUXHALL,CORSA,Electric GS 51kWh 115kW 156PS Auto (VH),A1,Electric - Not Applicable,0,Electricity,Battery Electric Vehicle (BEV) / Pure Electric Vehicle / Electric Vehicle (EV),156,115,4,154,374,232,Euro 6-WLTP (for BEVs only),False,WLTP,0,0,0,0,0,0,0,0,0,0,0,0,0,0,0,,313,504,0,,,,,,,64.0,21 October 2024,
VAUXHALL,CORSA,Electric Ultimate 50kWh 100kW 136PS Auto (VL),A1,Electric - Not Applicable,0,Electricity,Battery Electric Vehicle (BEV) / Pure Electric Vehicle / Electric Vehicle (EV),136,1200,4,152,362,225,Euro 6-WLTP (for BEVs only),False,WLTP,0,0,0,0,0,0,0,0,0,0,0,0,0,0,0,,305,491,0,,,,,,,65.0,21 October 2024,
VAUXHALL,CORSA,Electric Ultimate 50kWh 100kW 136PS Auto (VH),A1,Electric - Not Applicable,0,Electricity,Battery Electric Vehicle (BEV) / Pure Electric Vehicle / Electric Vehicle (EV),136,1200,3.5,173,331,206,Euro 6-WLTP (for BEVs only),False,WLTP,0,0,0,0,0,0,0,0,0,0,0,0,0,0,0,,277,445,0,,,,,,,65.0,21 October 2024,
VAUXHALL,CORSA,Electric Ultimate 51kWh 115kW 156PS Auto (VL),A1,Electric - Not Applicable,0,Electricity,Battery Electric Vehicle (BEV) / Pure Electric Vehicle / Electric Vehicle (EV),156,115,4.5,138,416,258,Euro 6-WLTP (for BEVs only),False,WLTP,0,0,0,0,0,0,0,0,0,0,0,0,0,0,0,,349,561,0,,,,,,,64.0,21 October 2024,
VAUXHALL,CORSA,Electric Ultimate 51kWh 115kW 156PS Auto (VH),A1,Electric - Not Applicable,0,Electricity,Battery Electric Vehicle (BEV) / Pure Electric Vehicle / Electric Vehicle (EV),156,115,4,154,374,232,Euro 6-WLTP (for BEVs only),False,WLTP,0,0,0,0,0,0,0,0,0,0,0,0,0,0,0,,313,504,0,,,,,,,64.0,21 October 2024,
VAUXHALL,CORSA,Design 1.2 100PS 6 Speed Manual (VL),M6,Manual,1199,Petrol,Internal Combustion Engine (ICE),101,74,0,,,,Euro 6 EA,False,WLTP,44.1,58,67.4,56.7,57.6,0,6.4,4.9,4.2,5,4.9,0,110,0,,,,,509,22,14,,0.40,60,60,67.0,21 October 2024,
VAUXHALL,CORSA,Design 1.2 100PS 6 Speed Manual (VH),M6,Manual,1199,Petrol,Internal Combustion Engine (ICE),101,74,0,,,,Euro 6 EA,False,WLTP,41.2,50.1,57.2,47.2,49.5,0,6.9,5.6,4.9,6,5.7,0,128,0,,,,,509,22,14,,0.40,60,60,67.0,21 October 2024,
VAUXHALL,CORSA,Design 1.2 100PS 8 Speed Auto (VL),A8,Automatic,1199,Petrol,Internal Combustion Engine (ICE),101,74,0,,,,Euro 6 EA,False,WLTP,42.1,54.1,63.5,54,54.5,0,6.7,5.2,4.5,5.2,5.2,0,117,0,,,,,314,25,31,,0.39,60,60,66.0,21 October 2024,
VAUXHALL,CORSA,Design 1.2 100PS 8 Speed Auto (VH),A8,Automatic,1199,Petrol,Internal Combustion Engine (ICE),101,74,0,,,,Euro 6 EA,False,WLTP,39.1,48.6,56.2,46.4,48.2,0,7.2,5.8,5,6.1,5.9,0,132,0,,,,,314,25,31,,0.39,60,60,66.0,21 October 2024,
VAUXHALL,CORSA,Design 1.2 75PS 5 Speed Manual (VL),M5,Manual,1199,Petrol,Internal Combustion Engine (ICE),75,55,0,,,,Euro 6 EA,False,WLTP,45.9,58.7,63.2,51.7,55.2,0,6.2,4.8,4.5,5.5,5.1,0,114,0,,,,,869,43,32,,,60,60,68.0,21 October 2024,
VAUXHALL,CORSA,Design 1.2 75PS 5 Speed Manual (VH),M5,Manual,1199,Petrol,Internal Combustion Engine (ICE),75,55,0,,,,Euro 6 EA,False,WLTP,41.2,49.4,54.9,44.9,47.9,0,6.9,5.7,5.1,6.3,5.9,0,132,0,,,,,869,43,32,,,60,60,68.0,21 October 2024,
VAUXHALL,CORSA,Hybrid Design 1.2 100PS e-DCT6 (VL),A6,Automatic,1199,Petrol Electric,Mild Hybrid Electric Vehicle (MHEV),101,74,0,,,,Euro 6 EA,False,WLTP,74.1,73.3,74.2,55.1,65.9,0,3.8,3.9,3.8,5.1,4.3,0,96,0,,,,,520,25,14,,0.18,60,60,65.0,21 October 2024,
VAUXHALL,CORSA,Hybrid Design 1.2 100PS e-DCT6 (VH),A6,Automatic,1199,Petrol Electric,Mild Hybrid Electric Vehicle (MHEV),101,74,0,,,,Euro 6 EA,False,WLTP,61.1,60.3,60.9,46.8,54.9,0,4.6,4.7,4.6,6,5.1,0,116,0,,,,,520,25,14,,0.18,60,60,65.0,21 October 2024,
VAUXHALL,CORSA,GS 1.2 100PS 6 Speed Manual (VL),M6,Manual,1199,Petrol,Internal Combustion Engine (ICE),101,74,0,,,,Euro 6 EA,False,WLTP,44.1,58,67.4,56.7,57.6,0,6.4,4.9,4.2,5,4.9,0,110,0,,,,,509,22,14,,0.40,60,60,67.0,21 October 2024,
VAUXHALL,CORSA,GS 1.2 100PS 6 Speed Manual (VH),M6,Manual,1199,Petrol,Internal Combustion Engine (ICE),101,74,0,,,,Euro 6 EA,False,WLTP,41.2,50.1,57.2,47.2,49.5,0,6.9,5.6,4.9,6,5.7,0,128,0,,,,,509,22,14,,0.40,60,60,67.0,21 October 2024,
VAUXHALL,CORSA,GS 1.2 130PS 8-Speed Auto (VL),A8,Automatic,1199,Petrol,Internal Combustion Engine (ICE),131,96,0,,,,Euro 6 EA,False,WLTP,39.3,53.8,62.7,53.1,53.3,0,7.2,5.2,4.5,5.3,5.3,0,119,0,,,,,558,25,14,,0.82,60,60,66.0,21 October 2024,
VAUXHALL,CORSA,GS 1.2 130PS 8-Speed Auto (VH),A8,Automatic,1199,Petrol,Internal Combustion Engine (ICE),131,96,0,,,,Euro 6 EA,False,WLTP,36.3,47.8,55.2,45.7,47,0,7.8,5.9,5.1,6.2,6,0,135,0,,,,,558,25,14,,0.82,60,60,66.0,21 October 2024,
VAUXHALL,CORSA,GS 1.2 75PS 5 Speed Manual (VL),M5,Manual,1199,Petrol,Internal Combustion Engine (ICE),75,55,0,,,,Euro 6 EA,False,WLTP,45.9,58.7,63.2,51.7,55.2,0,6.2,4.8,4.5,5.5,5.1,0,114,0,,,,,869,43,32,,,60,60,68.0,21 October 2024,
VAUXHALL,CORSA,GS 1.2 75PS 5 Speed Manual (VH),M5,Manual,1199,Petrol,Internal Combustion Engine (ICE),75,55,0,,,,Euro 6 EA,False,WLTP,41.2,49.4,54.9,44.9,47.9,0,6.9,5.7,5.1,6.3,5.9,0,132,0,,,,,869,43,32,,,60,60,68.0,21 October 2024,
VAUXHALL,CORSA,Hybrid GS 1.2 100PS e-DCT6 (VL),A6,Automatic,1199,Petrol Electric,Mild Hybrid Electric Vehicle (MHEV),101,74,0,,,,Euro 6 EA,False,WLTP,74.1,73.3,74.2,55.1,65.9,0,3.8,3.9,3.8,5.1,4.3,0,96,0,,,,,520,25,14,,0.18,60,60,65.0,21 October 2024,
VAUXHALL,CORSA,Hybrid GS 1.2 100PS e-DCT6 (VH),A6,Automatic,1199,Petrol Electric,Mild Hybrid Electric Vehicle (MHEV),101,74,0,,,,Euro 6 EA,False,WLTP,61.1,60.3,60.9,46.8,54.9,0,4.6,4.7,4.6,6,5.1,0,116,0,,,,,520,25,14,,0.18,60,60,65.0,21 October 2024,
VAUXHALL,CORSA,Hybrid GS 1.2 136PS e-DCT6 (VL),A6,Automatic,1199,Petrol Electric,Mild Hybrid Electric Vehicle (MHEV),136,100,0,,,,Euro 6 EA,False,WLTP,74.7,71.8,73.7,53.9,65,0,3.8,3.9,3.8,5.2,4.3,0,97,0,,,,,480,40,17,,0.22,60,60,65.0,21 October 2024,
VAUXHALL,CORSA,Hybrid GS 1.2 136PS e-DCT6 (VH),A6,Automatic,1199,Petrol Electric,Mild Hybrid Electric Vehicle (MHEV),136,100,0,,,,Euro 6 EA,False,WLTP,62.6,59.4,60.6,46,54.5,0,4.5,4.8,4.7,6.1,5.2,0,117,0,,,,,480,40,17,,0.22,60,60,65.0,21 October 2024,
VAUXHALL,CORSA,Ultimate 1.2 100PS 6 Speed Manual (VL),M6,Manual,1199,Petrol,Internal Combustion Engine (ICE),101,74,0,,,,Euro 6 EA,False,WLTP,44.1,58,67.4,56.7,57.6,0,6.4,4.9,4.2,5,4.9,0,110,0,,,,,509,22,14,,0.40,60,60,67.0,21 October 2024,
VAUXHALL,CORSA,Ultimate 1.2 100PS 6 Speed Manual (VH),M6,Manual,1199,Petrol,Internal Combustion Engine (ICE),101,74,0,,,,Euro 6 EA,False,WLTP,41.2,50.1,57.2,47.2,49.5,0,6.9,5.6,4.9,6,5.7,0,128,0,,,,,509,22,14,,0.40,60,60,67.0,21 October 2024,
VAUXHALL,CORSA,Ultimate 1.2 130PS 8 Speed Auto (VL),A8,Automatic,1199,Petrol,Internal Combustion Engine (ICE),131,96,0,,,,Euro 6 EA,False,WLTP,39.3,53.8,62.7,53.1,53.3,0,7.2,5.2,4.5,5.3,5.3,0,119,0,,,,,558,25,14,,0.82,60,60,66.0,21 October 2024,
VAUXHALL,CORSA,Ultimate 1.2 130PS 8 Speed Auto (VH),A8,Automatic,1199,Petrol,Internal Combustion Engine (ICE),131,96,0,,,,Euro 6 EA,False,WLTP,36.3,47.8,55.2,45.7,47,0,7.8,5.9,5.1,6.2,6,0,135,0,,,,,558,25,14,,0.82,60,60,66.0,21 October 2024,
VAUXHALL,CORSA,Hybrid Ultimate 1.2 136PS e-DCT6 (VL),A6,Automatic,1199,Petrol Electric,Mild Hybrid Electric Vehicle (MHEV),136,100,0,,,,Euro 6 EA,False,WLTP,74.7,71.8,73.7,53.9,65,0,3.8,3.9,3.8,5.2,4.3,0,97,0,,,,,480,40,17,,0.22,60,60,65.0,21 October 2024,
VAUXHALL,CORSA,Hybrid Ultimate 1.2 136PS e-DCT6 (VH),A6,Automatic,1199,Petrol Electric,Mild Hybrid Electric Vehicle (MHEV),136,100,0,,,,Euro 6 EA,False,WLTP,62.6,59.4,60.6,46,54.5,0,4.5,4.8,4.7,6.1,5.2,0,117,0,,,,,480,40,17,,0.22,60,60,65.0,21 October 2024,
VAUXHALL,MOKKA,Griffin 1.2 100PS 6 Speed Manual (VL),M6,Manual,1199,Petrol,Internal Combustion Engine (ICE),101,74,0,,,,Euro 6 EA,False,WLTP,45.1,58.4,63.1,51,54.7,0,6.3,4.8,4.5,5.5,5.2,0,117,0,,,,,267,15,18,,0.54,60,60,65.0,21 October 2024,
VAUXHALL,MOKKA,Griffin 1.2 100PS 6 Speed Manual (VH),M6,Manual,1199,Petrol,Internal Combustion Engine (ICE),101,74,0,,,,Euro 6 EA,False,WLTP,40.1,48.9,51.8,41.1,45.3,0,7,5.8,5.5,6.9,6.2,0,141,0,,,,,267,15,18,,0.54,60,60,65.0,21 October 2024,
VAUXHALL,MOKKA,Griffin 1.2 136PS 6 Speed Manual (VL),M6,Manual,1199,Petrol,Internal Combustion Engine (ICE),136,100,0,,,,Euro 6 EA,False,WLTP,44.1,57,62.7,50.3,53.9,0,6.4,5,4.5,5.6,5.2,0,118,0,,,,,213,14,18,,0.50,60,60,67.0,21 October 2024,
VAUXHALL,MOKKA,Griffin 1.2 136PS 6 Speed Manual (VH),M6,Manual,1199,Petrol,Internal Combustion Engine (ICE),136,100,0,,,,Euro 6 EA,False,WLTP,39.8,49.6,52.9,41.9,46,0,7.1,5.7,5.3,6.7,6.1,0,139,0,,,,,213,14,18,,0.50,60,60,67.0,21 October 2024,
VAUXHALL,MOKKA,Griffin 1.2 130PS 8 Speed Auto (VL),A8,Automatic,1199,Petrol,Internal Combustion Engine (ICE),131,96,0,,,,Euro 6 EA,False,WLTP,37.6,49.4,57.2,46.8,48.5,0,7.5,5.7,4.9,6,5.8,0,131,0,,,,,333,22,26,,0.52,60,60,67.0,21 October 2024,
VAUXHALL,MOKKA,Griffin 1.2 130PS 8 Speed Auto (VH),A8,Automatic,1199,Petrol,Internal Combustion Engine (ICE),131,96,0,,,,Euro 6 EA,False,WLTP,36.6,46.8,53.3,42,45,0,7.7,6,5.3,6.7,6.3,0,142,0,,,,,333,22,26,,0.52,60,60,67.0,21 October 2024,
VAUXHALL,MOKKA,Hybrid Griffin 1.2 136PS e-DCT6 (VL),A6,Automatic,1199,Petrol Electric,Mild Hybrid Electric Vehicle (MHEV),136,100,0,,,,Euro 6 EA,False,WLTP,68.8,71.9,67.8,52.3,62.1,0,4.1,3.9,4.2,5.4,4.5,0,102,0,,,,,422,25,16,,1.30,60,60,65.0,21 October 2024,
VAUXHALL,MOKKA,Hybrid Griffin 1.2 136PS e-DCT6 (VH),A6,Automatic,1199,Petrol Electric,Mild Hybrid Electric Vehicle (MHEV),136,100,0,,,,Euro 6 EA,False,WLTP,60.6,58.1,55.6,42.6,51.1,0,4.7,4.9,5.1,6.6,5.5,0,125,0,,,,,422,25,16,,1.30,60,60,65.0,21 October 2024,
VAUXHALL,MOKKA,GS 1.2 100PS 6 Speed Manual (VL),M6,Manual,1199,Petrol,Internal Combustion Engine (ICE),101,74,0,,,,Euro 6 EA,False,WLTP,45.1,58.4,63.1,51,54.7,0,6.3,4.8,4.5,5.5,5.2,0,117,0,,,,,267,15,18,,0.54,60,60,65.0,21 October 2024,
VAUXHALL,MOKKA,GS 1.2 100PS 6 Speed Manual (VH),M6,Manual,1199,Petrol,Internal Combustion Engine (ICE),101,74,0,,,,Euro 6 EA,False,WLTP,40.1,48.9,51.8,41.1,45.3,0,7,5.8,5.5,6.9,6.2,0,141,0,,,,,267,15,18,,0.54,60,60,65.0,21 October 2024,
VAUXHALL,MOKKA,GS 1.2 136PS 6 Speed Manual (VL),M6,Manual,1199,Petrol,Internal Combustion Engine (ICE),136,100,0,,,,Euro 6 EA,False,WLTP,44.1,57,62.7,50.3,53.9,0,6.4,5,4.5,5.6,5.2,0,118,0,,,,,213,14,18,,0.50,60,60,67.0,21 October 2024,
VAUXHALL,MOKKA,GS 1.2 136PS 6 Speed Manual (VH),M6,Manual,1199,Petrol,Internal Combustion Engine (ICE),136,100,0,,,,Euro 6 EA,False,WLTP,39.8,49.6,52.9,41.9,46,0,7.1,5.7,5.3,6.7,6.1,0,139,0,,,,,213,14,18,,0.50,60,60,67.0,21 October 2024,
VAUXHALL,MOKKA,GS 1.2 130PS 8 Speed Auto (VL),A8,Automatic,1199,Petrol,Internal Combustion Engine (ICE),131,96,0,,,,Euro 6 EA,False,WLTP,37.6,49.4,57.2,46.8,48.5,0,7.5,5.7,4.9,6,5.8,0,131,0,,,,,333,22,26,,0.52,60,60,67.0,21 October 2024,
VAUXHALL,MOKKA,GS 1.2 130PS 8 Speed Auto (VH),A8,Automatic,1199,Petrol,Internal Combustion Engine (ICE),131,96,0,,,,Euro 6 EA,False,WLTP,36.6,46.8,53.3,42,45,0,7.7,6,5.3,6.7,6.3,0,142,0,,,,,333,22,26,,0.52,60,60,67.0,21 October 2024,
VAUXHALL,MOKKA,Hybrid GS 1.2 136PS e-DCT6 (VL),A6,Automatic,1199,Petrol Electric,Mild Hybrid Electric Vehicle (MHEV),136,100,0,,,,Euro 6 EA,False,WLTP,68.8,71.9,67.8,52.3,62.1,0,4.1,3.9,4.2,5.4,4.5,0,102,0,,,,,422,25,16,,1.30,60,60,65.0,21 October 2024,
VAUXHALL,MOKKA,Hybrid GS 1.2 136PS e-DCT6 (VH),A6,Automatic,1199,Petrol Electric,Mild Hybrid Electric Vehicle (MHEV),136,100,0,,,,Euro 6 EA,False,WLTP,60.6,58.1,55.6,42.6,51.1,0,4.7,4.9,5.1,6.6,5.5,0,125,0,,,,,422,25,16,,1.30,60,60,65.0,21 October 2024,
VAUXHALL,MOKKA,Ultimate 1.2 136PS 6-Speed Manual (VL),M6,Manual,1199,Petrol,Internal Combustion Engine (ICE),136,100,0,,,,Euro 6 EA,False,WLTP,44.1,57,62.7,50.3,53.9,0,6.4,5,4.5,5.6,5.2,0,118,0,,,,,213,14,18,,0.50,60,60,67.0,21 October 2024,
VAUXHALL,MOKKA,Ultimate 1.2 136PS 6-Speed Manual (VH),M6,Manual,1199,Petrol,Internal Combustion Engine (ICE),136,100,0,,,,Euro 6 EA,False,WLTP,39.8,49.6,52.9,41.9,46,0,7.1,5.7,5.3,6.7,6.1,0,139,0,,,,,213,14,18,,0.50,60,60,67.0,21 October 2024,
VAUXHALL,MOKKA,Ultimate 1.2 130PS 8-Speed Auto (VL),A8,Automatic,1199,Petrol,Internal Combustion Engine (ICE),131,96,0,,,,Euro 6 EA,False,WLTP,37.6,49.4,57.2,46.8,48.5,0,7.5,5.7,4.9,6,5.8,0,131,0,,,,,333,22,26,,0.52,60,60,67.0,21 October 2024,
VAUXHALL,MOKKA,Ultimate 1.2 130PS 8-Speed Auto (VH),A8,Automatic,1199,Petrol,Internal Combustion Engine (ICE),131,96,0,,,,Euro 6 EA,False,WLTP,36.6,46.8,53.3,42,45,0,7.7,6,5.3,6.7,6.3,0,142,0,,,,,333,22,26,,0.52,60,60,67.0,21 October 2024,
VAUXHALL,MOKKA,Hybrid Ultimate 1.2 136PS e-DCT6 (VL),A6,Automatic,1199,Petrol Electric,Mild Hybrid Electric Vehicle (MHEV),136,100,0,,,,Euro 6 EA,False,WLTP,68.8,71.9,67.8,52.3,62.1,0,4.1,3.9,4.2,5.4,4.5,0,102,0,,,,,422,25,16,,1.30,60,60,65.0,21 October 2024,
VAUXHALL,MOKKA,Hybrid Ultimate 1.2 136PS e-DCT6 (VH),A6,Automatic,1199,Petrol Electric,Mild Hybrid Electric Vehicle (MHEV),136,100,0,,,,Euro 6 EA,False,WLTP,60.6,58.1,55.6,42.6,51.1,0,4.7,4.9,5.1,6.6,5.5,0,125,0,,,,,422,25,16,,1.30,60,60,65.0,21 October 2024,
VAUXHALL,MOKKA,Electric Griffin 100kW 136PS Auto (VL),A1,Electric - Not Applicable,0,Electricity,Battery Electric Vehicle (BEV) / Pure Electric Vehicle / Electric Vehicle (EV),136,1200,4.3,143,374,232,Euro 6-WLTP (for BEVs only),False,WLTP,0,0,0,0,0,0,0,0,0,0,0,0,0,0,0,,310,499,0,,,,,,,67.0,24 October 2024,
VAUXHALL,MOKKA,Electric Griffin 100kW 136PS Auto (VH),A1,Electric - Not Applicable,0,Electricity,Battery Electric Vehicle (BEV) / Pure Electric Vehicle / Electric Vehicle (EV),136,1200,3.7,167,324,201,Euro 6-WLTP (for BEVs only),False,WLTP,0,0,0,0,0,0,0,0,0,0,0,0,0,0,0,,282,454,0,,,,,,,67.0,24 October 2024,
VAUXHALL,MOKKA,Electric GS 100kW 136PS Auto (VL),A1,Electric - Not Applicable,0,Electricity,Battery Electric Vehicle (BEV) / Pure Electric Vehicle / Electric Vehicle (EV),136,1200,4.3,143,374,232,Euro 6-WLTP (for BEVs only),False,WLTP,0,0,0,0,0,0,0,0,0,0,0,0,0,0,0,,310,499,0,,,,,,,67.0,24 October 2024,
VAUXHALL,MOKKA,Electric GS 100kW 136PS Auto (VH),A1,Electric - Not Applicable,0,Electricity,Battery Electric Vehicle (BEV) / Pure Electric Vehicle / Electric Vehicle (EV),136,1200,3.7,167,324,201,Euro 6-WLTP (for BEVs only),False,WLTP,0,0,0,0,0,0,0,0,0,0,0,0,0,0,0,,282,454,0,,,,,,,67.0,24 October 2024,
VAUXHALL,MOKKA,Electric GS 115kW 156PS Auto Long Range (VL),A1,Electric - Not Applicable,0,Electricity,Battery Electric Vehicle (BEV) / Pure Electric Vehicle / Electric Vehicle (EV),156,115,4.3,142,436,271,Euro 6-WLTP (for BEVs only),False,WLTP,0,0,0,0,0,0,0,0,0,0,0,0,0,0,0,,364,585,0,,,,,,,66.0,24 October 2024,
VAUXHALL,MOKKA,Electric GS 115kW 156PS Auto Long Range (VH),A1,Electric - Not Applicable,0,Electricity,Battery Electric Vehicle (BEV) / Pure Electric Vehicle / Electric Vehicle (EV),156,115,3.7,167,366,227,Euro 6-WLTP (for BEVs only),False,WLTP,0,0,0,0,0,0,0,0,0,0,0,0,0,0,0,,319,513,0,,,,,,,66.0,24 October 2024,
VAUXHALL,MOKKA,Electric Ultimate 100kW 136PS Auto (VL),A1,Electric - Not Applicable,0,Electricity,Battery Electric Vehicle (BEV) / Pure Electric Vehicle / Electric Vehicle (EV),136,1200,4.3,143,374,232,Euro 6-WLTP (for BEVs only),False,WLTP,0,0,0,0,0,0,0,0,0,0,0,0,0,0,0,,310,499,0,,,,,,,67.0,24 October 2024,
VAUXHALL,MOKKA,Electric Ultimate 100kW 136PS Auto (VH),A1,Electric - Not Applicable,0,Electricity,Battery Electric Vehicle (BEV) / Pure Electric Vehicle / Electric Vehicle (EV),136,1200,3.7,167,324,201,Euro 6-WLTP (for BEVs only),False,WLTP,0,0,0,0,0,0,0,0,0,0,0,0,0,0,0,,282,454,0,,,,,,,67.0,24 October 2024,
VAUXHALL,MOKKA,Electric Ultimate 115kW 156PS Auto Long Range (VL),A1,Electric - Not Applicable,0,Electricity,Battery Electric Vehicle (BEV) / Pure Electric Vehicle / Electric Vehicle (EV),156,115,4.3,142,436,271,Euro 6-WLTP (for BEVs only),False,WLTP,0,0,0,0,0,0,0,0,0,0,0,0,0,0,0,,364,585,0,,,,,,,66.0,24 October 2024,
VAUXHALL,MOKKA,Electric Ultimate 115kW 156PS Auto Long Range (VH),A1,Electric - Not Applicable,0,Electricity,Battery Electric Vehicle (BEV) / Pure Electric Vehicle / Electric Vehicle (EV),156,115,3.7,167,366,227,Euro 6-WLTP (for BEVs only),False,WLTP,0,0,0,0,0,0,0,0,0,0,0,0,0,0,0,,319,513,0,,,,,,,66.0,24 October 2024,
VAUXHALL,New Grandland,Hybrid Design 136PS e-DCT6  (VL),A6,Automatic,1199,Petrol Electric,Mild Hybrid Electric Vehicle (MHEV),136,100,0,,,,Euro 6 EA,False,WLTP,55.8,56.6,60.1,44.7,52.5,0,5.1,5,4.7,6.3,5.4,0,122,0,,,,,343,20,28,,0.31,60,60,67.0,21 October 2024,
VAUXHALL,New Grandland,Hybrid Design 136PS e-DCT6  (VH),A6,Automatic,1199,Petrol Electric,Mild Hybrid Electric Vehicle (MHEV),136,100,0,,,,Euro 6 EA,False,WLTP,48.6,46.7,51,38.3,44.6,0,5.8,6,5.5,7.4,6.3,0,143,0,,,,,343,20,28,,0.31,60,60,67.0,21 October 2024,
VAUXHALL,New Grandland,Hybrid GS 136PS e-DCT6  (VL),A6,Automatic,1199,Petrol Electric,Mild Hybrid Electric Vehicle (MHEV),136,100,0,,,,Euro 6 EA,False,WLTP,55.8,56.6,60.1,44.7,52.5,0,5.1,5,4.7,6.3,5.4,0,122,0,,,,,343,20,28,,0.31,60,60,67.0,21 October 2024,
VAUXHALL,New Grandland,Hybrid GS 136PS e-DCT6  (VH),A6,Automatic,1199,Petrol Electric,Mild Hybrid Electric Vehicle (MHEV),136,100,0,,,,Euro 6 EA,False,WLTP,48.6,46.7,51,38.3,44.6,0,5.8,6,5.5,7.4,6.3,0,143,0,,,,,343,20,28,,0.31,60,60,67.0,21 October 2024,
VAUXHALL,New Grandland,Hybrid Ultimate 136PS e-DCT6  (VL),A6,Automatic,1199,Petrol Electric,Mild Hybrid Electric Vehicle (MHEV),136,100,0,,,,Euro 6 EA,False,WLTP,55.8,56.6,60.1,44.7,52.5,0,5.1,5,4.7,6.3,5.4,0,122,0,,,,,343,20,28,,0.31,60,60,67.0,21 October 2024,
VAUXHALL,New Grandland,Hybrid Ultimate 136PS e-DCT6  (VH),A6,Automatic,1199,Petrol Electric,Mild Hybrid Electric Vehicle (MHEV),136,100,0,,,,Euro 6 EA,False,WLTP,48.6,46.7,51,38.3,44.6,0,5.8,6,5.5,7.4,6.3,0,143,0,,,,,343,20,28,,0.31,60,60,67.0,21 October 2024,
VAUXHALL,New Grandland,Electric Design 73kWh 210PS Auto  (VL),A1,Electric - Not Applicable,0,Electricity,Battery Electric Vehicle (BEV) / Pure Electric Vehicle / Electric Vehicle (EV),210,157,3.8,160,545,339,Euro 6-WLTP (for BEVs only),False,WLTP,0,0,0,0,0,0,0,0,0,0,0,0,0,0,0,,416,669,0,,,,,,,65.0,24 October 2024,
VAUXHALL,New Grandland,Electric Design 73kWh 210PS Auto  (VH),A1,Electric - Not Applicable,0,Electricity,Battery Electric Vehicle (BEV) / Pure Electric Vehicle / Electric Vehicle (EV),210,157,2.9,213,415,258,Euro 6-WLTP (for BEVs only),False,WLTP,0,0,0,0,0,0,0,0,0,0,0,0,0,0,0,,319,514,0,,,,,,,65.0,24 October 2024,
VAUXHALL,New Grandland,Electric GS 73kWh 210PS Auto  (VL),A1,Electric - Not Applicable,0,Electricity,Battery Electric Vehicle (BEV) / Pure Electric Vehicle / Electric Vehicle (EV),210,157,3.8,160,545,339,Euro 6-WLTP (for BEVs only),False,WLTP,0,0,0,0,0,0,0,0,0,0,0,0,0,0,0,,416,669,0,,,,,,,65.0,24 October 2024,
VAUXHALL,New Grandland,Electric GS 73kWh 210PS Auto  (VH),A1,Electric - Not Applicable,0,Electricity,Battery Electric Vehicle (BEV) / Pure Electric Vehicle / Electric Vehicle (EV),210,157,2.9,213,415,258,Euro 6-WLTP (for BEVs only),False,WLTP,0,0,0,0,0,0,0,0,0,0,0,0,0,0,0,,319,514,0,,,,,,,65.0,24 October 2024,
VAUXHALL,New Grandland,Electric Ultimate 73kWh 210PS Auto  (VL),A1,Electric - Not Applicable,0,Electricity,Battery Electric Vehicle (BEV) / Pure Electric Vehicle / Electric Vehicle (EV),210,157,3.8,160,545,339,Euro 6-WLTP (for BEVs only),False,WLTP,0,0,0,0,0,0,0,0,0,0,0,0,0,0,0,,416,669,0,,,,,,,65.0,24 October 2024,
VAUXHALL,New Grandland,Electric Ultimate 73kWh 210PS Auto  (VH),A1,Electric - Not Applicable,0,Electricity,Battery Electric Vehicle (BEV) / Pure Electric Vehicle / Electric Vehicle (EV),210,157,2.9,213,415,258,Euro 6-WLTP (for BEVs only),False,WLTP,0,0,0,0,0,0,0,0,0,0,0,0,0,0,0,,319,514,0,,,,,,,65.0,24 October 2024,
VAUXHALL,VIVARO LIFE,Combi Electric (136PS) auto – 75kWh battery (VL),A1,Electric - Not Applicable,0,Electricity,Battery Electric Vehicle (BEV) / Pure Electric Vehicle / Electric Vehicle (EV),136,1200,2.7,224,370,230,Euro 6-WLTP (for BEVs only),False,WLTP,0,0,0,0,0,0,0,0,0,0,0,0,0,0,0,,314,506,0,,,,,,,67.0,21 October 2024,
VAUXHALL,VIVARO LIFE,Combi Electric (136PS) auto – 75kWh battery (VH),A1,Electric - Not Applicable,0,Electricity,Battery Electric Vehicle (BEV) / Pure Electric Vehicle / Electric Vehicle (EV),136,1200,2.3,264,313,194,Euro 6-WLTP (for BEVs only),False,WLTP,0,0,0,0,0,0,0,0,0,0,0,0,0,0,0,,255,411,0,,,,,,,67.0,21 October 2024,
VAUXHALL,VIVARO LIFE,Combi Electric (136PS) auto – 49kWh battery (VL),A1,Electric - Not Applicable,0,Electricity,Battery Electric Vehicle (BEV) / Pure Electric Vehicle / Electric Vehicle (EV),136,1200,2.7,224,234,145,Euro 6-WLTP (for BEVs only),False,WLTP,0,0,0,0,0,0,0,0,0,0,0,0,0,0,0,,211,339,0,,,,,,,67.0,21 October 2024,
VAUXHALL,VIVARO LIFE,Combi Electric (136PS) auto – 49kWh battery (VH),A1,Electric - Not Applicable,0,Electricity,Battery Electric Vehicle (BEV) / Pure Electric Vehicle / Electric Vehicle (EV),136,1200,2.3,267,196,122,Euro 6-WLTP (for BEVs only),False,WLTP,0,0,0,0,0,0,0,0,0,0,0,0,0,0,0,,172,277,0,,,,,,,67.0,21 October 2024,
VAUXHALL,VIVARO LIFE,Design Electric (136PS) auto – 75kWh battery (VL),A1,Electric - Not Applicable,0,Electricity,Battery Electric Vehicle (BEV) / Pure Electric Vehicle / Electric Vehicle (EV),136,1200,2.7,224,370,230,Euro 6-WLTP (for BEVs only),False,WLTP,0,0,0,0,0,0,0,0,0,0,0,0,0,0,0,,314,506,0,,,,,,,67.0,21 October 2024,
VAUXHALL,VIVARO LIFE,Design Electric (136PS) auto – 75kWh battery (VH),A1,Electric - Not Applicable,0,Electricity,Battery Electric Vehicle (BEV) / Pure Electric Vehicle / Electric Vehicle (EV),136,1200,2.3,264,313,194,Euro 6-WLTP (for BEVs only),False,WLTP,0,0,0,0,0,0,0,0,0,0,0,0,0,0,0,,255,411,0,,,,,,,67.0,21 October 2024,
VAUXHALL,VIVARO LIFE,Design 180 AT8 s/s (WAV) (VL),A8,Automatic,1997,Diesel,Internal Combustion Engine (ICE),177,130,0,,,,Euro 6 EA,True,WLTP,34.4,43.5,47.9,37.7,40.9,0,8.2,6.5,5.9,7.5,6.9,0,181,0,,,,,36,,28,,0.47,80,80,69.0,21 October 2024,
VAUXHALL,VIVARO LIFE,Design 180 AT8 s/s (WAV) (VH),A8,Automatic,1997,Diesel,Internal Combustion Engine (ICE),177,130,0,,,,Euro 6 EA,True,WLTP,30.7,37.2,40.9,32.5,35.3,0,9.2,7.6,6.9,8.7,8,0,208,0,,,,,36,,28,,0.47,80,80,69.0,21 October 2024,
VAUXHALL,VIVARO LIFE,Ultimate Electric (136PS) auto – 75kWh battery (VL),A1,Electric - Not Applicable,0,Electricity,Battery Electric Vehicle (BEV) / Pure Electric Vehicle / Electric Vehicle (EV),136,1200,2.7,224,370,230,Euro 6-WLTP (for BEVs only),False,WLTP,0,0,0,0,0,0,0,0,0,0,0,0,0,0,0,,314,506,0,,,,,,,67.0,21 October 2024,
VAUXHALL,VIVARO LIFE,Ultimate Electric (136PS) auto – 75kWh battery (VH),A1,Electric - Not Applicable,0,Electricity,Battery Electric Vehicle (BEV) / Pure Electric Vehicle / Electric Vehicle (EV),136,1200,2.3,264,313,194,Euro 6-WLTP (for BEVs only),False,WLTP,0,0,0,0,0,0,0,0,0,0,0,0,0,0,0,,255,411,0,,,,,,,67.0,21 October 2024,
VAUXHALL,VIVARO LIFE,XL Combi Electric (136PS) auto – 75kWh battery (VL),A1,Electric - Not Applicable,0,Electricity,Battery Electric Vehicle (BEV) / Pure Electric Vehicle / Electric Vehicle (EV),136,1200,2.7,224,370,230,Euro 6-WLTP (for BEVs only),False,WLTP,0,0,0,0,0,0,0,0,0,0,0,0,0,0,0,,314,506,0,,,,,,,67.0,21 October 2024,
VAUXHALL,VIVARO LIFE,XL Combi Electric (136PS) auto – 75kWh battery (VH),A1,Electric - Not Applicable,0,Electricity,Battery Electric Vehicle (BEV) / Pure Electric Vehicle / Electric Vehicle (EV),136,1200,2.3,264,313,194,Euro 6-WLTP (for BEVs only),False,WLTP,0,0,0,0,0,0,0,0,0,0,0,0,0,0,0,,255,411,0,,,,,,,67.0,21 October 2024,
VAUXHALL,VIVARO LIFE,XL Combi Electric (136PS) auto – 49 kWh battery (VL),A1,Electric - Not Applicable,0,Electricity,Battery Electric Vehicle (BEV) / Pure Electric Vehicle / Electric Vehicle (EV),136,1200,2.7,224,234,145,Euro 6-WLTP (for BEVs only),False,WLTP,0,0,0,0,0,0,0,0,0,0,0,0,0,0,0,,211,339,0,,,,,,,67.0,21 October 2024,
VAUXHALL,VIVARO LIFE,XL Combi Electric (136PS) auto – 49 kWh battery (VH),A1,Electric - Not Applicable,0,Electricity,Battery Electric Vehicle (BEV) / Pure Electric Vehicle / Electric Vehicle (EV),136,1200,2.3,267,196,122,Euro 6-WLTP (for BEVs only),False,WLTP,0,0,0,0,0,0,0,0,0,0,0,0,0,0,0,,172,277,0,,,,,,,67.0,21 October 2024,
VAUXHALL,VIVARO LIFE,XL Design Electric (136PS) auto – 75kWh battery (VL),A1,Electric - Not Applicable,0,Electricity,Battery Electric Vehicle (BEV) / Pure Electric Vehicle / Electric Vehicle (EV),136,1200,2.7,224,370,230,Euro 6-WLTP (for BEVs only),False,WLTP,0,0,0,0,0,0,0,0,0,0,0,0,0,0,0,,314,506,0,,,,,,,67.0,21 October 2024,
VAUXHALL,VIVARO LIFE,XL Design Electric (136PS) auto – 75kWh battery (VH),A1,Electric - Not Applicable,0,Electricity,Battery Electric Vehicle (BEV) / Pure Electric Vehicle / Electric Vehicle (EV),136,1200,2.3,264,313,194,Euro 6-WLTP (for BEVs only),False,WLTP,0,0,0,0,0,0,0,0,0,0,0,0,0,0,0,,255,411,0,,,,,,,67.0,21 October 2024,
VAUXHALL,VIVARO LIFE,Combi 180 AT8 s/s (WAV) (VL),A8,Automatic,1997,Diesel,Internal Combustion Engine (ICE),177,130,0,,,,Euro 6 EA,True,WLTP,34.4,43.5,47.9,37.7,40.9,0,8.2,6.5,5.9,7.5,6.9,0,181,0,,,,,36,,28,,0.47,80,80,69.0,21 October 2024,
VAUXHALL,VIVARO LIFE,Combi 180 AT8 s/s (WAV) (VH),A8,Automatic,1997,Diesel,Internal Combustion Engine (ICE),177,130,0,,,,Euro 6 EA,True,WLTP,30.7,37.2,40.9,32.5,35.3,0,9.2,7.6,6.9,8.7,8,0,208,0,,,,,36,,28,,0.47,80,80,69.0,21 October 2024,
VAUXHALL,VIVARO LIFE,XL Ultimate Electric (136PS) auto – 75kWh battery (VL),A1,Electric - Not Applicable,0,Electricity,Battery Electric Vehicle (BEV) / Pure Electric Vehicle / Electric Vehicle (EV),136,1200,2.7,224,370,230,Euro 6-WLTP (for BEVs only),False,WLTP,0,0,0,0,0,0,0,0,0,0,0,0,0,0,0,,314,506,0,,,,,,,67.0,21 October 2024,
VAUXHALL,VIVARO LIFE,XL Ultimate Electric (136PS) auto – 75kWh battery (VH),A1,Electric - Not Applicable,0,Electricity,Battery Electric Vehicle (BEV) / Pure Electric Vehicle / Electric Vehicle (EV),136,1200,2.3,264,313,194,Euro 6-WLTP (for BEVs only),False,WLTP,0,0,0,0,0,0,0,0,0,0,0,0,0,0,0,,255,411,0,,,,,,,67.0,21 October 2024,
VOLVO,"C40, MY23",Recharge Core,N/A,Electric - Not Applicable,0,Electricity,Battery Electric Vehicle (BEV) / Pure Electric Vehicle / Electric Vehicle (EV),231,170,3.2,193,437,272,Euro 6-WLTP (for BEVs only),False,WLTP,0,0,0,0,0,0,0,0,0,0,0,0,0,,0,,370,595,0,,,,,,,67.0,17 January 2025,
VOLVO,"C40, MY23",Recharge Plus,N/A,Electric - Not Applicable,0,Electricity,Battery Electric Vehicle (BEV) / Pure Electric Vehicle / Electric Vehicle (EV),231,170,3.2,193,437,272,Euro 6-WLTP (for BEVs only),False,WLTP,0,0,0,0,0,0,0,0,0,0,0,0,0,,0,,370,595,0,,,,,,,67.0,17 January 2025,
VOLVO,"C40, MY23",Recharge Twin Plus,N/A,Electric - Not Applicable,0,Electricity,Battery Electric Vehicle (BEV) / Pure Electric Vehicle / Electric Vehicle (EV),408,300,3.1,198,446,277,Euro 6-WLTP (for BEVs only),False,WLTP,0,0,0,0,0,0,0,0,0,0,0,0,0,,0,,379,610,0,,,,,,,67.0,17 January 2025,
VOLVO,"C40, MY23",Recharge Twin Ultimate,N/A,Electric - Not Applicable,0,Electricity,Battery Electric Vehicle (BEV) / Pure Electric Vehicle / Electric Vehicle (EV),408,300,3.1,198,446,277,Euro 6-WLTP (for BEVs only),False,WLTP,0,0,0,0,0,0,0,0,0,0,0,0,0,,0,,379,610,0,,,,,,,67.0,17 January 2025,
VOLVO,"C40, MY23",Recharge Ultimate,N/A,Electric - Not Applicable,0,Electricity,Battery Electric Vehicle (BEV) / Pure Electric Vehicle / Electric Vehicle (EV),231,170,3.2,193,437,272,Euro 6-WLTP (for BEVs only),False,WLTP,0,0,0,0,0,0,0,0,0,0,0,0,0,,0,,370,595,0,,,,,,,67.0,17 January 2025,
VOLVO,"C40, MY24",Recharge Single Motor Core,N/A,Electric - Not Applicable,0,Electricity,Battery Electric Vehicle (BEV) / Pure Electric Vehicle / Electric Vehicle (EV),238,175,3.7,165,477,296,Euro 6-WLTP (for BEVs only),False,WLTP,0,0,0,0,0,0,0,0,0,0,0,0,0,0,0,,410,660,0,,,,,,,68.0,17 January 2025,
VOLVO,"C40, MY24",Recharge Single Motor Plus,N/A,Electric - Not Applicable,0,Electricity,Battery Electric Vehicle (BEV) / Pure Electric Vehicle / Electric Vehicle (EV),238,175,3.7,165,475,295,Euro 6-WLTP (for BEVs only),False,WLTP,0,0,0,0,0,0,0,0,0,0,0,0,0,0,0,,406,654,0,,,,,,,68.0,17 January 2025,
VOLVO,"C40, MY24",Recharge Single Motor Ultimate,N/A,Electric - Not Applicable,0,Electricity,Battery Electric Vehicle (BEV) / Pure Electric Vehicle / Electric Vehicle (EV),238,175,3.7,168,468,291,Euro 6-WLTP (for BEVs only),False,WLTP,0,0,0,0,0,0,0,0,0,0,0,0,0,0,0,,402,647,0,,,,,,,68.0,17 January 2025,
VOLVO,"C40, MY24",Recharge Twin Motor Core,N/A,Electric - Not Applicable,0,Electricity,Battery Electric Vehicle (BEV) / Pure Electric Vehicle / Electric Vehicle (EV),408,300,3.5,173,550,342,Euro 6-WLTP (for BEVs only),False,WLTP,0,0,0,0,0,0,0,0,0,0,0,0,0,0,0,,463,745,0,,,,,,,68.0,17 January 2025,
VOLVO,"C40, MY24",Recharge Twin Motor Plus,N/A,Electric - Not Applicable,0,Electricity,Battery Electric Vehicle (BEV) / Pure Electric Vehicle / Electric Vehicle (EV),408,300,3.5,174,548,341,Euro 6-WLTP (for BEVs only),False,WLTP,0,0,0,0,0,0,0,0,0,0,0,0,0,0,0,,459,739,0,,,,,,,68.0,17 January 2025,
VOLVO,"C40, MY24",Recharge Twin Motor Ultimate,N/A,Electric - Not Applicable,0,Electricity,Battery Electric Vehicle (BEV) / Pure Electric Vehicle / Electric Vehicle (EV),408,300,3.5,176,543,337,Euro 6-WLTP (for BEVs only),False,WLTP,0,0,0,0,0,0,0,0,0,0,0,0,0,0,0,,456,734,0,,,,,,,68.0,17 January 2025,
VOLVO,"EC40, MY25",Single Motor Plus,N/A,Electric - Not Applicable,0,Electricity,Battery Electric Vehicle (BEV) / Pure Electric Vehicle / Electric Vehicle (EV),238,175,3.8,163,482,300,Euro 6-WLTP (for BEVs only),False,WLTP,0,0,0,0,0,0,0,0,0,0,0,0,0,0,0,,418,672,0,,,,,,,68.0,17 January 2025,
VOLVO,"EC40, MY25",Single Motor Extended Range Plus,N/A,Electric - Not Applicable,0,Electricity,Battery Electric Vehicle (BEV) / Pure Electric Vehicle / Electric Vehicle (EV),252,185,3.8,163,556,345,Euro 6-WLTP (for BEVs only),False,WLTP,0,0,0,0,0,0,0,0,0,0,0,0,0,0,0,,483,777,0,,,,,,,68.0,17 January 2025,
VOLVO,"EC40, MY25",Twin Motor Plus,N/A,Electric - Not Applicable,0,Electricity,Battery Electric Vehicle (BEV) / Pure Electric Vehicle / Electric Vehicle (EV),408,300,3.5,174,547,340,Euro 6-WLTP (for BEVs only),False,WLTP,0,0,0,0,0,0,0,0,0,0,0,0,0,0,0,,458,737,0,,,,,,,68.0,17 January 2025,
VOLVO,"EC40, MY25",Single Motor Extended Range Plus Black Edition,N/A,Electric - Not Applicable,0,Electricity,Battery Electric Vehicle (BEV) / Pure Electric Vehicle / Electric Vehicle (EV),252,185,3.7,165,552,343,Euro 6-WLTP (for BEVs only),False,WLTP,0,0,0,0,0,0,0,0,0,0,0,0,0,0,0,,483,778,0,,,,,,,68.0,17 January 2025,
VOLVO,"EC40, MY25",Twin Motor Performance Plus Black Edition,N/A,Electric - Not Applicable,0,Electricity,Battery Electric Vehicle (BEV) / Pure Electric Vehicle / Electric Vehicle (EV),442,325,3.5,176,542,337,Euro 6-WLTP (for BEVs only),False,WLTP,0,0,0,0,0,0,0,0,0,0,0,0,0,0,0,,458,737,0,,,,,,,68.0,17 January 2025,
VOLVO,"EC40, MY25",Single Motor Extended Range Ultra,N/A,Electric - Not Applicable,0,Electricity,Battery Electric Vehicle (BEV) / Pure Electric Vehicle / Electric Vehicle (EV),252,185,3.7,165,549,341,Euro 6-WLTP (for BEVs only),False,WLTP,0,0,0,0,0,0,0,0,0,0,0,0,0,0,0,,482,775,0,,,,,,,68.0,17 January 2025,
VOLVO,"EC40, MY25",Twin Motor Ultra,N/A,Electric - Not Applicable,0,Electricity,Battery Electric Vehicle (BEV) / Pure Electric Vehicle / Electric Vehicle (EV),408,300,3.5,177,540,336,Euro 6-WLTP (for BEVs only),False,WLTP,0,0,0,0,0,0,0,0,0,0,0,0,0,0,0,,455,732,0,,,,,,,68.0,17 January 2025,
VOLVO,"EC40, MY25",Single Motor Extended Range Ultra Black Edition,N/A,Electric - Not Applicable,0,Electricity,Battery Electric Vehicle (BEV) / Pure Electric Vehicle / Electric Vehicle (EV),252,185,3.7,165,550,342,Euro 6-WLTP (for BEVs only),False,WLTP,0,0,0,0,0,0,0,0,0,0,0,0,0,0,0,,482,776,0,,,,,,,68.0,17 January 2025,
VOLVO,"EC40, MY25",Twin Motor Performance Ultra Black Edition,N/A,Electric - Not Applicable,0,Electricity,Battery Electric Vehicle (BEV) / Pure Electric Vehicle / Electric Vehicle (EV),442,325,3.5,177,541,336,Euro 6-WLTP (for BEVs only),False,WLTP,0,0,0,0,0,0,0,0,0,0,0,0,0,0,0,,456,734,0,,,,,,,68.0,17 January 2025,
VOLVO,"EX30, MY24",Single Motor Plus,N/A,Electric - Not Applicable,0,Electricity,Battery Electric Vehicle (BEV) / Pure Electric Vehicle / Electric Vehicle (EV),272,200,3.6,171,337,209,Euro 6-WLTP (for BEVs only),False,WLTP,0,0,0,0,0,0,0,0,0,0,0,0,0,0,0,0,274,441,0,0,0,0,,0,0,66.0,17 January 2025,
VOLVO,"EX30, MY24",Single Motor Extended Range Plus,N/A,Electric - Not Applicable,0,Electricity,Battery Electric Vehicle (BEV) / Pure Electric Vehicle / Electric Vehicle (EV),272,200,3.6,170,476,296,Euro 6-WLTP (for BEVs only),False,WLTP,0,0,0,0,0,0,0,0,0,0,0,0,0,0,0,0,368,592,0,0,0,0,,0,0,65.0,17 January 2025,
VOLVO,"EX30, MY24",Twin Motor Performance Plus,N/A,Electric - Not Applicable,0,Electricity,Battery Electric Vehicle (BEV) / Pure Electric Vehicle / Electric Vehicle (EV),428,315,3.5,175,450,280,Euro 6-WLTP (for BEVs only),False,WLTP,0,0,0,0,0,0,0,0,0,0,0,0,0,0,0,0,365,588,0,0,0,0,,0,0,65.0,17 January 2025,
VOLVO,"EX30, MY24",Single Motor Extended Range Ultra,N/A,Electric - Not Applicable,0,Electricity,Battery Electric Vehicle (BEV) / Pure Electric Vehicle / Electric Vehicle (EV),272,200,3.6,170,474,295,Euro 6-WLTP (for BEVs only),False,WLTP,0,0,0,0,0,0,0,0,0,0,0,0,0,0,0,0,367,591,0,0,0,0,,0,0,65.0,17 January 2025,
VOLVO,"EX30, MY24",Twin Motor Performance Ultra,N/A,Electric - Not Applicable,0,Electricity,Battery Electric Vehicle (BEV) / Pure Electric Vehicle / Electric Vehicle (EV),428,315,3.5,175,449,279,Euro 6-WLTP (for BEVs only),False,WLTP,0,0,0,0,0,0,0,0,0,0,0,0,0,0,0,0,366,589,0,0,0,0,,0,0,65.0,17 January 2025,
VOLVO,"EX30, MY25",Single Motor Core,N/A,Electric - Not Applicable,0,Electricity,Battery Electric Vehicle (BEV) / Pure Electric Vehicle / Electric Vehicle (EV),272,200,3.6,171,337,209,Euro 6-WLTP (for BEVs only),False,WLTP,0,0,0,0,0,0,0,0,0,0,0,0,0,0,0,,274,441,0,,,,,,,66.0,17 January 2025,
VOLVO,"EX30, MY25",Single Motor Extended Range Core,N/A,Electric - Not Applicable,0,Electricity,Battery Electric Vehicle (BEV) / Pure Electric Vehicle / Electric Vehicle (EV),272,200,3.6,170,475,295,Euro 6-WLTP (for BEVs only),False,WLTP,0,0,0,0,0,0,0,0,0,0,0,0,0,0,0,,368,592,0,,,,,,,65.0,17 January 2025,
VOLVO,"EX30, MY25",Single Motor Plus,N/A,Electric - Not Applicable,0,Electricity,Battery Electric Vehicle (BEV) / Pure Electric Vehicle / Electric Vehicle (EV),272,200,3.6,171,337,209,Euro 6-WLTP (for BEVs only),False,WLTP,0,0,0,0,0,0,0,0,0,0,0,0,0,0,0,,274,441,0,,,,,,,66.0,17 January 2025,
VOLVO,"EX30, MY25",Single Motor Extended Range Plus,N/A,Electric - Not Applicable,0,Electricity,Battery Electric Vehicle (BEV) / Pure Electric Vehicle / Electric Vehicle (EV),272,200,3.6,170,476,296,Euro 6-WLTP (for BEVs only),False,WLTP,0,0,0,0,0,0,0,0,0,0,0,0,0,0,0,,367,591,0,,,,,,,65.0,17 January 2025,
VOLVO,"EX30, MY25",Twin Motor Performance Plus,N/A,Electric - Not Applicable,0,Electricity,Battery Electric Vehicle (BEV) / Pure Electric Vehicle / Electric Vehicle (EV),428,315,3.5,175,450,280,Euro 6-WLTP (for BEVs only),False,WLTP,0,0,0,0,0,0,0,0,0,0,0,0,0,0,0,,365,588,0,,,,,,,65.0,17 January 2025,
VOLVO,"EX30, MY25",Single Motor Extended Range Ultra,N/A,Electric - Not Applicable,0,Electricity,Battery Electric Vehicle (BEV) / Pure Electric Vehicle / Electric Vehicle (EV),272,200,3.6,170,474,295,Euro 6-WLTP (for BEVs only),False,WLTP,0,0,0,0,0,0,0,0,0,0,0,0,0,0,0,,367,591,0,,,,,,,65.0,17 January 2025,
VOLVO,"EX30, MY25",Twin Motor Performance Ultra,N/A,Electric - Not Applicable,0,Electricity,Battery Electric Vehicle (BEV) / Pure Electric Vehicle / Electric Vehicle (EV),428,315,3.5,175,449,279,Euro 6-WLTP (for BEVs only),False,WLTP,0,0,0,0,0,0,0,0,0,0,0,0,0,0,0,,367,590,0,,,,,,,65.0,17 January 2025,
VOLVO,"EX40, MY25",Single Motor Core,N/A,Electric - Not Applicable,0,Electricity,Battery Electric Vehicle (BEV) / Pure Electric Vehicle / Electric Vehicle (EV),238,175,3.7,167,476,296,Euro 6-WLTP (for BEVs only),False,WLTP,0,0,0,0,0,0,0,0,0,0,0,0,0,0,0,,417,671,0,,,,,,,68.0,17 January 2025,
VOLVO,"EX40, MY25",Single Motor Extended Range Core,N/A,Electric - Not Applicable,0,Electricity,Battery Electric Vehicle (BEV) / Pure Electric Vehicle / Electric Vehicle (EV),252,185,3.7,166,552,343,Euro 6-WLTP (for BEVs only),False,WLTP,0,0,0,0,0,0,0,0,0,0,0,0,0,0,0,,475,764,0,,,,,,,68.0,17 January 2025,
VOLVO,"EX40, MY25",Single Motor Plus,N/A,Electric - Not Applicable,0,Electricity,Battery Electric Vehicle (BEV) / Pure Electric Vehicle / Electric Vehicle (EV),238,175,3.7,168,473,294,Euro 6-WLTP (for BEVs only),False,WLTP,0,0,0,0,0,0,0,0,0,0,0,0,0,0,0,,414,667,0,,,,,,,68.0,17 January 2025,
VOLVO,"EX40, MY25",Single Motor Extended Range Plus,N/A,Electric - Not Applicable,0,Electricity,Battery Electric Vehicle (BEV) / Pure Electric Vehicle / Electric Vehicle (EV),252,185,3.7,167,549,341,Euro 6-WLTP (for BEVs only),False,WLTP,0,0,0,0,0,0,0,0,0,0,0,0,0,0,0,,472,759,0,,,,,,,68.0,17 January 2025,
VOLVO,"EX40, MY25",Twin Motor Plus,N/A,Electric - Not Applicable,0,Electricity,Battery Electric Vehicle (BEV) / Pure Electric Vehicle / Electric Vehicle (EV),408,300,3.5,177,534,332,Euro 6-WLTP (for BEVs only),False,WLTP,0,0,0,0,0,0,0,0,0,0,0,0,0,0,0,,443,713,0,,,,,,,68.0,17 January 2025,
VOLVO,"EX40, MY25",Single Motor Extended Range Plus Black Edition,N/A,Electric - Not Applicable,0,Electricity,Battery Electric Vehicle (BEV) / Pure Electric Vehicle / Electric Vehicle (EV),252,185,3.6,170,540,336,Euro 6-WLTP (for BEVs only),False,WLTP,0,0,0,0,0,0,0,0,0,0,0,0,0,0,0,,470,757,0,,,,,,,68.0,17 January 2025,
VOLVO,"EX40, MY25",Twin Motor Performance Plus Black Edition,N/A,Electric - Not Applicable,0,Electricity,Battery Electric Vehicle (BEV) / Pure Electric Vehicle / Electric Vehicle (EV),442,325,3.4,180,525,326,Euro 6-WLTP (for BEVs only),False,WLTP,0,0,0,0,0,0,0,0,0,0,0,0,0,0,0,,442,711,0,,,,,,,68.0,17 January 2025,
VOLVO,"EX40, MY25",Single Motor Extended Range Ultra,N/A,Electric - Not Applicable,0,Electricity,Battery Electric Vehicle (BEV) / Pure Electric Vehicle / Electric Vehicle (EV),252,185,3.6,171,535,332,Euro 6-WLTP (for BEVs only),False,WLTP,0,0,0,0,0,0,0,0,0,0,0,0,0,0,0,,464,747,0,,,,,,,68.0,17 January 2025,
VOLVO,"EX40, MY25",Twin Motor Ultra,N/A,Electric - Not Applicable,0,Electricity,Battery Electric Vehicle (BEV) / Pure Electric Vehicle / Electric Vehicle (EV),408,300,3.4,182,520,323,Euro 6-WLTP (for BEVs only),False,WLTP,0,0,0,0,0,0,0,0,0,0,0,0,0,0,0,,436,702,0,,,,,,,68.0,17 January 2025,
VOLVO,"EX40, MY25",Single Motor Extended Range Ultra Black Edition,N/A,Electric - Not Applicable,0,Electricity,Battery Electric Vehicle (BEV) / Pure Electric Vehicle / Electric Vehicle (EV),252,185,3.6,171,536,333,Euro 6-WLTP (for BEVs only),False,WLTP,0,0,0,0,0,0,0,0,0,0,0,0,0,0,0,,465,749,0,,,,,,,68.0,17 January 2025,
VOLVO,"EX40, MY25",Twin Motor Performance Ultra Black Edition,N/A,Electric - Not Applicable,0,Electricity,Battery Electric Vehicle (BEV) / Pure Electric Vehicle / Electric Vehicle (EV),442,325,3.4,182,521,324,Euro 6-WLTP (for BEVs only),False,WLTP,0,0,0,0,0,0,0,0,0,0,0,0,0,0,0,,437,704,0,,,,,,,68.0,17 January 2025,
VOLVO,"EX90, MY25",Twin Motor Ultra,N/A,Electric - Not Applicable,0,Electricity,Battery Electric Vehicle (BEV) / Pure Electric Vehicle / Electric Vehicle (EV),408,300,2.9,211,602,374,Euro 6-WLTP (for BEVs only),False,WLTP,0,0,0,0,0,0,0,0,0,0,0,0,0,0,0,,465,748,0,,,,,,,66.0,17 January 2025,
VOLVO,"EX90, MY25",Twin Motor Performance Ultra,N/A,Electric - Not Applicable,0,Electricity,Battery Electric Vehicle (BEV) / Pure Electric Vehicle / Electric Vehicle (EV),517,380,2.9,211,602,374,Euro 6-WLTP (for BEVs only),False,WLTP,0,0,0,0,0,0,0,0,0,0,0,0,0,0,0,,465,748,0,,,,,,,66.0,17 January 2025,
VOLVO,"S60, MY23",B5 Plus,8AT,Automatic,1969,Petrol Electric,Mild Hybrid Electric Vehicle (MHEV),250,184,0,,,,Euro 6d,False,WLTP,25.6,38.6,45.5,39.2,38.1,0,11,7.3,6.2,7.2,7.4,0,168,,,,,,289,10,30,40,,,,70.0,13 October 2023,
VOLVO,"S60, MY23",B5 Ultimate,8AT,Automatic,1969,Petrol Electric,Mild Hybrid Electric Vehicle (MHEV),250,184,0,,,,Euro 6d,False,WLTP,26.1,42.7,51.3,45.5,42.1,0,10.8,6.6,5.5,6.2,6.7,0,152,,,,,,289,10,30,40,,,,70.0,13 October 2023,
VOLVO,"S60, MY23",Recharge Plug-in Hybrid T8 Plus AWD,8A-AWD,Automatic,1969,Electricity / Petrol,Plug-in Hybrid Electric Vehicle (PHEV),455,335,3.6,169,89,55,Euro 6d,False,WLTP,0,0,0,0,0,256.5,0,0,0,0,0,1.1,142,18,58,94,65,105,673,5,10,15,,,,68.0,09 September 2022,
VOLVO,"S60, MY23",Recharge Plug-in Hybrid T8 Ultimate AWD,8A-AWD,Automatic,1969,Electricity / Petrol,Plug-in Hybrid Electric Vehicle (PHEV),455,335,3.6,169,89,55,Euro 6d,False,WLTP,0,0,0,0,0,256.5,0,0,0,0,0,1.1,142,18,58,94,65,105,673,5,10,15,,,,68.0,09 September 2022,
VOLVO,"S60, MY24",B5 AWD Plus,8AT-AWD,Automatic,1969,Petrol Electric,Mild Hybrid Electric Vehicle (MHEV),250,184,0,,,,Euro 6d,False,WLTP,25.4,39.2,47,42.7,39.7,0,11.1,7.2,6,6.6,7.1,0,162,0,,,,,388,17,17,,,,,67.0,03 October 2023,
VOLVO,"S60, MY24",B5 AWD Ultimate,8AT-AWD,Automatic,1969,Petrol Electric,Mild Hybrid Electric Vehicle (MHEV),250,184,0,,,,Euro 6d,False,WLTP,25.2,38.6,46.2,42.7,39.2,0,11.2,7.3,6.1,6.6,7.2,0,163,0,,,,,388,17,17,,,,,67.0,03 October 2023,
VOLVO,"S60, MY24",Recharge Plug-in Hybrid T8 AWD Ultimate,8AT-FWD,Automatic,1969,Electricity / Petrol,Plug-in Hybrid Electric Vehicle (PHEV),455,335,3.6,172,89,55,Euro 6d,False,WLTP,0,0,0,0,0,352.6,0,0,0,0,0,0.8,0,17,55,89,65,104,283,7,7,,,,,68.0,03 October 2023,
VOLVO,"S90, MY23",Recharge plug-in hybrid T8 Plus AWD - Bright Theme,8A-AWD,Automatic,1969,Electricity / Petrol,Plug-in Hybrid Electric Vehicle (PHEV),455,335,3.6,171,88,55,Euro 6d,False,WLTP,0,0,0,0,0,256.5,0,0,0,0,0,1.1,143,17,56,90,68,109,559,6,8,15,,,,68.0,09 September 2022,
VOLVO,"S90, MY23",Recharge plug-in hybrid T8 Plus AWD - Dark Theme,8A-AWD,Automatic,1969,Electricity / Petrol,Plug-in Hybrid Electric Vehicle (PHEV),455,335,3.6,171,88,55,Euro 6d,False,WLTP,0,0,0,0,0,256.5,0,0,0,0,0,1.1,143,17,56,90,68,109,559,6,8,15,,,,68.0,09 September 2022,
VOLVO,"S90, MY23",Recharge plug-in hybrid T8 Ultimate AWD - Dark Theme,8A-AWD,Automatic,1969,Electricity / Petrol,Plug-in Hybrid Electric Vehicle (PHEV),455,335,3.6,171,88,55,Euro 6d,False,WLTP,0,0,0,0,0,256.5,0,0,0,0,0,1.1,143,17,56,90,68,109,559,6,8,15,,,,68.0,09 September 2022,
VOLVO,"S90, MY24",Recharge Plug-in Hybrid T8 AWD Plus,8AT-FWD,Automatic,1969,Electricity / Petrol,Plug-in Hybrid Electric Vehicle (PHEV),455,335,3.5,173,89,55,Euro 6d,False,WLTP,0,0,0,0,0,352.6,0,0,0,0,0,0.8,0,17,55,89,66,106,283,7,6,,,,,68.0,03 October 2023,
VOLVO,"S90, MY24",Recharge Plug-in Hybrid T8 AWD Ultimate,8AT-FWD,Automatic,1969,Electricity / Petrol,Plug-in Hybrid Electric Vehicle (PHEV),455,335,3.5,174,88,55,Euro 6d,False,WLTP,0,0,0,0,0,352.6,0,0,0,0,0,0.8,0,18,55,88,65,105,283,7,6,,,,,68.0,03 October 2023,
VOLVO,"V60, MY23",Cross Country B5 Plus AWD,8A-AWD,Automatic,1969,Petrol Electric,Mild Hybrid Electric Vehicle (MHEV),250,184,0,,,,Euro 6d,False,WLTP,24.7,36.2,42.1,36.2,35.7,0,11.4,7.8,6.7,7.8,7.9,0,180,,,,,,301,11,30,40,,,,70.0,13 October 2023,
VOLVO,"V60, MY23",Cross Country B5 Ultimate AWD,8A-AWD,Automatic,1969,Petrol Electric,Mild Hybrid Electric Vehicle (MHEV),250,184,0,,,,Euro 6d,False,WLTP,25.4,39.2,45.5,39.2,38.1,0,11.1,7.2,6.2,7.2,7.4,0,168,,,,,,301,11,30,40,,,,70.0,13 October 2023,
VOLVO,"V60, MY23",B3 Core,8AT,Automatic,1969,Petrol Electric,Mild Hybrid Electric Vehicle (MHEV),163,120,0,,,,Euro 6d,False,WLTP,25.9,38.6,44.8,39.7,38.1,0,10.9,7.3,6.3,7.1,7.4,0,168,,,,,,297,9,31,40,,,,71.0,13 October 2023,
VOLVO,"V60, MY23",B3 Plus,8AT,Automatic,1969,Petrol Electric,Mild Hybrid Electric Vehicle (MHEV),163,120,0,,,,Euro 6d,False,WLTP,27.1,42.7,48.6,44.1,41.5,0,10.4,6.6,5.8,6.4,6.8,0,155,,,,,,297,9,31,40,,,,71.0,13 October 2023,
VOLVO,"V60, MY23",B4 Plus,8AT,Automatic,1969,Petrol Electric,Mild Hybrid Electric Vehicle (MHEV),197,145,0,,,,Euro 6d,False,WLTP,25.9,38.1,45.5,39.2,38.1,0,10.9,7.4,6.2,7.2,7.4,0,168,,,,,,316,11,28,38,,,,70.0,13 October 2023,
VOLVO,"V60, MY23",B4 Ultimate,8AT,Automatic,1969,Petrol Electric,Mild Hybrid Electric Vehicle (MHEV),197,145,0,,,,Euro 6d,False,WLTP,27.1,42.1,50.4,44.1,41.5,0,10.4,6.7,5.6,6.4,6.8,0,154,,,,,,316,11,28,38,,,,70.0,13 October 2023,
VOLVO,"V60, MY23",Recharge T6 Plug-in Hybrid AWD Inscription,8A-AWD,Automatic,1969,Electricity / Petrol,Plug-in Hybrid Electric Vehicle (PHEV),350,257,3.5,174,88,55,Euro 6d,False,WLTP,0,0,0,0,0,256.5,0,0,0,0,0,1.1,146,18,57,91,64,103,673,5,10,15,,,,68.0,09 September 2022,
VOLVO,"V60, MY23",Recharge T6 Plug-in Hybrid AWD Inscription,8A-AWD,Automatic,1969,Electricity / Petrol,Plug-in Hybrid Electric Vehicle (PHEV),350,257,3.5,174,88,55,Euro 6d,False,WLTP,0,0,0,0,0,256.5,0,0,0,0,0,1.1,146,18,57,91,64,103,673,5,10,15,,,,68.0,09 September 2022,
VOLVO,"V60, MY24",B3 Plus,7AT-FWD,Automatic,1969,Petrol Electric,Mild Hybrid Electric Vehicle (MHEV),163,120,0,,,,Euro 6d,False,WLTP,29.7,47,54.3,46.2,45.5,0,9.5,6,5.2,6.1,6.2,0,142,0,,,,,201,14,12,,,,,67.0,03 October 2023,
VOLVO,"V60, MY24",B4 Plus,7AT-FWD,Automatic,1969,Petrol Electric,Mild Hybrid Electric Vehicle (MHEV),197,145,0,,,,Euro 6d,False,WLTP,30.3,47,54.3,44.8,44.8,0,9.3,6,5.2,6.3,6.3,0,143,0,,,,,208,17,12,,,,,67.0,03 October 2023,
VOLVO,"V60, MY24",B4 Ultimate,7AT-FWD,Automatic,1969,Petrol Electric,Mild Hybrid Electric Vehicle (MHEV),197,145,0,,,,Euro 6d,False,WLTP,30.3,46.2,53.2,44.8,44.8,0,9.3,6.1,5.3,6.3,6.3,0,144,0,,,,,208,17,12,,,,,67.0,03 October 2023,
VOLVO,"V60, MY24",Recharge Plug-in Hybrid T6 AWD Plus,8AT-FWD,Automatic,1969,Electricity / Petrol,Plug-in Hybrid Electric Vehicle (PHEV),350,257,3.5,175,88,55,Euro 6d,False,WLTP,0,0,0,0,0,352.6,0,0,0,0,0,0.8,0,18,55,88,65,104,283,7,7,,,,,68.0,03 October 2023,
VOLVO,"V60, MY24",Recharge Plug-in Hybrid T8 AWD Ultimate,8AT-FWD,Automatic,1969,Electricity / Petrol,Plug-in Hybrid Electric Vehicle (PHEV),455,335,3.5,176,87,54,Euro 6d,False,WLTP,0,0,0,0,0,352.6,0,0,0,0,0,0.8,0,18,54,87,65,104,283,7,7,,,,,68.0,03 October 2023,
VOLVO,"V60, MY24",Cross Country B5 AWD Plus,8AT-AWD,Automatic,1969,Petrol Electric,Mild Hybrid Electric Vehicle (MHEV),250,184,0,,,,Euro 6d,False,WLTP,25.4,38.1,44.8,39.7,38.1,0,11.1,7.4,6.3,7.1,7.4,0,168,0,,,,,360,17,19,,,,,68.0,03 October 2023,
VOLVO,"V60, MY24",Cross Country B5 AWD Ultimate,8AT-AWD,Automatic,1969,Petrol Electric,Mild Hybrid Electric Vehicle (MHEV),250,184,0,,,,Euro 6d,False,WLTP,25.2,38.1,44.8,39.7,37.6,0,11.2,7.4,6.3,7.1,7.5,0,170,0,,,,,360,17,19,,,,,68.0,03 October 2023,
VOLVO,"V60, MY25",Plug-in Hybrid T6 Plus - Dark Theme,8AT-AWD,Automatic,1969,Electricity / Petrol,Plug-in Hybrid Electric Vehicle (PHEV),253,186,3.7,165,91,57,Euro 6d,False,WLTP,0,0,0,0,0,352.6,0,0,0,0,0,0.8,0,17,57,92,63,101,107,5,7,,0.13,48,48,68.0,09 October 2024,
VOLVO,"V60, MY25",B4 Plus - Dark Theme,8AT-FWD,Automatic,1969,Petrol Electric,Mild Hybrid Electric Vehicle (MHEV),197,145,0,,,,Euro 6d,False,WLTP,31.3,46.2,53.2,44.8,44.8,0,9,6.1,5.3,6.3,6.3,0,143,0,,,,,331,18,12,,0.10,60,60,67.0,09 October 2024,
VOLVO,"V60, MY25",Plug-in Hybrid T8 Ultra - Dark Theme,8AT-AWD,Automatic,1969,Electricity / Petrol,Plug-in Hybrid Electric Vehicle (PHEV),310,228,3.7,167,90,56,Euro 6d,False,WLTP,0,0,0,0,0,352.6,0,0,0,0,0,0.8,0,18,57,91,62,100,107,5,7,,0.13,48,48,68.0,09 October 2024,
VOLVO,"V60, MY25",B4 Ultra - Dark Theme,8AT-FWD,Automatic,1969,Petrol Electric,Mild Hybrid Electric Vehicle (MHEV),197,145,0,,,,Euro 6d,False,WLTP,31.3,46.2,53.2,44.8,44.8,0,9,6.1,5.3,6.3,6.3,0,144,0,,,,,331,18,12,,0.10,60,60,67.0,09 October 2024,
VOLVO,"V90, MY23",Cross Country B5 Plus AWD,8A-AWD,Automatic,1969,Diesel Electric,Mild Hybrid Electric Vehicle (MHEV),235,173,0,,,,Euro 6d,False,WLTP,33.6,40.3,48.6,39.7,41.5,0,8.4,7,5.8,7.1,6.8,0,179,,,,,,244,24,38,62,0.69,,,67.0,13 October 2023,
VOLVO,"V90, MY23",B4 Plus,8AT,Automatic,1969,Diesel Electric,Mild Hybrid Electric Vehicle (MHEV),197,145,0,,,,Euro 6d,False,WLTP,38.6,42.3,50.2,45.5,44.8,0,7.3,6.7,5.6,6.2,6.3,0,164,,,,,,247,27,32,59,0.87,,,68.0,13 October 2023,
VOLVO,"V90, MY23",B4 Core,8AT,Automatic,1969,Petrol Electric,Mild Hybrid Electric Vehicle (MHEV),197,145,0,,,,Euro 6d,False,WLTP,26.6,42.1,48.6,42.1,40.3,0,10.6,6.7,5.8,6.7,7,0,158,,,,,,295,9,30,38,,,,68.0,13 October 2023,
VOLVO,"V90, MY23",B4 Plus,8AT,Automatic,1969,Petrol Electric,Mild Hybrid Electric Vehicle (MHEV),197,145,0,,,,Euro 6d,False,WLTP,25.6,37.6,43.5,36.5,36.5,0,11,7.5,6.5,7.7,7.7,0,175,,,,,,295,9,30,38,,,,68.0,13 October 2023,
VOLVO,"V90, MY24",B4 Plus,8AT-FWD,Automatic,1969,Petrol Electric,Mild Hybrid Electric Vehicle (MHEV),197,145,0,,,,Euro 6d,False,WLTP,27.4,39.7,46.2,41.5,39.7,0,10.3,7.1,6.1,6.8,7.1,0,161,0,,,,,435,14,18,,,,,68.0,03 October 2023,
VOLVO,"V90, MY24",B5 Plus,8AT-FWD,Automatic,1969,Petrol Electric,Mild Hybrid Electric Vehicle (MHEV),250,184,0,,,,Euro 6d,False,WLTP,26.4,40.3,47,40.9,39.7,0,10.7,7,6,6.9,7.1,0,162,0,,,,,319,15,17,,,,,68.0,03 October 2023,
VOLVO,"V90, MY24",B5 Ultimate,8AT-FWD,Automatic,1969,Petrol Electric,Mild Hybrid Electric Vehicle (MHEV),250,184,0,,,,Euro 6d,False,WLTP,26.1,39.7,47,40.9,39.2,0,10.8,7.1,6,6.9,7.2,0,163,0,,,,,319,15,17,,,,,68.0,03 October 2023,
VOLVO,"V90, MY24",Recharge Plug-in Hybrid T6 AWD Plus,8AT-FWD,Automatic,1969,Electricity / Petrol,Plug-in Hybrid Electric Vehicle (PHEV),350,257,3.5,177,87,54,Euro 6d,False,WLTP,0,0,0,0,0,352.6,0,0,0,0,0,0.8,0,18,54,87,65,105,283,7,6,,,,,68.0,03 October 2023,
VOLVO,"V90, MY24",Recharge Plug-in Hybrid T8 AWD Ultimate,8AT-FWD,Automatic,1969,Electricity / Petrol,Plug-in Hybrid Electric Vehicle (PHEV),455,335,3.4,181,84,52,Euro 6d,False,WLTP,0,0,0,0,0,313.4,0,0,0,0,0,0.9,0,20,52,84,63,102,283,7,6,,,,,68.0,03 October 2023,
VOLVO,"V90, MY24",Cross Country B4 AWD Plus,8AT-AWD,Automatic,1969,Diesel Electric,Mild Hybrid Electric Vehicle (MHEV),197,145,0,,,,Euro 6d,False,WLTP,35.7,44.8,52.2,44.1,44.8,0,7.9,6.3,5.4,6.4,6.3,0,164,0,,,,,240,,37,68,0.51,,,67.0,03 October 2023,
VOLVO,"V90, MY24",Cross Country B5 AWD Plus,8AT-AWD,Automatic,1969,Petrol Electric,Mild Hybrid Electric Vehicle (MHEV),250,184,0,,,,Euro 6d,False,WLTP,25.2,37.1,42.7,36.6,36.2,0,11.2,7.6,6.6,7.7,7.8,0,177,0,,,,,372,15,19,,,,,68.0,03 October 2023,
VOLVO,"V90, MY24",Cross Country B6 AWD Ultimate,8AT-AWD,Automatic,1969,Petrol Electric,Mild Hybrid Electric Vehicle (MHEV),300,220,0,,,,Euro 6d,False,WLTP,23.1,33.6,38.6,33.2,32.8,0,12.2,8.4,7.3,8.5,8.6,0,194,0,,,,,441,26,37,,,,,68.0,03 October 2023,
VOLVO,"V90, MY25",Plug-in Hybrid T6 Plus - Dark Theme,8AT-AWD,Automatic,1969,Electricity / Petrol,Plug-in Hybrid Electric Vehicle (PHEV),253,186,3.5,176,87,54,Euro 6d,False,WLTP,0,0,0,0,0,352.6,0,0,0,0,0,0.8,0,18,54,87,66,106,283,7,6,,0.10,48,48,68.0,09 October 2024,
VOLVO,"V90, MY25",Plug-in Hybrid T8 Ultra - Dark Theme,8AT-AWD,Automatic,1969,Electricity / Petrol,Plug-in Hybrid Electric Vehicle (PHEV),310,228,3.4,181,84,52,Euro 6d,False,WLTP,0,0,0,0,0,313.4,0,0,0,0,0,0.9,0,20,52,84,63,102,283,7,6,,0.10,48,48,68.0,09 October 2024,
VOLVO,"XC40, MY23",Recharge Core,N/A,Electric - Not Applicable,0,Electricity,Battery Electric Vehicle (BEV) / Pure Electric Vehicle / Electric Vehicle (EV),231,170,3.3,185,422,262,Euro 6-WLTP (for BEVs only),False,WLTP,0,0,0,0,0,0,0,0,0,0,0,0,0,,0,,355,571,0,,,,,,,67.0,17 January 2025,
VOLVO,"XC40, MY23",Recharge Plus,N/A,Electric - Not Applicable,0,Electricity,Battery Electric Vehicle (BEV) / Pure Electric Vehicle / Electric Vehicle (EV),231,170,3.3,185,422,262,Euro 6-WLTP (for BEVs only),False,WLTP,0,0,0,0,0,0,0,0,0,0,0,0,0,,0,,355,571,0,,,,,,,67.0,17 January 2025,
VOLVO,"XC40, MY23",Recharge Twin Plus,N/A,Electric - Not Applicable,0,Electricity,Battery Electric Vehicle (BEV) / Pure Electric Vehicle / Electric Vehicle (EV),408,300,3,204,429,267,Euro 6-WLTP (for BEVs only),False,WLTP,0,0,0,0,0,0,0,0,0,0,0,0,0,,0,,342,550,0,,,,,,,67.0,17 January 2025,
VOLVO,"XC40, MY23",Recharge Twin Ultimate,N/A,Electric - Not Applicable,0,Electricity,Battery Electric Vehicle (BEV) / Pure Electric Vehicle / Electric Vehicle (EV),408,300,3,204,429,267,Euro 6-WLTP (for BEVs only),False,WLTP,0,0,0,0,0,0,0,0,0,0,0,0,0,,0,,342,550,0,,,,,,,67.0,17 January 2025,
VOLVO,"XC40, MY23",Recharge Ultimate,N/A,Electric - Not Applicable,0,Electricity,Battery Electric Vehicle (BEV) / Pure Electric Vehicle / Electric Vehicle (EV),231,170,3.3,185,422,262,Euro 6-WLTP (for BEVs only),False,WLTP,0,0,0,0,0,0,0,0,0,0,0,0,0,,0,,355,571,0,,,,,,,67.0,17 January 2025,
VOLVO,"XC40, MY23",T2 Start,6MT,Manual,1477,Petrol,Internal Combustion Engine (ICE),129,95,0,,,,Euro 6d,False,WLTP,29.4,38.1,42.7,35.3,37.1,0,9.6,7.4,6.6,8,7.6,0,173,,,,,,309,11,32,,,,,68.0,13 October 2023,
VOLVO,"XC40, MY23",B4 AWD Plus - Dark Theme,8A-AWD,Automatic,1969,Petrol Electric,Mild Hybrid Electric Vehicle (MHEV),197,145,0,,,,Euro 6d,False,WLTP,23.7,35.3,40.3,34.8,34.4,0,11.9,8,7,8.1,8.2,0,188,,,,,,291,11,30,41,,,,68.0,13 October 2023,
VOLVO,"XC40, MY23",B3 Core,8AT,Automatic,1969,Petrol Electric,Mild Hybrid Electric Vehicle (MHEV),163,120,0,,,,Euro 6d,False,WLTP,31,46.3,50.4,41.5,42.8,0,9.1,6.1,5.6,6.8,6.6,0,152,,,,,,269,10,24,34,,,,68.0,13 October 2023,
VOLVO,"XC40, MY23",B3 Plus - Dark Theme,8AT,Automatic,1969,Petrol Electric,Mild Hybrid Electric Vehicle (MHEV),163,120,0,,,,Euro 6d,False,WLTP,31,46.3,50.4,41.5,42.8,0,9.1,6.1,5.6,6.8,6.6,0,152,,,,,,269,10,24,34,,,,68.0,13 October 2023,
VOLVO,"XC40, MY23",B4 Ultimate - Dark Theme,8AT,Automatic,1969,Petrol Electric,Mild Hybrid Electric Vehicle (MHEV),197,145,0,,,,Euro 6d,False,WLTP,25.6,37.6,43.4,35.7,36.2,0,11,7.5,6.5,7.9,7.8,0,177,,,,,,269,10,24,34,,,,68.0,13 October 2023,
VOLVO,"XC40, MY23",Recharge plug-in hybrid T4 Core,7A-FWD,Automatic,1477,Electricity / Petrol,Plug-in Hybrid Electric Vehicle (PHEV),211,155,3.9,159,50,31,Euro 6d,False,WLTP,0,0,0,0,0,134.3,0,0,0,0,0,2.1,47,41,28,45,35,56,81,6,11,17,,,,68.0,09 September 2022,
VOLVO,"XC40, MY23",Recharge plug-in hybrid T4 Plus - Dark Theme,7A-FWD,Automatic,1477,Electricity / Petrol,Plug-in Hybrid Electric Vehicle (PHEV),211,155,3.9,159,50,31,Euro 6d,False,WLTP,0,0,0,0,0,134.3,0,0,0,0,0,2.1,47,41,28,45,35,56,81,6,11,17,,,,68.0,09 September 2022,
VOLVO,"XC40, MY23",Recharge plug-in hybrid T5 Ultimate - Bright Theme,7A-FWD,Automatic,1477,Electricity / Petrol,Plug-in Hybrid Electric Vehicle (PHEV),262,192,3.9,159,50,31,Euro 6d,False,WLTP,0,0,0,0,0,134.3,0,0,0,0,0,2.1,47,41,28,45,35,56,81,6,11,17,,,,68.0,09 September 2022,
VOLVO,"XC40, MY23",Recharge plug-in hybrid T5 Ultimate - Dark Theme,7A-FWD,Automatic,1477,Electricity / Petrol,Plug-in Hybrid Electric Vehicle (PHEV),262,192,3.9,159,50,31,Euro 6d,False,WLTP,0,0,0,0,0,134.3,0,0,0,0,0,2.1,47,41,28,45,35,56,81,6,11,17,,,,68.0,09 September 2022,
VOLVO,"XC40, MY24",Recharge Single Motor Core,N/A,Electric - Not Applicable,0,Electricity,Battery Electric Vehicle (BEV) / Pure Electric Vehicle / Electric Vehicle (EV),238,175,3.7,168,466,290,Euro 6-WLTP (for BEVs only),False,WLTP,0,0,0,0,0,0,0,0,0,0,0,0,0,0,0,,402,647,0,,,,,,,68.0,17 January 2025,
VOLVO,"XC40, MY24",Recharge Single Motor Plus,N/A,Electric - Not Applicable,0,Electricity,Battery Electric Vehicle (BEV) / Pure Electric Vehicle / Electric Vehicle (EV),238,175,3.6,169,464,288,Euro 6-WLTP (for BEVs only),False,WLTP,0,0,0,0,0,0,0,0,0,0,0,0,0,0,0,,399,642,0,,,,,,,68.0,17 January 2025,
VOLVO,"XC40, MY24",Recharge Single Motor Ultimate,N/A,Electric - Not Applicable,0,Electricity,Battery Electric Vehicle (BEV) / Pure Electric Vehicle / Electric Vehicle (EV),238,175,3.5,174,453,281,Euro 6-WLTP (for BEVs only),False,WLTP,0,0,0,0,0,0,0,0,0,0,0,0,0,0,0,,389,626,0,,,,,,,68.0,17 January 2025,
VOLVO,"XC40, MY24",Recharge Twin Motor Core,N/A,Electric - Not Applicable,0,Electricity,Battery Electric Vehicle (BEV) / Pure Electric Vehicle / Electric Vehicle (EV),408,300,3.5,176,537,334,Euro 6-WLTP (for BEVs only),False,WLTP,0,0,0,0,0,0,0,0,0,0,0,0,0,0,0,,448,721,0,,,,,,,68.0,17 January 2025,
VOLVO,"XC40, MY24",Recharge Twin Motor Plus,N/A,Electric - Not Applicable,0,Electricity,Battery Electric Vehicle (BEV) / Pure Electric Vehicle / Electric Vehicle (EV),408,300,3.5,177,535,332,Euro 6-WLTP (for BEVs only),False,WLTP,0,0,0,0,0,0,0,0,0,0,0,0,0,0,0,,445,716,0,,,,,,,68.0,17 January 2025,
VOLVO,"XC40, MY24",Recharge Twin Motor Ultimate,N/A,Electric - Not Applicable,0,Electricity,Battery Electric Vehicle (BEV) / Pure Electric Vehicle / Electric Vehicle (EV),408,300,3.4,180,525,326,Euro 6-WLTP (for BEVs only),False,WLTP,0,0,0,0,0,0,0,0,0,0,0,0,0,0,0,,439,706,0,,,,,,,68.0,17 January 2025,
VOLVO,"XC40, MY24",B3 Core,7AT-FWD,Automatic,1969,Petrol Electric,Mild Hybrid Electric Vehicle (MHEV),163,120,0,,,,Euro 6d,False,WLTP,30.7,45.5,50.4,40.9,42.1,0,9.2,6.2,5.6,6.9,6.7,0,152,0,,,,,248,14,14,,,,,68.0,03 October 2023,
VOLVO,"XC40, MY24",B3 Plus,7AT-FWD,Automatic,1969,Petrol Electric,Mild Hybrid Electric Vehicle (MHEV),163,120,0,,,,Euro 6d,False,WLTP,30.7,45.5,49.5,40.9,42.1,0,9.2,6.2,5.7,6.9,6.7,0,152,0,,,,,248,14,14,,,,,68.0,03 October 2023,
VOLVO,"XC40, MY24",B3 Ultimate,7AT-FWD,Automatic,1969,Petrol Electric,Mild Hybrid Electric Vehicle (MHEV),163,120,0,,,,Euro 6d,False,WLTP,30.7,44.8,50.4,40.9,42.1,0,9.2,6.3,5.6,6.9,6.7,0,152,0,,,,,248,14,14,,,,,68.0,03 October 2023,
VOLVO,"XC40, MY24",B4 Plus,7AT-FWD,Automatic,1969,Petrol Electric,Mild Hybrid Electric Vehicle (MHEV),197,145,0,,,,Euro 6d,False,WLTP,31,45.5,49.5,40.9,42.1,0,9.1,6.2,5.7,6.9,6.7,0,152,0,,,,,287,13,13,,,,,68.0,03 October 2023,
VOLVO,"XC40, MY24",B4 Ultimate,7AT-FWD,Automatic,1969,Petrol Electric,Mild Hybrid Electric Vehicle (MHEV),197,145,0,,,,Euro 6d,False,WLTP,30.7,44.8,49.5,40.9,42.1,0,9.2,6.3,5.7,6.9,6.7,0,151,0,,,,,287,13,13,,,,,68.0,03 October 2023,
VOLVO,"XC40, MY24",Recharge Plug-in Hybrid T4 Plus,7AT-FWD,Automatic,1477,Electricity / Petrol,Plug-in Hybrid Electric Vehicle (PHEV),211,155,4,154,46,29,Euro 6d,False,WLTP,0,0,0,0,0,134.3,0,0,0,0,0,2.1,0,47,29,46,34,54,110,6,8,,,,,68.0,03 October 2023,
VOLVO,"XC40, MY24",Recharge Plug-in Hybrid T5 Ultimate - Bright Theme,7AT-FWD,Automatic,1477,Electricity / Petrol,Plug-in Hybrid Electric Vehicle (PHEV),262,192,4,154,45,28,Euro 6d,False,WLTP,0,0,0,0,0,134.3,0,0,0,0,0,2.1,0,49,28,45,34,54,110,6,8,,,,,68.0,03 October 2023,
VOLVO,"XC40, MY24",Recharge Plug-in Hybrid T5 Ultimate - Dark Theme,7AT-FWD,Automatic,1477,Electricity / Petrol,Plug-in Hybrid Electric Vehicle (PHEV),262,192,4,154,45,28,Euro 6d,False,WLTP,0,0,0,0,0,134.3,0,0,0,0,0,2.1,0,49,28,45,34,54,110,6,8,,,,,68.0,03 October 2023,
VOLVO,"XC40, MY25",B4 Ultra - Dark Theme,8AT-FWD,Automatic,1969,Petrol Electric,Mild Hybrid Electric Vehicle (MHEV),197,145,0,,,,Euro 6d,False,WLTP,31.7,44.1,49.5,40.3,42.1,0,8.9,6.4,5.7,7,6.7,0,153,0,,,,,347,21,14,,0.10,60,60,68.0,09 October 2024,
VOLVO,"XC40, MY25",B3 Core,8AT-FWD,Automatic,1969,Petrol Electric,Mild Hybrid Electric Vehicle (MHEV),163,120,0,,,,Euro 6d,False,WLTP,32.1,44.8,50.4,40.9,42.7,0,8.8,6.3,5.6,6.9,6.6,0,150,0,,,,,347,21,14,,0.10,60,60,68.0,09 October 2024,
VOLVO,"XC40, MY25",B3 Plus - Dark Theme,8AT-FWD,Automatic,1969,Petrol Electric,Mild Hybrid Electric Vehicle (MHEV),163,120,0,,,,Euro 6d,False,WLTP,32.1,44.8,51.3,41.5,42.7,0,8.8,6.3,5.5,6.8,6.6,0,149,0,,,,,347,21,14,,0.10,60,60,68.0,09 October 2024,
VOLVO,"XC40, MY25",B4 Plus - Dark Theme,8AT-FWD,Automatic,1969,Petrol Electric,Mild Hybrid Electric Vehicle (MHEV),197,145,0,,,,Euro 6d,False,WLTP,32.1,44.8,51.3,41.5,42.7,0,8.8,6.3,5.5,6.8,6.6,0,149,0,,,,,347,21,14,,0.10,60,60,68.0,09 October 2024,
VOLVO,"XC40, MY25",B3 Plus Black Edition,8AT-FWD,Automatic,1969,Petrol Electric,Mild Hybrid Electric Vehicle (MHEV),163,120,0,,,,Euro 6d,False,WLTP,32.1,44.1,49.5,40.3,42.1,0,8.8,6.4,5.7,7,6.7,0,152,0,,,,,347,21,14,,0.10,60,60,68.0,09 October 2024,
VOLVO,"XC40, MY25",B4 Plus Black Edition,8AT-FWD,Automatic,1969,Petrol Electric,Mild Hybrid Electric Vehicle (MHEV),197,145,0,,,,Euro 6d,False,WLTP,32.1,44.1,49.5,40.3,42.1,0,8.8,6.4,5.7,7,6.7,0,152,0,,,,,347,21,14,,0.10,60,60,68.0,09 October 2024,
VOLVO,"XC40, MY25",B3 Ultra - Bright Theme,8AT-FWD,Automatic,1969,Petrol Electric,Mild Hybrid Electric Vehicle (MHEV),163,120,0,,,,Euro 6d,False,WLTP,31.7,44.1,49.5,40.3,42.1,0,8.9,6.4,5.7,7,6.7,0,153,0,,,,,347,21,14,,0.10,60,60,68.0,09 October 2024,
VOLVO,"XC40, MY25",B3 Ultra - Dark Theme,8AT-FWD,Automatic,1969,Petrol Electric,Mild Hybrid Electric Vehicle (MHEV),163,120,0,,,,Euro 6d,False,WLTP,31.7,44.1,49.5,40.3,42.1,0,8.9,6.4,5.7,7,6.7,0,153,0,,,,,347,21,14,,0.10,60,60,68.0,09 October 2024,
VOLVO,"XC40, MY25",B4 Ultra - Bright Theme,8AT-FWD,Automatic,1969,Petrol Electric,Mild Hybrid Electric Vehicle (MHEV),197,145,0,,,,Euro 6d,False,WLTP,31.7,44.1,49.5,40.3,42.1,0,8.9,6.4,5.7,7,6.7,0,153,0,,,,,347,21,14,,0.10,60,60,68.0,09 October 2024,
VOLVO,"XC40, MY25",B3 Ultra Black Edition,8AT-FWD,Automatic,1969,Petrol Electric,Mild Hybrid Electric Vehicle (MHEV),163,120,0,,,,Euro 6d,False,WLTP,31.7,44.1,49.5,40.3,42.1,0,8.9,6.4,5.7,7,6.7,0,153,0,,,,,347,21,14,,0.10,60,60,68.0,09 October 2024,
VOLVO,"XC40, MY25",B4 Ultra Black Edition,8AT-FWD,Automatic,1969,Petrol Electric,Mild Hybrid Electric Vehicle (MHEV),197,145,0,,,,Euro 6d,False,WLTP,31.7,44.1,49.5,40.3,42.1,0,8.9,6.4,5.7,7,6.7,0,153,0,,,,,347,21,14,,0.10,60,60,68.0,09 October 2024,
VOLVO,"XC60, MY23",B4 Plus AWD,8A-AWD,Automatic,1969,Diesel Electric,Mild Hybrid Electric Vehicle (MHEV),197,145,0,,,,Euro 6d,False,WLTP,32.8,40.9,44.1,37.6,39.2,0,8.6,6.9,6.4,7.5,7.2,0,188,,,,,,241,26,42,68,0.42,,,68.0,13 October 2023,
VOLVO,"XC60, MY23",B5 Core AWD,8A-AWD,Automatic,1969,Petrol Electric,Mild Hybrid Electric Vehicle (MHEV),250,184,0,,,,Euro 6d,False,WLTP,23.9,32.8,37.6,31,31.7,0,11.8,8.6,7.5,9.1,8.9,0,202,,,,,,429,14,24,33,,,,69.0,13 October 2023,
VOLVO,"XC60, MY23",B5 Plus AWD,8A-AWD,Automatic,1969,Petrol Electric,Mild Hybrid Electric Vehicle (MHEV),250,184,0,,,,Euro 6d,False,WLTP,25.6,37.6,44.1,36.2,36.6,0,11,7.5,6.4,7.8,7.7,0,176,,,,,,429,14,24,33,,,,69.0,13 October 2023,
VOLVO,"XC60, MY23",B6 Ultimate AWD,8A-AWD,Automatic,1969,Petrol Electric,Mild Hybrid Electric Vehicle (MHEV),300,220,0,,,,Euro 6d,False,WLTP,23.9,35.3,39.7,34,34,0,11.8,8,7.1,8.3,8.3,0,190,,,,,,569,14,24,38,,,,68.0,13 October 2023,
VOLVO,"XC60, MY23",Recharge Plug-in Hybrid T6 Core AWD,8A-AWD,Automatic,1969,Electricity / Petrol,Plug-in Hybrid Electric Vehicle (PHEV),350,257,2.9,212,78,48,Euro 6d,False,WLTP,0,0,0,0,0,100.8,0,0,0,0,0,2.8,64,23,48,78,58,94,677,6,7,13,,,,67.0,09 September 2022,
VOLVO,"XC60, MY23",Recharge Plug-in Hybrid T6 Plus AWD,8A-AWD,Automatic,1969,Electricity / Petrol,Plug-in Hybrid Electric Vehicle (PHEV),350,257,2.9,212,78,48,Euro 6d,False,WLTP,0,0,0,0,0,112.8,0,0,0,0,0,2.5,55,23,48,78,58,94,677,6,7,13,,,,67.0,09 September 2022,
VOLVO,"XC60, MY23",Recharge Plug-in Hybrid T8 Plus AWD,8A-AWD,Automatic,1969,Electricity / Petrol,Plug-in Hybrid Electric Vehicle (PHEV),455,335,2.6,239,78,48,Euro 6d,False,WLTP,0,0,0,0,0,100.8,0,0,0,0,0,2.8,64,23,48,78,58,94,645,6,6,12,,,,67.0,09 September 2022,
VOLVO,"XC60, MY23",Recharge Plug-in Hybrid T8 Ultimate AWD,8A-AWD,Automatic,1969,Electricity / Petrol,Plug-in Hybrid Electric Vehicle (PHEV),455,335,2.6,239,78,48,Euro 6d,False,WLTP,0,0,0,0,0,112.8,0,0,0,0,0,2.5,56,23,48,78,58,94,645,6,6,12,,,,67.0,09 September 2022,
VOLVO,"XC60, MY24",B5 Core,8AT-AWD,Automatic,1969,Petrol Electric,Mild Hybrid Electric Vehicle (MHEV),250,184,0,,,,Euro 6d,False,WLTP,24.3,36.2,42.1,35.7,35.3,0,11.6,7.8,6.7,7.9,8,0,181,0,,,,,389,17,23,,,,,69.0,03 October 2023,
VOLVO,"XC60, MY24",B4 Plus,8AT-AWD,Automatic,1969,Diesel Electric,Mild Hybrid Electric Vehicle (MHEV),197,145,0,,,,Euro 6d,False,WLTP,37.1,42.7,51.3,43.4,44.1,0,7.6,6.6,5.5,6.5,6.4,0,167,0,,,,,241,,31,68,0.28,,,68.0,03 October 2023,
VOLVO,"XC60, MY24",B5 Plus,8AT-AWD,Automatic,1969,Petrol Electric,Mild Hybrid Electric Vehicle (MHEV),250,184,0,,,,Euro 6d,False,WLTP,24.3,36.2,42.1,35.3,35.3,0,11.6,7.8,6.7,8,8,0,182,0,,,,,389,17,23,,,,,69.0,03 October 2023,
VOLVO,"XC60, MY24",B5 Ultimate,8AT-AWD,Automatic,1969,Petrol Electric,Mild Hybrid Electric Vehicle (MHEV),250,184,0,,,,Euro 6d,False,WLTP,24.1,35.3,41.5,34.8,34.8,0,11.7,8,6.8,8.1,8.1,0,185,0,,,,,389,17,23,,,,,69.0,03 October 2023,
VOLVO,"XC60, MY24",Recharge Plug-in Hybrid T6 AWD Plus,8AT-FWD,Automatic,1969,Electricity / Petrol,Plug-in Hybrid Electric Vehicle (PHEV),350,257,3.2,193,77,48,Euro 6d,False,WLTP,0,0,0,0,0,282.1,0,0,0,0,0,1,0,23,48,77,58,94,243,8,8,,,,,68.0,03 October 2023,
VOLVO,"XC60, MY24",Recharge Plug-in Hybrid T8 AWD Ultimate - Dark Theme,8AT-FWD,Automatic,1969,Electricity / Petrol,Plug-in Hybrid Electric Vehicle (PHEV),455,335,3.2,194,77,48,Euro 6d,False,WLTP,0,0,0,0,0,282.1,0,0,0,0,0,1,0,24,48,77,58,94,243,8,8,,,,,68.0,03 October 2023,
VOLVO,"XC60, MY24",Recharge Plug-in Hybrid T8 AWD Ultimate - Bright Theme,8AT-FWD,Automatic,1969,Electricity / Petrol,Plug-in Hybrid Electric Vehicle (PHEV),455,335,3.2,194,77,48,Euro 6d,False,WLTP,0,0,0,0,0,282.1,0,0,0,0,0,1,0,24,48,77,58,94,243,8,8,,,,,68.0,03 October 2023,
VOLVO,"XC60, MY25",Plug-in Hybrid T6 Core - Bright Theme,8AT-AWD,Automatic,1969,Electricity / Petrol,Plug-in Hybrid Electric Vehicle (PHEV),253,186,3.4,181,80,50,Euro 6d,False,WLTP,0,0,0,0,0,313.4,0,0,0,0,0,0.9,0,22,51,82,58,93,124,5,6,,0.12,48,48,68.0,09 October 2024,
VOLVO,"XC60, MY25",B5 Core,8AT-AWD,Automatic,1969,Petrol Electric,Mild Hybrid Electric Vehicle (MHEV),250,184,0,,,,Euro 6d,False,WLTP,25,38.1,43.4,36.6,36.6,0,11.3,7.4,6.5,7.7,7.7,0,175,0,,,,,270,11,11,,0.44,60,60,68.0,09 October 2024,
VOLVO,"XC60, MY25",Plug-in Hybrid T6 Plus - Dark Theme,8AT-AWD,Automatic,1969,Electricity / Petrol,Plug-in Hybrid Electric Vehicle (PHEV),253,186,3.3,184,78,48,Euro 6d,False,WLTP,0,0,0,0,0,282.1,0,0,0,0,0,1,0,23,50,81,57,91,124,5,6,,0.12,48,48,68.0,09 October 2024,
VOLVO,"XC60, MY25",B5 Plus - Dark Theme,8AT-AWD,Automatic,1969,Petrol Electric,Mild Hybrid Electric Vehicle (MHEV),250,184,0,,,,Euro 6d,False,WLTP,25,38.1,43.4,36.2,36.2,0,11.3,7.4,6.5,7.8,7.8,0,176,0,,,,,270,11,11,,0.44,60,60,68.0,09 October 2024,
VOLVO,"XC60, MY25",Plug-in Hybrid T6 Plus Black Edition,8AT-AWD,Automatic,1969,Electricity / Petrol,Plug-in Hybrid Electric Vehicle (PHEV),253,186,3.3,188,76,47,Euro 6d,False,WLTP,0,0,0,0,0,282.1,0,0,0,0,0,1,0,24,49,79,55,89,124,5,6,,0.12,48,48,68.0,09 October 2024,
VOLVO,"XC60, MY25",B5 Plus Black Edition,8AT-AWD,Automatic,1969,Petrol Electric,Mild Hybrid Electric Vehicle (MHEV),250,184,0,,,,Euro 6d,False,WLTP,24.7,37.6,41.5,34.4,35.3,0,11.4,7.5,6.8,8.2,8,0,182,0,,,,,270,11,11,,0.44,60,60,68.0,09 October 2024,
VOLVO,"XC60, MY25",Plug-in Hybrid T8 Ultra - Dark Theme,8AT-AWD,Automatic,1969,Electricity / Petrol,Plug-in Hybrid Electric Vehicle (PHEV),310,228,3.3,185,78,48,Euro 6d,False,WLTP,0,0,0,0,0,282.1,0,0,0,0,0,1,0,23,50,80,57,91,124,5,6,,0.12,48,48,68.0,09 October 2024,
VOLVO,"XC60, MY25",Plug-in Hybrid T8 Ultra - Bright Theme,8AT-AWD,Automatic,1969,Electricity / Petrol,Plug-in Hybrid Electric Vehicle (PHEV),310,228,3.3,185,78,48,Euro 6d,False,WLTP,0,0,0,0,0,282.1,0,0,0,0,0,1,0,23,50,80,57,91,124,5,6,,0.12,48,48,68.0,09 October 2024,
VOLVO,"XC60, MY25",B5 Ultra - Dark theme,8AT-AWD,Automatic,1969,Petrol Electric,Mild Hybrid Electric Vehicle (MHEV),250,184,0,,,,Euro 6d,False,WLTP,24.7,37.6,42.1,35.3,35.7,0,11.4,7.5,6.7,8,7.9,0,179,0,,,,,270,11,11,,0.44,60,60,68.0,09 October 2024,
VOLVO,"XC60, MY25",B5 Ultra - Bright  Theme,8AT-AWD,Automatic,1969,Petrol Electric,Mild Hybrid Electric Vehicle (MHEV),250,184,0,,,,Euro 6d,False,WLTP,24.7,37.6,42.1,35.3,35.7,0,11.4,7.5,6.7,8,7.9,0,179,0,,,,,270,11,11,,0.44,60,60,68.0,09 October 2024,
VOLVO,"XC60, MY25",Plug-in Hybrid T8 Ultra Black Edition,8AT-AWD,Automatic,1969,Electricity / Petrol,Plug-in Hybrid Electric Vehicle (PHEV),310,228,3.2,189,75,47,Euro 6d,False,WLTP,0,0,0,0,0,256.5,0,0,0,0,0,1.1,0,25,48,78,55,88,124,5,6,,0.12,48,48,68.0,09 October 2024,
VOLVO,"XC60, MY25",B5 Ultra Black Edition,8AT-AWD,Automatic,1969,Petrol Electric,Mild Hybrid Electric Vehicle (MHEV),250,184,0,,,,Euro 6d,False,WLTP,24.5,37.1,40.9,34,34.8,0,11.5,7.6,6.9,8.3,8.1,0,184,0,,,,,270,11,11,,0.44,60,60,68.0,09 October 2024,
VOLVO,"XC60, MY26",Plug-in Hybrid T8 AWD Ultra - Dark Theme,8AT-AWD,Automatic,1969,Electricity / Petrol,Plug-in Hybrid Electric Vehicle (PHEV),310,228,3.4,185,,,Euro 6d,False,WLTP,0,0,0,0,0,282.5,0,0,0,0,0,1,0,23,50,80,,,124,5,6,,,48,48,68.0,16 July 2025,
VOLVO,"XC60, MY26",Plug-in Hybrid T8 AWD Ultra - Bright Theme,8AT-AWD,Automatic,1969,Electricity / Petrol,Plug-in Hybrid Electric Vehicle (PHEV),310,228,3.4,185,,,Euro 6d,False,WLTP,0,0,0,0,0,282.1,0,0,0,0,0,1,0,23,50,80,,,124,5,6,,,48,48,68.0,10 June 2025,
VOLVO,"XC90, MY23",B5 Plus AWD,8A-AWD,Automatic,1969,Diesel Electric,Mild Hybrid Electric Vehicle (MHEV),235,173,0,,,,Euro 6d,False,WLTP,34,42.1,48.6,40.9,40.9,0,8.3,6.7,5.8,6.9,6.9,0,180,,,,,,254,28,43,71,0.76,,,68.0,13 October 2023,
VOLVO,"XC90, MY23",B5 Core AWD,8A-AWD,Automatic,1969,Petrol Electric,Mild Hybrid Electric Vehicle (MHEV),250,184,0,,,,Euro 6d,False,WLTP,22.9,34.4,39.7,32.8,32.4,0,12.3,8.2,7.1,8.6,8.7,0,197,,,,,,423,12,29,41,,,,68.0,13 October 2023,
VOLVO,"XC90, MY23",B5 Plus AWD,8A-AWD,Automatic,1969,Petrol Electric,Mild Hybrid Electric Vehicle (MHEV),250,184,0,,,,Euro 6d,False,WLTP,20.6,31,35.3,28.8,29.4,0,13.7,9.1,8,9.8,9.6,0,218,,,,,,423,12,29,41,,,,68.0,13 October 2023,
VOLVO,"XC90, MY23",B5 Ultimate AWD,8A-AWD,Automatic,1969,Petrol Electric,Mild Hybrid Electric Vehicle (MHEV),250,184,0,,,,Euro 6d,False,WLTP,22.9,34.4,39.7,32.8,32.4,0,12.3,8.2,7.1,8.6,8.7,0,197,,,,,,423,12,29,41,,,,68.0,13 October 2023,
VOLVO,"XC90, MY23",Recharge Plug-in Hybrid T8 Core,8A-AWD,Automatic,1969,Electricity / Petrol,Plug-in Hybrid Electric Vehicle (PHEV),455,335,2.7,226,68,42,Euro 6d,False,WLTP,0,0,0,0,0,188.1,0,0,0,0,0,1.5,171,29,73,117,57,92,706,6,9,14,,,,67.0,09 September 2022,
VOLVO,"XC90, MY23",Recharge Plug-in Hybrid T8 Plus,8A-AWD,Automatic,1969,Electricity / Petrol,Plug-in Hybrid Electric Vehicle (PHEV),455,335,2.7,226,68,42,Euro 6d,False,WLTP,0,0,0,0,0,188.1,0,0,0,0,0,1.5,171,29,73,117,57,92,706,6,9,14,,,,67.0,09 September 2022,
VOLVO,"XC90, MY23",Recharge Plug-in Hybrid T8 Ultimate,8A-AWD,Automatic,1969,Electricity / Petrol,Plug-in Hybrid Electric Vehicle (PHEV),455,335,2.7,226,68,42,Euro 6d,False,WLTP,0,0,0,0,0,188.1,0,0,0,0,0,1.5,171,29,73,117,57,92,706,6,9,14,,,,67.0,09 September 2022,
VOLVO,"XC90, MY24",B5 Core,8AT-AWD,Automatic,1969,Petrol Electric,Mild Hybrid Electric Vehicle (MHEV),250,184,0,,,,Euro 6d,False,WLTP,23.5,33.6,38.6,32.1,32.4,0,12,8.4,7.3,8.8,8.7,0,197,0,,,,,451,19,21,,,,,68.0,03 October 2023,
VOLVO,"XC90, MY24",B5 P Plus,8AT-AWD,Automatic,1969,Petrol Electric,Mild Hybrid Electric Vehicle (MHEV),250,184,0,,,,Euro 6d,False,WLTP,23.3,33.2,37.6,31,31.7,0,12.1,8.5,7.5,9.1,8.9,0,202,0,,,,,451,19,21,,,,,68.0,03 October 2023,
VOLVO,"XC90, MY24",B5 D Plus,8AT-AWD,Automatic,1969,Diesel Electric,Mild Hybrid Electric Vehicle (MHEV),235,173,0,,,,Euro 6d,False,WLTP,32.8,40.3,45.5,38.6,39.7,0,8.6,7,6.2,7.3,7.1,0,185,0,,,,,254,,43,71,0.76,,,68.0,03 October 2023,
VOLVO,"XC90, MY24",Recharge Plug-in Hybrid T8 AWD Plus,8AT-FWD,Automatic,1969,Electricity / Petrol,Plug-in Hybrid Electric Vehicle (PHEV),455,335,2.9,210,68,42,Euro 6d,False,WLTP,0,0,0,0,0,217,0,0,0,0,0,1.3,0,30,42,68,55,88,258,7,5,,,,,68.0,03 October 2023,
VOLVO,"XC90, MY24",B6 Ultimate,8AT-AWD,Automatic,1969,Petrol Electric,Mild Hybrid Electric Vehicle (MHEV),300,220,0,,,,Euro 6d,False,WLTP,21.9,31.3,34.8,29.4,30,0,12.9,9,8.1,9.6,9.4,0,214,0,,,,,557,20,27,,,,,68.0,03 October 2023,
VOLVO,"XC90, MY24",Recharge Plug-in Hybrid T8 AWD Ultimate - Dark Theme,8AT-FWD,Automatic,1969,Electricity / Petrol,Plug-in Hybrid Electric Vehicle (PHEV),455,335,2.9,214,67,42,Euro 6d,False,WLTP,0,0,0,0,0,201.5,0,0,0,0,0,1.4,0,31,42,67,54,87,258,7,5,,,,,68.0,03 October 2023,
VOLVO,"XC90, MY24",Recharge Plug-in Hybrid T8 AWD Ultimate - Bright Theme,8AT-FWD,Automatic,1969,Electricity / Petrol,Plug-in Hybrid Electric Vehicle (PHEV),455,335,2.9,214,67,42,Euro 6d,False,WLTP,0,0,0,0,0,201.5,0,0,0,0,0,1.4,0,31,42,67,54,87,258,7,5,,,,,68.0,03 October 2023,
VOLVO,"XC90, MY24",Recharge Plug-in Hybrid T8 AWD Core,8AT-FWD,Automatic,1969,Electricity / Petrol,Plug-in Hybrid Electric Vehicle (PHEV),455,335,3,204,70,43,Euro 6d,False,WLTP,0,0,0,0,0,235.1,0,0,0,0,0,1.2,0,28,43,70,58,93,258,7,5,,,,,68.0,11 October 2023,
VOLVO,"XC90, MY25",Plug-in Hybrid T8 AWD Ultra - Dark Theme,8AT-FWD,Automatic,1969,Electricity / Petrol,Plug-in Hybrid Electric Vehicle (PHEV),455,335,3,202,67,42,Euro 6 EA,False,WLTP,0,0,0,0,0,183,0,0,0,0,0,1.3,12,32,42,68,54,87,258,6,7,,,,,68.0,16 August 2024,
VOLVO,"XC90, MY25",Plug-in Hybrid T8 Core - Bright Theme,8AT-AWD,Automatic,1969,Electricity / Petrol,Plug-in Hybrid Electric Vehicle (PHEV),310,228,3.2,192,72,45,Euro 6d,False,WLTP,0,0,0,0,0,235.1,0,0,0,0,0,1.2,0,29,45,73,55,89,128,6,7,,0.19,48,48,68.0,09 October 2024,
VOLVO,"XC90, MY25",B5 Core,8AT-AWD,Automatic,1969,Petrol Electric,Mild Hybrid Electric Vehicle (MHEV),250,184,0,,,,Euro 6d,False,WLTP,24.1,36.6,40.3,32.1,33.6,0,11.7,7.7,7,8.8,8.4,0,190,0,,,,,279,10,12,,1.94,60,60,68.0,09 October 2024,
VOLVO,"XC90, MY25",Plug-in Hybrid T8 Plus Edition - Dark Theme,8AT-AWD,Automatic,1969,Electricity / Petrol,Plug-in Hybrid Electric Vehicle (PHEV),310,228,3.1,198,70,43,Euro 6d,False,WLTP,0,0,0,0,0,217,0,0,0,0,0,1.3,0,31,44,71,53,85,128,6,7,,0.19,48,48,68.0,09 October 2024,
VOLVO,"XC90, MY25",B5 Plus Edition - Dark Theme,8AT-AWD,Automatic,1969,Petrol Electric,Mild Hybrid Electric Vehicle (MHEV),250,184,0,,,,Euro 6d,False,WLTP,23.9,35.7,39.2,31,32.8,0,11.8,7.9,7.2,9.1,8.6,0,195,0,,,,,279,10,12,,1.94,60,60,68.0,09 October 2024,
VOLVO,"XC90, MY25",Plug-in Hybrid T8 Ultra Edition - Dark Theme,8AT-AWD,Automatic,1969,Electricity / Petrol,Plug-in Hybrid Electric Vehicle (PHEV),310,228,3,202,68,42,Euro 6d,False,WLTP,0,0,0,0,0,217,0,0,0,0,0,1.3,0,32,43,69,51,82,128,6,7,,0.19,48,48,68.0,09 October 2024,
VOLVO,"XC90, MY25",Plug-in Hybrid T8 Ultra Edition - Bright Theme,8AT-AWD,Automatic,1969,Electricity / Petrol,Plug-in Hybrid Electric Vehicle (PHEV),310,228,3,202,68,42,Euro 6d,False,WLTP,0,0,0,0,0,217,0,0,0,0,0,1.3,0,32,43,69,51,82,128,6,7,,0.19,48,48,68.0,09 October 2024,
VOLVO,"XC90, MY25",B5 Ultra Edition - Dark Theme,8AT-AWD,Automatic,1969,Petrol Electric,Mild Hybrid Electric Vehicle (MHEV),250,184,0,,,,Euro 6d,False,WLTP,23.5,34.8,38.1,30.3,32.1,0,12,8.1,7.4,9.3,8.8,0,200,0,,,,,279,10,12,,1.94,60,60,68.0,09 October 2024,
XPENG,G6,RWD Standard Range,N/A,Electric - Not Applicable,0,Electricity,Battery Electric Vehicle (BEV) / Pure Electric Vehicle / Electric Vehicle (EV),258,190,3.5,175,435,270,Euro 6-WLTP (for BEVs only),False,WLTP,0,0,0,0,0,0,0,0,0,0,0,0,0,,0,,362,582,0,0,0,,,,,69.0,12 March 2025,
XPENG,G6,RWD Long Range,N/A,Electric - Not Applicable,0,Electricity,Battery Electric Vehicle (BEV) / Pure Electric Vehicle / Electric Vehicle (EV),286,210,3.5,175,570,354,Euro 6-WLTP (for BEVs only),False,WLTP,0,0,0,0,0,0,0,0,0,0,0,0,0,,0,,480,773,0,0,0,,,,,69.0,12 March 2025,
